,mean_fit_time,mean_score_time,mean_test_score,mean_train_score,param_NN__alpha,param_NN__hidden_layer_sizes,param_ica__n_components,params,rank_test_score,split0_test_score,split0_train_score,split1_test_score,split1_train_score,split2_test_score,split2_train_score,split3_test_score,split3_train_score,split4_test_score,split4_train_score,std_fit_time,std_score_time,std_test_score,std_train_score
0,0.07619681358337402,0.0015958786010742188,0.0,0.0,0.1,"(200,)",2,"{'NN__alpha': 0.1, 'ica__n_components': 2, 'NN__hidden_layer_sizes': (200,)}",7,0.0,0.0,0.0,0.0,0.0,0.0,0.0,0.0,0.0,0.0,0.025061716646111284,0.0004888307377853883,0.0,0.0
1,0.06602287292480469,0.0013968944549560547,0.0,0.0,0.1,"(200,)",3,"{'NN__alpha': 0.1, 'ica__n_components': 3, 'NN__hidden_layer_sizes': (200,)}",7,0.0,0.0,0.0,0.0,0.0,0.0,0.0,0.0,0.0,0.0,0.008611583697307277,0.0004883246244224201,0.0,0.0
2,0.0787888526916504,0.0011967658996582032,0.0,0.0,0.1,"(200,)",4,"{'NN__alpha': 0.1, 'ica__n_components': 4, 'NN__hidden_layer_sizes': (200,)}",7,0.0,0.0,0.0,0.0,0.0,0.0,0.0,0.0,0.0,0.0,0.035843861507641,0.00039892199505124864,0.0,0.0
3,0.1194800853729248,0.0009973526000976562,0.0,0.0,0.1,"(200,)",5,"{'NN__alpha': 0.1, 'ica__n_components': 5, 'NN__hidden_layer_sizes': (200,)}",7,0.0,0.0,0.0,0.0,0.0,0.0,0.0,0.0,0.0,0.0,0.024756108310118888,1.784161275279017e-07,0.0,0.0
4,0.052460861206054685,0.0013962745666503905,0.0,0.0,0.1,"(200,)",6,"{'NN__alpha': 0.1, 'ica__n_components': 6, 'NN__hidden_layer_sizes': (200,)}",7,0.0,0.0,0.0,0.0,0.0,0.0,0.0,0.0,0.0,0.0,0.0028629531841964408,0.0004879548660226854,0.0,0.0
5,0.06821599006652831,0.0015965938568115235,0.0,0.0,0.1,"(200,)",7,"{'NN__alpha': 0.1, 'ica__n_components': 7, 'NN__hidden_layer_sizes': (200,)}",7,0.0,0.0,0.0,0.0,0.0,0.0,0.0,0.0,0.0,0.0,0.00831034067573061,0.0007979991807623866,0.0,0.0
6,0.0784064769744873,0.0009973526000976562,0.0,0.0,0.1,"(200,)",8,"{'NN__alpha': 0.1, 'ica__n_components': 8, 'NN__hidden_layer_sizes': (200,)}",7,0.0,0.0,0.0,0.0,0.0,0.0,0.0,0.0,0.0,0.0,0.01166138930216138,1.784161275279017e-07,0.0,0.0
7,0.06884064674377441,0.00139617919921875,0.0,0.0,0.1,"(200,)",9,"{'NN__alpha': 0.1, 'ica__n_components': 9, 'NN__hidden_layer_sizes': (200,)}",7,0.0,0.0,0.0,0.0,0.0,0.0,0.0,0.0,0.0,0.0,0.012967081684856097,0.0004884219758450349,0.0,0.0
8,0.0685389518737793,0.001600503921508789,0.0,0.0,0.1,"(200,)",10,"{'NN__alpha': 0.1, 'ica__n_components': 10, 'NN__hidden_layer_sizes': (200,)}",7,0.0,0.0,0.0,0.0,0.0,0.0,0.0,0.0,0.0,0.0,0.01332397451875983,0.0004924850718127146,0.0,0.0
9,0.11016860008239746,0.0014029502868652343,0.0,0.0,0.1,"(200,)",11,"{'NN__alpha': 0.1, 'ica__n_components': 11, 'NN__hidden_layer_sizes': (200,)}",7,0.0,0.0,0.0,0.0,0.0,0.0,0.0,0.0,0.0,0.0,0.058362987972576594,0.0004830538246518937,0.0,0.0
10,0.0321232795715332,0.000997447967529297,0.0,0.0,0.1,"(100,)",2,"{'NN__alpha': 0.1, 'ica__n_components': 2, 'NN__hidden_layer_sizes': (100,)}",7,0.0,0.0,0.0,0.0,0.0,0.0,0.0,0.0,0.0,0.0,0.0023083509942133304,2.86102294921875e-07,0.0,0.0
11,0.034706640243530276,0.0009975433349609375,0.0,0.0,0.1,"(100,)",3,"{'NN__alpha': 0.1, 'ica__n_components': 3, 'NN__hidden_layer_sizes': (100,)}",7,0.0,0.0,0.0,0.0,0.0,0.0,0.0,0.0,0.0,0.0,0.0024748962180670864,0.0006311282680723688,0.0,0.0
12,0.06883130073547364,0.0009969711303710938,0.0,0.0,0.1,"(100,)",4,"{'NN__alpha': 0.1, 'ica__n_components': 4, 'NN__hidden_layer_sizes': (100,)}",7,0.0,0.0,0.0,0.0,0.0,0.0,0.0,0.0,0.0,0.0,0.03054538963942793,5.761645304486548e-07,0.0,0.0
13,0.08318934440612794,0.0007981300354003906,0.0,0.0,0.1,"(100,)",5,"{'NN__alpha': 0.1, 'ica__n_components': 5, 'NN__hidden_layer_sizes': (100,)}",7,0.0,0.0,0.0,0.0,0.0,0.0,0.0,0.0,0.0,0.0,0.024020832593015545,0.00039906508892093793,0.0,0.0
14,0.037898826599121097,0.0011968135833740235,0.0,0.0,0.1,"(100,)",6,"{'NN__alpha': 0.1, 'ica__n_components': 6, 'NN__hidden_layer_sizes': (100,)}",7,0.0,0.0,0.0,0.0,0.0,0.0,0.0,0.0,0.0,0.0,0.002274121516661386,0.00039877910071202985,0.0,0.0
15,0.05664749145507812,0.004188966751098633,0.0,0.0,0.1,"(100,)",7,"{'NN__alpha': 0.1, 'ica__n_components': 7, 'NN__hidden_layer_sizes': (100,)}",7,0.0,0.0,0.0,0.0,0.0,0.0,0.0,0.0,0.0,0.0,0.01790114500080453,0.005896640418072968,0.0,0.0
16,0.047073745727539064,0.0011968135833740235,0.0,0.0,0.1,"(100,)",8,"{'NN__alpha': 0.1, 'ica__n_components': 8, 'NN__hidden_layer_sizes': (100,)}",7,0.0,0.0,0.0,0.0,0.0,0.0,0.0,0.0,0.0,0.0,0.006225247565299754,0.0003992557668008213,0.0,0.0
17,0.06263265609741211,0.0009975433349609375,0.0,0.0,0.1,"(100,)",9,"{'NN__alpha': 0.1, 'ica__n_components': 9, 'NN__hidden_layer_sizes': (100,)}",7,0.0,0.0,0.0,0.0,0.0,0.0,0.0,0.0,0.0,0.0,0.01808865174571579,3.015782985847835e-07,0.0,0.0
18,0.047679710388183597,0.0009971141815185546,0.0,0.0,0.1,"(100,)",10,"{'NN__alpha': 0.1, 'ica__n_components': 10, 'NN__hidden_layer_sizes': (100,)}",7,0.0,0.0,0.0,0.0,0.0,0.0,0.0,0.0,0.0,0.0,0.010090723519604702,8.583068847656251e-07,0.0,0.0
19,0.07719297409057617,0.0009975433349609375,0.0,0.0,0.1,"(100,)",11,"{'NN__alpha': 0.1, 'ica__n_components': 11, 'NN__hidden_layer_sizes': (100,)}",7,0.0,0.0,0.0,0.0,0.0,0.0,0.0,0.0,0.0,0.0,0.05089143897320634,1.5078914929239175e-07,0.0,0.0
20,0.033310747146606444,0.0011968135833740235,0.0,0.0,0.1,"(20, 20)",2,"{'NN__alpha': 0.1, 'ica__n_components': 2, 'NN__hidden_layer_sizes': (20, 20)}",7,0.0,0.0,0.0,0.0,0.0,0.0,0.0,0.0,0.0,0.0,0.0058019035388989565,0.00039901736247607795,0.0,0.0
21,0.045677566528320314,0.001197052001953125,0.0,0.0,0.1,"(20, 20)",3,"{'NN__alpha': 0.1, 'ica__n_components': 3, 'NN__hidden_layer_sizes': (20, 20)}",7,0.0,0.0,0.0,0.0,0.0,0.0,0.0,0.0,0.0,0.0,0.015011762831713663,0.0003993750009940374,0.0,0.0
22,0.04728679656982422,0.0010997295379638673,0.0,0.0,0.1,"(20, 20)",4,"{'NN__alpha': 0.1, 'ica__n_components': 4, 'NN__hidden_layer_sizes': (20, 20)}",7,0.0,0.0,0.0,0.0,0.0,0.0,0.0,0.0,0.0,0.0,0.023222334737178697,0.000485585630449891,0.0,0.0
23,0.11319932937622071,0.0075795650482177734,0.0,0.0,0.1,"(20, 20)",5,"{'NN__alpha': 0.1, 'ica__n_components': 5, 'NN__hidden_layer_sizes': (20, 20)}",7,0.0,0.0,0.0,0.0,0.0,0.0,0.0,0.0,0.0,0.0,0.03650686521814663,0.013164639476739577,0.0,0.0
24,0.04119529724121094,0.0015955448150634765,0.0,0.0,0.1,"(20, 20)",6,"{'NN__alpha': 0.1, 'ica__n_components': 6, 'NN__hidden_layer_sizes': (20, 20)}",7,0.0,0.0,0.0,0.0,0.0,0.0,0.0,0.0,0.0,0.0,0.010496769126196723,0.0007979513795224966,0.0,0.0
25,0.04268879890441894,0.0005982398986816406,0.0,0.0,0.1,"(20, 20)",7,"{'NN__alpha': 0.1, 'ica__n_components': 7, 'NN__hidden_layer_sizes': (20, 20)}",7,0.0,0.0,0.0,0.0,0.0,0.0,0.0,0.0,0.0,0.0,0.011365227666148713,0.0004884608551226126,0.0,0.0
26,0.03949437141418457,0.00079803466796875,0.0,0.0,0.1,"(20, 20)",8,"{'NN__alpha': 0.1, 'ica__n_components': 8, 'NN__hidden_layer_sizes': (20, 20)}",7,0.0,0.0,0.0,0.0,0.0,0.0,0.0,0.0,0.0,0.0,0.005732860336687883,0.00039901736247607795,0.0,0.0
27,0.06465826034545899,0.0007964611053466797,0.0,0.0,0.1,"(20, 20)",9,"{'NN__alpha': 0.1, 'ica__n_components': 9, 'NN__hidden_layer_sizes': (20, 20)}",7,0.0,0.0,0.0,0.0,0.0,0.0,0.0,0.0,0.0,0.0,0.030663015638184816,0.0003982365584124728,0.0,0.0
28,0.03638315200805664,0.000997447967529297,0.0,0.0,0.1,"(20, 20)",10,"{'NN__alpha': 0.1, 'ica__n_components': 10, 'NN__hidden_layer_sizes': (20, 20)}",7,0.0,0.0,0.0,0.0,0.0,0.0,0.0,0.0,0.0,0.0,0.0032616121549598177,2.86102294921875e-07,0.0,0.0
29,0.06228837966918945,0.0010983943939208984,0.0,0.0,0.1,"(20, 20)",11,"{'NN__alpha': 0.1, 'ica__n_components': 11, 'NN__hidden_layer_sizes': (20, 20)}",7,0.0,0.0,0.0,0.0,0.0,0.0,0.0,0.0,0.0,0.0,0.04726995694181521,0.00020229824163944566,0.0,0.0
30,0.06546416282653808,0.0003989219665527344,0.0,0.0,0.1,"(20, 5)",2,"{'NN__alpha': 0.1, 'ica__n_components': 2, 'NN__hidden_layer_sizes': (20, 5)}",7,0.0,0.0,0.0,0.0,0.0,0.0,0.0,0.0,0.0,0.0,0.012885778976016114,0.0004885776326209085,0.0,0.0
31,0.038670825958251956,0.001002359390258789,0.0,0.0,0.1,"(20, 5)",3,"{'NN__alpha': 0.1, 'ica__n_components': 3, 'NN__hidden_layer_sizes': (20, 5)}",7,0.0,0.0,0.0,0.0,0.0,0.0,0.0,0.0,0.0,0.0,0.011742384665825402,1.046806902647815e-05,0.0,0.0
32,0.04973621368408203,0.0010001659393310547,0.0,0.0,0.1,"(20, 5)",4,"{'NN__alpha': 0.1, 'ica__n_components': 4, 'NN__hidden_layer_sizes': (20, 5)}",7,0.0,0.0,0.0,0.0,0.0,0.0,0.0,0.0,0.0,0.0,0.028011591151599992,9.552227800642583e-06,0.0,0.0
33,0.13683395385742186,0.0007981300354003906,0.0,0.0,0.1,"(20, 5)",5,"{'NN__alpha': 0.1, 'ica__n_components': 5, 'NN__hidden_layer_sizes': (20, 5)}",7,0.0,0.0,0.0,0.0,0.0,0.0,0.0,0.0,0.0,0.0,0.03383517866894291,0.0003990651458975228,0.0,0.0
34,0.03011913299560547,0.0009976863861083985,0.0,0.0,0.1,"(20, 5)",6,"{'NN__alpha': 0.1, 'ica__n_components': 6, 'NN__hidden_layer_sizes': (20, 5)}",7,0.0,0.0,0.0,0.0,0.0,0.0,0.0,0.0,0.0,0.0,0.0036997175358978573,3.8738433859996607e-07,0.0,0.0
35,0.06482601165771484,0.0005984783172607421,0.0,0.0,0.1,"(20, 5)",7,"{'NN__alpha': 0.1, 'ica__n_components': 7, 'NN__hidden_layer_sizes': (20, 5)}",7,0.0,0.0,0.0,0.0,0.0,0.0,0.0,0.0,0.0,0.0,0.01586973716243331,0.0004886555308230838,0.0,0.0
36,0.037101125717163085,0.0009972572326660157,0.0,0.0,0.1,"(20, 5)",8,"{'NN__alpha': 0.1, 'ica__n_components': 8, 'NN__hidden_layer_sizes': (20, 5)}",7,0.0,0.0,0.0,0.0,0.0,0.0,0.0,0.0,0.0,0.0,0.005863387439417463,2.78041453115716e-07,0.0,0.0
37,0.051331520080566406,0.0009972095489501954,0.0,0.0,0.1,"(20, 5)",9,"{'NN__alpha': 0.1, 'ica__n_components': 9, 'NN__hidden_layer_sizes': (20, 5)}",7,0.0,0.0,0.0,0.0,0.0,0.0,0.0,0.0,0.0,0.0,0.020386483410315688,4.672030911985737e-07,0.0,0.0
38,0.04164977073669433,0.001002359390258789,0.0,0.0,0.1,"(20, 5)",10,"{'NN__alpha': 0.1, 'ica__n_components': 10, 'NN__hidden_layer_sizes': (20, 5)}",7,0.0,0.0,0.0,0.0,0.0,0.0,0.0,0.0,0.0,0.0,0.008877554739990488,0.0006384676189504946,0.0,0.0
39,0.060751724243164065,0.0005980968475341797,0.6666666666666662,0.6666666666666726,0.1,"(20, 5)",11,"{'NN__alpha': 0.1, 'ica__n_components': 11, 'NN__hidden_layer_sizes': (20, 5)}",1,0.6666666666666669,0.6666666666666743,0.666666666666667,0.6666666666666744,0.6666666666666655,0.6666666666666716,0.6666666666666656,0.6666666666666716,0.666666666666666,0.6666666666666716,0.05072284904901882,0.0004883441940357798,6.085468813234239e-16,1.3359632472723714e-15
40,0.07549047470092773,0.0012976646423339844,0.0,0.0,0.01,"(200,)",2,"{'NN__alpha': 0.01, 'ica__n_components': 2, 'NN__hidden_layer_sizes': (200,)}",7,0.0,0.0,0.0,0.0,0.0,0.0,0.0,0.0,0.0,0.0,0.02216667029568149,0.0004007233316884548,0.0,0.0
41,0.05864372253417969,0.0013953208923339843,0.0,0.0,0.01,"(200,)",3,"{'NN__alpha': 0.01, 'ica__n_components': 3, 'NN__hidden_layer_sizes': (200,)}",7,0.0,0.0,0.0,0.0,0.0,0.0,0.0,0.0,0.0,0.0,0.011722097588295224,0.00048785753790526207,0.0,0.0
42,0.07647242546081542,0.000996875762939453,0.0,0.0,0.01,"(200,)",4,"{'NN__alpha': 0.01, 'ica__n_components': 4, 'NN__hidden_layer_sizes': (200,)}",7,0.0,0.0,0.0,0.0,0.0,0.0,0.0,0.0,0.0,0.0,0.018123278917751534,8.714517060516867e-07,0.0,0.0
43,0.08827486038208007,0.001197052001953125,0.0,0.0,0.01,"(200,)",5,"{'NN__alpha': 0.01, 'ica__n_components': 5, 'NN__hidden_layer_sizes': (200,)}",7,0.0,0.0,0.0,0.0,0.0,0.0,0.0,0.0,0.0,0.0,0.02155903525561848,0.0003992561654462676,0.0,0.0
44,0.0751988410949707,0.0015956401824951173,0.0,0.0,0.01,"(200,)",6,"{'NN__alpha': 0.01, 'ica__n_components': 6, 'NN__hidden_layer_sizes': (200,)}",7,0.0,0.0,0.0,0.0,0.0,0.0,0.0,0.0,0.0,0.0,0.031186923601239175,0.0004887335375691333,0.0,0.0
45,0.06323122978210449,0.0011968135833740235,0.0,0.0,0.01,"(200,)",7,"{'NN__alpha': 0.01, 'ica__n_components': 7, 'NN__hidden_layer_sizes': (200,)}",7,0.0,0.0,0.0,0.0,0.0,0.0,0.0,0.0,0.0,0.0,0.006389334542481306,0.0003990175334262532,0.0,0.0
46,0.06662163734436036,0.0011970043182373048,0.0,0.0,0.01,"(200,)",8,"{'NN__alpha': 0.01, 'ica__n_components': 8, 'NN__hidden_layer_sizes': (200,)}",7,0.0,0.0,0.0,0.0,0.0,0.0,0.0,0.0,0.0,0.0,0.01780007456488069,0.0003991604563355624,0.0,0.0
47,0.09674105644226075,0.000997161865234375,0.0,0.0,0.01,"(200,)",9,"{'NN__alpha': 0.01, 'ica__n_components': 9, 'NN__hidden_layer_sizes': (200,)}",7,0.0,0.0,0.0,0.0,0.0,0.0,0.0,0.0,0.0,0.0,0.03679620075913251,3.2340669551493016e-07,0.0,0.0
48,0.07599663734436035,0.000997018814086914,0.0,0.0,0.01,"(200,)",10,"{'NN__alpha': 0.01, 'ica__n_components': 10, 'NN__hidden_layer_sizes': (200,)}",7,0.0,0.0,0.0,0.0,0.0,0.0,0.0,0.0,0.0,0.0,0.037408399248796444,4.1019083342755444e-07,0.0,0.0
49,0.0959700584411621,0.0010981559753417969,0.0,0.0,0.01,"(200,)",11,"{'NN__alpha': 0.01, 'ica__n_components': 11, 'NN__hidden_layer_sizes': (200,)}",7,0.0,0.0,0.0,0.0,0.0,0.0,0.0,0.0,0.0,0.0,0.04656773620741706,0.00020134456768903936,0.0,0.0
50,0.03459401130676269,0.004993057250976563,0.0,0.0,0.01,"(100,)",2,"{'NN__alpha': 0.01, 'ica__n_components': 2, 'NN__hidden_layer_sizes': (100,)}",7,0.0,0.0,0.0,0.0,0.0,0.0,0.0,0.0,0.0,0.0,0.002859019306646776,0.006192970090469155,0.0,0.0
51,0.035677337646484376,0.0016015529632568359,0.0,0.0,0.01,"(100,)",3,"{'NN__alpha': 0.01, 'ica__n_components': 3, 'NN__hidden_layer_sizes': (100,)}",7,0.0,0.0,0.0,0.0,0.0,0.0,0.0,0.0,0.0,0.0,0.004142193236653853,0.0005766149978881199,0.0,0.0
52,0.05801033973693848,0.002004384994506836,0.0,0.0,0.01,"(100,)",4,"{'NN__alpha': 0.01, 'ica__n_components': 4, 'NN__hidden_layer_sizes': (100,)}",7,0.0,0.0,0.0,0.0,0.0,0.0,0.0,0.0,0.0,0.0,0.01758659239712273,0.001547442536921434,0.0,0.0
53,0.10194649696350097,0.0007977962493896484,0.0,0.0,0.01,"(100,)",5,"{'NN__alpha': 0.01, 'ica__n_components': 5, 'NN__hidden_layer_sizes': (100,)}",7,0.0,0.0,0.0,0.0,0.0,0.0,0.0,0.0,0.0,0.0,0.04138371759890471,0.00039889819238283776,0.0,0.0
54,0.039308786392211914,0.0009973526000976562,0.0,0.0,0.01,"(100,)",6,"{'NN__alpha': 0.01, 'ica__n_components': 6, 'NN__hidden_layer_sizes': (100,)}",7,0.0,0.0,0.0,0.0,0.0,0.0,0.0,0.0,0.0,0.0,0.004004176010989589,6.641573084442196e-07,0.0,0.0
55,0.04323840141296387,0.0007015705108642578,0.0,0.0,0.01,"(100,)",7,"{'NN__alpha': 0.01, 'ica__n_components': 7, 'NN__hidden_layer_sizes': (100,)}",7,0.0,0.0,0.0,0.0,0.0,0.0,0.0,0.0,0.0,0.0,0.0037822168757825,0.00039724996002603124,0.0,0.0
56,0.06902589797973632,0.000997304916381836,0.0,0.0,0.01,"(100,)",8,"{'NN__alpha': 0.01, 'ica__n_components': 8, 'NN__hidden_layer_sizes': (100,)}",7,0.0,0.0,0.0,0.0,0.0,0.0,0.0,0.0,0.0,0.0,0.024247217691518018,4.76837158203125e-07,0.0,0.0
57,0.05325751304626465,0.0009979724884033204,0.0,0.0,0.01,"(100,)",9,"{'NN__alpha': 0.01, 'ica__n_components': 9, 'NN__hidden_layer_sizes': (100,)}",7,0.0,0.0,0.0,0.0,0.0,0.0,0.0,0.0,0.0,0.0,0.013419156251587485,8.714517060516866e-07,0.0,0.0
58,0.047273778915405275,0.0011967658996582032,0.0,0.0,0.01,"(100,)",10,"{'NN__alpha': 0.01, 'ica__n_components': 10, 'NN__hidden_layer_sizes': (100,)}",7,0.0,0.0,0.0,0.0,0.0,0.0,0.0,0.0,0.0,0.0,0.006512231660594464,0.00039904130048602304,0.0,0.0
59,0.06343131065368653,0.000997304916381836,0.0,0.0,0.01,"(100,)",11,"{'NN__alpha': 0.01, 'ica__n_components': 11, 'NN__hidden_layer_sizes': (100,)}",7,0.0,0.0,0.0,0.0,0.0,0.0,0.0,0.0,0.0,0.0,0.023384846523530525,4.523674478771752e-07,0.0,0.0
60,0.03470697402954102,0.0007981300354003906,0.0,0.0,0.01,"(20, 20)",2,"{'NN__alpha': 0.01, 'ica__n_components': 2, 'NN__hidden_layer_sizes': (20, 20)}",7,0.0,0.0,0.0,0.0,0.0,0.0,0.0,0.0,0.0,0.0,0.006475545968825243,0.00039906540229205415,0.0,0.0
61,0.029919958114624022,0.0009974002838134765,0.0,0.0,0.01,"(20, 20)",3,"{'NN__alpha': 0.01, 'ica__n_components': 3, 'NN__hidden_layer_sizes': (20, 20)}",7,0.0,0.0,0.0,0.0,0.0,0.0,0.0,0.0,0.0,0.0,0.0014104696815330118,0.0006309773096256528,0.0,0.0
62,0.04128880500793457,0.000997447967529297,0.0,0.0,0.01,"(20, 20)",4,"{'NN__alpha': 0.01, 'ica__n_components': 4, 'NN__hidden_layer_sizes': (20, 20)}",7,0.0,0.0,0.0,0.0,0.0,0.0,0.0,0.0,0.0,0.0,0.018793187795542877,2.431401974483864e-07,0.0,0.0
63,0.09737482070922851,0.000997304916381836,0.0,0.0,0.01,"(20, 20)",5,"{'NN__alpha': 0.01, 'ica__n_components': 5, 'NN__hidden_layer_sizes': (20, 20)}",7,0.0,0.0,0.0,0.0,0.0,0.0,0.0,0.0,0.0,0.0,0.04144813925609043,5.223489356090222e-07,0.0,0.0
64,0.03256831169128418,0.0010040283203125,0.0,0.0,0.01,"(20, 20)",6,"{'NN__alpha': 0.01, 'ica__n_components': 6, 'NN__hidden_layer_sizes': (20, 20)}",7,0.0,0.0,0.0,0.0,0.0,0.0,0.0,0.0,0.0,0.0,0.002057111089431281,1.2885548213237407e-05,0.0,0.0
65,0.04852132797241211,0.0009975910186767578,0.0,0.0,0.01,"(20, 20)",7,"{'NN__alpha': 0.01, 'ica__n_components': 7, 'NN__hidden_layer_sizes': (20, 20)}",7,0.0,0.0,0.0,0.0,0.0,0.0,0.0,0.0,0.0,0.0,0.014841324828456966,7.136645101116069e-07,0.0,0.0
66,0.05262413024902344,0.000995635986328125,0.0,0.0,0.01,"(20, 20)",8,"{'NN__alpha': 0.01, 'ica__n_components': 8, 'NN__hidden_layer_sizes': (20, 20)}",7,0.0,0.0,0.0,0.0,0.0,0.0,0.0,0.0,0.0,0.0,0.028923444137895393,3.22350383399116e-06,0.0,0.0
67,0.045748662948608396,0.0010015487670898438,0.0,0.0,0.01,"(20, 20)",9,"{'NN__alpha': 0.01, 'ica__n_components': 9, 'NN__hidden_layer_sizes': (20, 20)}",7,0.0,0.0,0.0,0.0,0.0,0.0,0.0,0.0,0.0,0.0,0.012531747652699408,8.020792213360728e-06,0.0,0.0
68,0.046966266632080075,0.0007979869842529297,0.0,0.0,0.01,"(20, 20)",10,"{'NN__alpha': 0.01, 'ica__n_components': 10, 'NN__hidden_layer_sizes': (20, 20)}",7,0.0,0.0,0.0,0.0,0.0,0.0,0.0,0.0,0.0,0.0,0.005012701303962889,0.0003989935882917003,0.0,0.0
69,0.07033629417419433,0.001001596450805664,0.0,0.0,0.01,"(20, 20)",11,"{'NN__alpha': 0.01, 'ica__n_components': 11, 'NN__hidden_layer_sizes': (20, 20)}",7,0.0,0.0,0.0,0.0,0.0,0.0,0.0,0.0,0.0,0.0,0.04803308236610972,1.0028328706646066e-05,0.0,0.0
70,0.08653821945190429,0.000997161865234375,0.0,0.0,0.01,"(20, 5)",2,"{'NN__alpha': 0.01, 'ica__n_components': 2, 'NN__hidden_layer_sizes': (20, 5)}",7,0.0,0.0,0.0,0.0,0.0,0.0,0.0,0.0,0.0,0.0,0.028142058150980875,2.431401974483864e-07,0.0,0.0
71,0.03639264106750488,0.000797891616821289,0.0,0.0,0.01,"(20, 5)",3,"{'NN__alpha': 0.01, 'ica__n_components': 3, 'NN__hidden_layer_sizes': (20, 5)}",7,0.0,0.0,0.0,0.0,0.0,0.0,0.0,0.0,0.0,0.0,0.00990727886145358,0.00039894593308417833,0.0,0.0
72,0.037304115295410153,0.0009973526000976562,0.0,0.0,0.01,"(20, 5)",4,"{'NN__alpha': 0.01, 'ica__n_components': 4, 'NN__hidden_layer_sizes': (20, 5)}",7,0.0,0.0,0.0,0.0,0.0,0.0,0.0,0.0,0.0,0.0,0.018319013234794963,3.814697265625e-07,0.0,0.0
73,0.09873557090759277,0.0005986213684082032,0.0,0.0,0.01,"(20, 5)",5,"{'NN__alpha': 0.01, 'ica__n_components': 5, 'NN__hidden_layer_sizes': (20, 5)}",7,0.0,0.0,0.0,0.0,0.0,0.0,0.0,0.0,0.0,0.0,0.02451837398789386,0.0004887723548481414,0.0,0.0
74,0.030718135833740234,0.000997161865234375,0.0,0.0,0.01,"(20, 5)",6,"{'NN__alpha': 0.01, 'ica__n_components': 6, 'NN__hidden_layer_sizes': (20, 5)}",7,0.0,0.0,0.0,0.0,0.0,0.0,0.0,0.0,0.0,0.0,0.004107278101594414,1.9073486328125e-07,0.0,0.0
75,0.09276561737060547,0.0009973526000976562,0.0,0.0,0.01,"(20, 5)",7,"{'NN__alpha': 0.01, 'ica__n_components': 7, 'NN__hidden_layer_sizes': (20, 5)}",7,0.0,0.0,0.0,0.0,0.0,0.0,0.0,0.0,0.0,0.0,0.03022266392389325,2.3360154559928684e-07,0.0,0.0
76,0.04128994941711426,0.0019946575164794924,0.0,0.0,0.01,"(20, 5)",8,"{'NN__alpha': 0.01, 'ica__n_components': 8, 'NN__hidden_layer_sizes': (20, 5)}",7,0.0,0.0,0.0,0.0,0.0,0.0,0.0,0.0,0.0,0.0,0.005262288554400602,0.0020919871864883387,0.0,0.0
77,0.044679689407348636,0.0005985736846923828,0.0,0.0,0.01,"(20, 5)",9,"{'NN__alpha': 0.01, 'ica__n_components': 9, 'NN__hidden_layer_sizes': (20, 5)}",7,0.0,0.0,0.0,0.0,0.0,0.0,0.0,0.0,0.0,0.0,0.013490168131964204,0.0004887334212615316,0.0,0.0
78,0.05788974761962891,0.0007979393005371094,0.0,0.0,0.01,"(20, 5)",10,"{'NN__alpha': 0.01, 'ica__n_components': 10, 'NN__hidden_layer_sizes': (20, 5)}",7,0.0,0.0,0.0,0.0,0.0,0.0,0.0,0.0,0.0,0.0,0.03048812218183116,0.00039896966451610907,0.0,0.0
79,0.0712172508239746,0.0011970043182373048,0.6666666666666662,0.6666666666666726,0.01,"(20, 5)",11,"{'NN__alpha': 0.01, 'ica__n_components': 11, 'NN__hidden_layer_sizes': (20, 5)}",1,0.6666666666666669,0.6666666666666743,0.666666666666667,0.6666666666666744,0.6666666666666655,0.6666666666666716,0.6666666666666656,0.6666666666666716,0.666666666666666,0.6666666666666716,0.03893927866129736,0.0003990412435060334,6.085468813234239e-16,1.3359632472723714e-15
80,0.06524891853332519,0.0009975910186767578,0.0,0.0,0.001,"(200,)",2,"{'NN__alpha': 0.001, 'ica__n_components': 2, 'NN__hidden_layer_sizes': (200,)}",7,0.0,0.0,0.0,0.0,0.0,0.0,0.0,0.0,0.0,0.0,0.008694435216433045,3.814697265625e-07,0.0,0.0
81,0.07380213737487792,0.0027923583984375,0.0,0.0,0.001,"(200,)",3,"{'NN__alpha': 0.001, 'ica__n_components': 3, 'NN__hidden_layer_sizes': (200,)}",7,0.0,0.0,0.0,0.0,0.0,0.0,0.0,0.0,0.0,0.0,0.024568383433853692,0.0017157618276195897,0.0,0.0
82,0.09334640502929688,0.0015958309173583984,0.0,0.0,0.001,"(200,)",4,"{'NN__alpha': 0.001, 'ica__n_components': 4, 'NN__hidden_layer_sizes': (200,)}",7,0.0,0.0,0.0,0.0,0.0,0.0,0.0,0.0,0.0,0.0,0.03993964412377048,0.0004884998197418876,0.0,0.0
83,0.11070389747619629,0.001396322250366211,0.0,0.0,0.001,"(200,)",5,"{'NN__alpha': 0.001, 'ica__n_components': 5, 'NN__hidden_layer_sizes': (200,)}",7,0.0,0.0,0.0,0.0,0.0,0.0,0.0,0.0,0.0,0.0,0.031138239097136294,0.0004885973922054538,0.0,0.0
84,0.07838916778564453,0.0013964176177978516,0.0,0.0,0.001,"(200,)",6,"{'NN__alpha': 0.001, 'ica__n_components': 6, 'NN__hidden_layer_sizes': (200,)}",7,0.0,0.0,0.0,0.0,0.0,0.0,0.0,0.0,0.0,0.0,0.030306529061496352,0.0004885192613241603,0.0,0.0
85,0.10055408477783204,0.009875106811523437,0.0,0.0,0.001,"(200,)",7,"{'NN__alpha': 0.001, 'ica__n_components': 7, 'NN__hidden_layer_sizes': (200,)}",7,0.0,0.0,0.0,0.0,0.0,0.0,0.0,0.0,0.0,0.0,0.030597181158548523,0.017754054120346266,0.0,0.0
86,0.06542606353759765,0.0013957500457763671,0.0,0.0,0.001,"(200,)",8,"{'NN__alpha': 0.001, 'ica__n_components': 8, 'NN__hidden_layer_sizes': (200,)}",7,0.0,0.0,0.0,0.0,0.0,0.0,0.0,0.0,0.0,0.0,0.005592256278337199,0.0004887725409254673,0.0,0.0
87,0.07160863876342774,0.001197052001953125,0.0,0.0,0.001,"(200,)",9,"{'NN__alpha': 0.001, 'ica__n_components': 9, 'NN__hidden_layer_sizes': (200,)}",7,0.0,0.0,0.0,0.0,0.0,0.0,0.0,0.0,0.0,0.0,0.02647217551997042,0.0003987790722033037,0.0,0.0
88,0.07080988883972168,0.0017952919006347656,0.0,0.0,0.001,"(200,)",10,"{'NN__alpha': 0.001, 'ica__n_components': 10, 'NN__hidden_layer_sizes': (200,)}",7,0.0,0.0,0.0,0.0,0.0,0.0,0.0,0.0,0.0,0.0,0.02123189976817162,0.0011631537484526227,0.0,0.0
89,0.09913511276245117,0.0011965274810791016,0.0,0.0,0.001,"(200,)",11,"{'NN__alpha': 0.001, 'ica__n_components': 11, 'NN__hidden_layer_sizes': (200,)}",7,0.0,0.0,0.0,0.0,0.0,0.0,0.0,0.0,0.0,0.0,0.04522413536141589,0.00039916131077928976,0.0,0.0
90,0.03263592720031738,0.0034920692443847655,0.0,0.0,0.001,"(100,)",2,"{'NN__alpha': 0.001, 'ica__n_components': 2, 'NN__hidden_layer_sizes': (100,)}",7,0.0,0.0,0.0,0.0,0.0,0.0,0.0,0.0,0.0,0.0,0.0017571810494777203,0.0031217695178173037,0.0,0.0
91,0.03173046112060547,0.0011971950531005859,0.0,0.0,0.001,"(100,)",3,"{'NN__alpha': 0.001, 'ica__n_components': 3, 'NN__hidden_layer_sizes': (100,)}",7,0.0,0.0,0.0,0.0,0.0,0.0,0.0,0.0,0.0,0.0,0.00232952297076382,0.0003993035786357195,0.0,0.0
92,0.05899291038513184,0.0013965606689453126,0.0,0.0,0.001,"(100,)",4,"{'NN__alpha': 0.001, 'ica__n_components': 4, 'NN__hidden_layer_sizes': (100,)}",7,0.0,0.0,0.0,0.0,0.0,0.0,0.0,0.0,0.0,0.0,0.02395658629988668,0.0007983923154166744,0.0,0.0
93,0.09138021469116211,0.0009976863861083985,0.0,0.0,0.001,"(100,)",5,"{'NN__alpha': 0.001, 'ica__n_components': 5, 'NN__hidden_layer_sizes': (100,)}",7,0.0,0.0,0.0,0.0,0.0,0.0,0.0,0.0,0.0,0.0,0.03635759001547876,3.568322550558034e-07,0.0,0.0
94,0.0662447452545166,0.0009051799774169922,0.0,0.0,0.001,"(100,)",6,"{'NN__alpha': 0.001, 'ica__n_components': 6, 'NN__hidden_layer_sizes': (100,)}",7,0.0,0.0,0.0,0.0,0.0,0.0,0.0,0.0,0.0,0.0,0.022910770544941277,0.00019763698587369863,0.0,0.0
95,0.06047053337097168,0.0009978771209716796,0.0,0.0,0.001,"(100,)",7,"{'NN__alpha': 0.001, 'ica__n_components': 7, 'NN__hidden_layer_sizes': (100,)}",7,0.0,0.0,0.0,0.0,0.0,0.0,0.0,0.0,0.0,0.0,0.024129275602456566,4.90933901833868e-07,0.0,0.0
96,0.06658873558044434,0.0009956836700439453,0.0,0.0,0.001,"(100,)",8,"{'NN__alpha': 0.001, 'ica__n_components': 8, 'NN__hidden_layer_sizes': (100,)}",7,0.0,0.0,0.0,0.0,0.0,0.0,0.0,0.0,0.0,0.0,0.028101040038222294,3.1391678982987957e-06,0.0,0.0
97,0.0533111572265625,0.0009974002838134765,0.0,0.0,0.001,"(100,)",9,"{'NN__alpha': 0.001, 'ica__n_components': 9, 'NN__hidden_layer_sizes': (100,)}",7,0.0,0.0,0.0,0.0,0.0,0.0,0.0,0.0,0.0,0.0,0.009935716371151572,0.0006306004675263433,0.0,0.0
98,0.05547246932983398,0.000997447967529297,0.0,0.0,0.001,"(100,)",10,"{'NN__alpha': 0.001, 'ica__n_components': 10, 'NN__hidden_layer_sizes': (100,)}",7,0.0,0.0,0.0,0.0,0.0,0.0,0.0,0.0,0.0,0.0,0.01660572637890934,3.2340669551493016e-07,0.0,0.0
99,0.0842292308807373,0.0008973121643066406,0.0,0.0,0.001,"(100,)",11,"{'NN__alpha': 0.001, 'ica__n_components': 11, 'NN__hidden_layer_sizes': (100,)}",7,0.0,0.0,0.0,0.0,0.0,0.0,0.0,0.0,0.0,0.0,0.05679563111264015,0.00019309688959025841,0.0,0.0
100,0.04405508041381836,0.005094385147094727,0.0,0.0,0.001,"(20, 20)",2,"{'NN__alpha': 0.001, 'ica__n_components': 2, 'NN__hidden_layer_sizes': (20, 20)}",7,0.0,0.0,0.0,0.0,0.0,0.0,0.0,0.0,0.0,0.0,0.025344163205386027,0.008943852673278473,0.0,0.0
101,0.045732736587524414,0.003284263610839844,0.0,0.0,0.001,"(20, 20)",3,"{'NN__alpha': 0.001, 'ica__n_components': 3, 'NN__hidden_layer_sizes': (20, 20)}",7,0.0,0.0,0.0,0.0,0.0,0.0,0.0,0.0,0.0,0.0,0.01568176253537426,0.003857969715484484,0.0,0.0
102,0.04308452606201172,0.0015958309173583984,0.0,0.0,0.001,"(20, 20)",4,"{'NN__alpha': 0.001, 'ica__n_components': 4, 'NN__hidden_layer_sizes': (20, 20)}",7,0.0,0.0,0.0,0.0,0.0,0.0,0.0,0.0,0.0,0.0,0.01708166412479057,0.0007978558767438385,0.0,0.0
103,0.08736581802368164,0.000797891616821289,0.0,0.0,0.001,"(20, 20)",5,"{'NN__alpha': 0.001, 'ica__n_components': 5, 'NN__hidden_layer_sizes': (20, 20)}",7,0.0,0.0,0.0,0.0,0.0,0.0,0.0,0.0,0.0,0.0,0.02768621896103443,0.00039894584759375934,0.0,0.0
104,0.03650236129760742,0.001396322250366211,0.0,0.0,0.001,"(20, 20)",6,"{'NN__alpha': 0.001, 'ica__n_components': 6, 'NN__hidden_layer_sizes': (20, 20)}",7,0.0,0.0,0.0,0.0,0.0,0.0,0.0,0.0,0.0,0.0,0.0070403429179056246,0.0007979154640221918,0.0,0.0
105,0.04607653617858887,0.001994800567626953,0.0,0.0,0.001,"(20, 20)",7,"{'NN__alpha': 0.001, 'ica__n_components': 7, 'NN__hidden_layer_sizes': (20, 20)}",7,0.0,0.0,0.0,0.0,0.0,0.0,0.0,0.0,0.0,0.0,0.010197837488177685,0.0019946337280556587,0.0,0.0
106,0.05046529769897461,0.0009972572326660157,0.0,0.0,0.001,"(20, 20)",8,"{'NN__alpha': 0.001, 'ica__n_components': 8, 'NN__hidden_layer_sizes': (20, 20)}",7,0.0,0.0,0.0,0.0,0.0,0.0,0.0,0.0,0.0,0.0,0.008189995574076332,4.862803948967729e-07,0.0,0.0
107,0.058243751525878906,0.0025930881500244142,0.0,0.0,0.001,"(20, 20)",9,"{'NN__alpha': 0.001, 'ica__n_components': 9, 'NN__hidden_layer_sizes': (20, 20)}",7,0.0,0.0,0.0,0.0,0.0,0.0,0.0,0.0,0.0,0.0,0.019549587167271926,0.003710609199784782,0.0,0.0
108,0.0618342399597168,0.0007979869842529297,0.0,0.0,0.001,"(20, 20)",10,"{'NN__alpha': 0.001, 'ica__n_components': 10, 'NN__hidden_layer_sizes': (20, 20)}",7,0.0,0.0,0.0,0.0,0.0,0.0,0.0,0.0,0.0,0.0,0.024068090628497404,0.00039899370226528265,0.0,0.0
109,0.0585442066192627,0.0007978439331054688,0.0,0.0,0.001,"(20, 20)",11,"{'NN__alpha': 0.001, 'ica__n_components': 11, 'NN__hidden_layer_sizes': (20, 20)}",7,0.0,0.0,0.0,0.0,0.0,0.0,0.0,0.0,0.0,0.0,0.03149527061645512,0.0003989219950512487,0.0,0.0
110,0.06243710517883301,0.0007979393005371094,0.0,0.0,0.001,"(20, 5)",2,"{'NN__alpha': 0.001, 'ica__n_components': 2, 'NN__hidden_layer_sizes': (20, 5)}",7,0.0,0.0,0.0,0.0,0.0,0.0,0.0,0.0,0.0,0.0,0.017459188580444825,0.00039896966451610907,0.0,0.0
111,0.026329612731933592,0.0007977962493896484,0.0,0.0,0.001,"(20, 5)",3,"{'NN__alpha': 0.001, 'ica__n_components': 3, 'NN__hidden_layer_sizes': (20, 5)}",7,0.0,0.0,0.0,0.0,0.0,0.0,0.0,0.0,0.0,0.0,0.0018498433744336767,0.00039889816388262293,0.0,0.0
112,0.04189434051513672,0.0021939754486083986,0.0,0.0,0.001,"(20, 5)",4,"{'NN__alpha': 0.001, 'ica__n_components': 4, 'NN__hidden_layer_sizes': (20, 5)}",7,0.0,0.0,0.0,0.0,0.0,0.0,0.0,0.0,0.0,0.0,0.018222352145172767,0.0023938179728491002,0.0,0.0
113,0.11753392219543457,0.0007976055145263672,0.0,0.0,0.001,"(20, 5)",5,"{'NN__alpha': 0.001, 'ica__n_components': 5, 'NN__hidden_layer_sizes': (20, 5)}",7,0.0,0.0,0.0,0.0,0.0,0.0,0.0,0.0,0.0,0.0,0.018889977140115408,0.00039880276795332124,0.0,0.0
114,0.03951115608215332,0.0009974002838134765,0.0,0.0,0.001,"(20, 5)",6,"{'NN__alpha': 0.001, 'ica__n_components': 6, 'NN__hidden_layer_sizes': (20, 5)}",7,0.0,0.0,0.0,0.0,0.0,0.0,0.0,0.0,0.0,0.0,0.015610956301193675,4.156969970265077e-07,0.0,0.0
115,0.08572406768798828,0.0007007122039794922,0.0,0.0,0.001,"(20, 5)",7,"{'NN__alpha': 0.001, 'ica__n_components': 7, 'NN__hidden_layer_sizes': (20, 5)}",7,0.0,0.0,0.0,0.0,0.0,0.0,0.0,0.0,0.0,0.0,0.025788141701559037,0.00039765445923574746,0.0,0.0
116,0.03789787292480469,0.0005983829498291016,0.0,0.0,0.001,"(20, 5)",8,"{'NN__alpha': 0.001, 'ica__n_components': 8, 'NN__hidden_layer_sizes': (20, 5)}",7,0.0,0.0,0.0,0.0,0.0,0.0,0.0,0.0,0.0,0.0,0.007596036976834802,0.0004885776558898482,0.0,0.0
117,0.03889622688293457,0.0011968612670898438,0.0,0.0,0.001,"(20, 5)",9,"{'NN__alpha': 0.001, 'ica__n_components': 9, 'NN__hidden_layer_sizes': (20, 5)}",7,0.0,0.0,0.0,0.0,0.0,0.0,0.0,0.0,0.0,0.0,0.009607238932766675,0.00039851675124856175,0.0,0.0
118,0.03231339454650879,0.0007982254028320312,0.0,0.0,0.001,"(20, 5)",10,"{'NN__alpha': 0.001, 'ica__n_components': 10, 'NN__hidden_layer_sizes': (20, 5)}",7,0.0,0.0,0.0,0.0,0.0,0.0,0.0,0.0,0.0,0.0,0.004574253554166054,0.00039911290081023746,0.0,0.0
119,0.060437679290771484,0.00079803466796875,0.6666666666666662,0.6666666666666726,0.001,"(20, 5)",11,"{'NN__alpha': 0.001, 'ica__n_components': 11, 'NN__hidden_layer_sizes': (20, 5)}",1,0.6666666666666669,0.6666666666666743,0.666666666666667,0.6666666666666744,0.6666666666666655,0.6666666666666716,0.6666666666666656,0.6666666666666716,0.666666666666666,0.6666666666666716,0.037606604443100176,0.000399017390967779,6.085468813234239e-16,1.3359632472723714e-15
120,0.05624899864196777,0.0011967658996582032,0.0,0.0,0.0001,"(200,)",2,"{'NN__alpha': 0.0001, 'ica__n_components': 2, 'NN__hidden_layer_sizes': (200,)}",7,0.0,0.0,0.0,0.0,0.0,0.0,0.0,0.0,0.0,0.0,0.01532880313668679,0.00039892199505124864,0.0,0.0
121,0.0724057674407959,0.0009975433349609375,0.0,0.0,0.0001,"(200,)",3,"{'NN__alpha': 0.0001, 'ica__n_components': 3, 'NN__hidden_layer_sizes': (200,)}",7,0.0,0.0,0.0,0.0,0.0,0.0,0.0,0.0,0.0,0.0,0.021764519911209042,5.001110306597479e-07,0.0,0.0
122,0.08237881660461426,0.0009974956512451172,0.0,0.0,0.0001,"(200,)",4,"{'NN__alpha': 0.0001, 'ica__n_components': 4, 'NN__hidden_layer_sizes': (200,)}",7,0.0,0.0,0.0,0.0,0.0,0.0,0.0,0.0,0.0,0.0,0.036001466158813375,1.784161275279017e-07,0.0,0.0
123,0.1183398723602295,0.0011968135833740235,0.0,0.0,0.0001,"(200,)",5,"{'NN__alpha': 0.0001, 'ica__n_components': 5, 'NN__hidden_layer_sizes': (200,)}",7,0.0,0.0,0.0,0.0,0.0,0.0,0.0,0.0,0.0,0.0,0.035153971683372844,0.0003988983348838814,0.0,0.0
124,0.057313060760498045,0.0011962413787841796,0.0,0.0,0.0001,"(200,)",6,"{'NN__alpha': 0.0001, 'ica__n_components': 6, 'NN__hidden_layer_sizes': (200,)}",7,0.0,0.0,0.0,0.0,0.0,0.0,0.0,0.0,0.0,0.0,0.014502545061077333,0.0003991852914205546,0.0,0.0
125,0.08727011680603028,0.0013000011444091798,0.0,0.0,0.0001,"(200,)",7,"{'NN__alpha': 0.0001, 'ica__n_components': 7, 'NN__hidden_layer_sizes': (200,)}",7,0.0,0.0,0.0,0.0,0.0,0.0,0.0,0.0,0.0,0.0,0.021814235927396387,0.0005943268499189296,0.0,0.0
126,0.07058992385864257,0.0013960838317871095,0.0,0.0,0.0001,"(200,)",8,"{'NN__alpha': 0.0001, 'ica__n_components': 8, 'NN__hidden_layer_sizes': (200,)}",7,0.0,0.0,0.0,0.0,0.0,0.0,0.0,0.0,0.0,0.0,0.02434220360201722,0.0004886944799204637,0.0,0.0
127,0.07785353660583497,0.0010999202728271484,0.0,0.0,0.0001,"(200,)",9,"{'NN__alpha': 0.0001, 'ica__n_components': 9, 'NN__hidden_layer_sizes': (200,)}",7,0.0,0.0,0.0,0.0,0.0,0.0,0.0,0.0,0.0,0.0,0.026345361950851826,0.00048618080476057774,0.0,0.0
128,0.057351875305175784,0.0011969566345214843,0.0,0.0,0.0001,"(200,)",10,"{'NN__alpha': 0.0001, 'ica__n_components': 10, 'NN__hidden_layer_sizes': (200,)}",7,0.0,0.0,0.0,0.0,0.0,0.0,0.0,0.0,0.0,0.0,0.0023213735722548015,0.00039906517438581215,0.0,0.0
129,0.0970311164855957,0.0013950347900390625,0.0,0.0,0.0001,"(200,)",11,"{'NN__alpha': 0.0001, 'ica__n_components': 11, 'NN__hidden_layer_sizes': (200,)}",7,0.0,0.0,0.0,0.0,0.0,0.0,0.0,0.0,0.0,0.0,0.03251019646505253,0.0004898504610517265,0.0,0.0
130,0.03630218505859375,0.0075794696807861325,0.0,0.0,0.0001,"(100,)",2,"{'NN__alpha': 0.0001, 'ica__n_components': 2, 'NN__hidden_layer_sizes': (100,)}",7,0.0,0.0,0.0,0.0,0.0,0.0,0.0,0.0,0.0,0.0,0.007992978021476582,0.00968160800737299,0.0,0.0
131,0.03390941619873047,0.005385541915893554,0.0,0.0,0.0001,"(100,)",3,"{'NN__alpha': 0.0001, 'ica__n_components': 3, 'NN__hidden_layer_sizes': (100,)}",7,0.0,0.0,0.0,0.0,0.0,0.0,0.0,0.0,0.0,0.0,0.0037849207602393873,0.00828696596764809,0.0,0.0
132,0.06646323204040527,0.000997304916381836,0.0,0.0,0.0001,"(100,)",4,"{'NN__alpha': 0.0001, 'ica__n_components': 4, 'NN__hidden_layer_sizes': (100,)}",7,0.0,0.0,0.0,0.0,0.0,0.0,0.0,0.0,0.0,0.0,0.027992137136062883,2.611744678045111e-07,0.0,0.0
133,0.07524991035461426,0.0075800418853759766,0.0,0.0,0.0001,"(100,)",5,"{'NN__alpha': 0.0001, 'ica__n_components': 5, 'NN__hidden_layer_sizes': (100,)}",7,0.0,0.0,0.0,0.0,0.0,0.0,0.0,0.0,0.0,0.0,0.021637581339874864,0.013164877894455048,0.0,0.0
134,0.045079374313354494,0.000997447967529297,0.0,0.0,0.0001,"(100,)",6,"{'NN__alpha': 0.0001, 'ica__n_components': 6, 'NN__hidden_layer_sizes': (100,)}",7,0.0,0.0,0.0,0.0,0.0,0.0,0.0,0.0,0.0,0.0,0.012809324321772174,2.4314019744838644e-07,0.0,0.0
135,0.05385513305664062,0.0013964653015136718,0.0,0.0,0.0001,"(100,)",7,"{'NN__alpha': 0.0001, 'ica__n_components': 7, 'NN__hidden_layer_sizes': (100,)}",7,0.0,0.0,0.0,0.0,0.0,0.0,0.0,0.0,0.0,0.0,0.015743902631805137,0.0004884803587669786,0.0,0.0
136,0.068017578125,0.0011967182159423827,0.0,0.0,0.0001,"(100,)",8,"{'NN__alpha': 0.0001, 'ica__n_components': 8, 'NN__hidden_layer_sizes': (100,)}",7,0.0,0.0,0.0,0.0,0.0,0.0,0.0,0.0,0.0,0.0,0.02148645988804561,0.00039906506043264233,0.0,0.0
137,0.05565061569213867,0.000997638702392578,0.0,0.0,0.0001,"(100,)",9,"{'NN__alpha': 0.0001, 'ica__n_components': 9, 'NN__hidden_layer_sizes': (100,)}",7,0.0,0.0,0.0,0.0,0.0,0.0,0.0,0.0,0.0,0.0,0.023256432229835665,3.2340669551493016e-07,0.0,0.0
138,0.05292220115661621,0.0013964176177978516,0.0,0.0,0.0001,"(100,)",10,"{'NN__alpha': 0.0001, 'ica__n_components': 10, 'NN__hidden_layer_sizes': (100,)}",7,0.0,0.0,0.0,0.0,0.0,0.0,0.0,0.0,0.0,0.0,0.012371511424765337,0.0007982254170744791,0.0,0.0
139,0.06782755851745606,0.014373683929443359,0.0,0.0,0.0001,"(100,)",11,"{'NN__alpha': 0.0001, 'ica__n_components': 11, 'NN__hidden_layer_sizes': (100,)}",7,0.0,0.0,0.0,0.0,0.0,0.0,0.0,0.0,0.0,0.0,0.043017780215445556,0.016388708309755258,0.0,0.0
140,0.03612651824951172,0.0010994911193847657,0.0,0.0,0.0001,"(20, 20)",2,"{'NN__alpha': 0.0001, 'ica__n_components': 2, 'NN__hidden_layer_sizes': (20, 20)}",7,0.0,0.0,0.0,0.0,0.0,0.0,0.0,0.0,0.0,0.0,0.012982581977248692,0.00020425321758871728,0.0,0.0
141,0.04547791481018067,0.0009976863861083985,0.0,0.0,0.0001,"(20, 20)",3,"{'NN__alpha': 0.0001, 'ica__n_components': 3, 'NN__hidden_layer_sizes': (20, 20)}",7,0.0,0.0,0.0,0.0,0.0,0.0,0.0,0.0,0.0,0.0,0.021395795246394157,3.2340669551493016e-07,0.0,0.0
142,0.04029912948608398,0.0009973526000976562,0.0,0.0,0.0001,"(20, 20)",4,"{'NN__alpha': 0.0001, 'ica__n_components': 4, 'NN__hidden_layer_sizes': (20, 20)}",7,0.0,0.0,0.0,0.0,0.0,0.0,0.0,0.0,0.0,0.0,0.019318094825912038,3.504023183989303e-07,0.0,0.0
143,0.08296236991882325,0.000995635986328125,0.0,0.0,0.0001,"(20, 20)",5,"{'NN__alpha': 0.0001, 'ica__n_components': 5, 'NN__hidden_layer_sizes': (20, 20)}",7,0.0,0.0,0.0,0.0,0.0,0.0,0.0,0.0,0.0,0.0,0.019622918375967267,3.230549752417435e-06,0.0,0.0
144,0.04329595565795898,0.0013964653015136718,0.0,0.0,0.0001,"(20, 20)",6,"{'NN__alpha': 0.0001, 'ica__n_components': 6, 'NN__hidden_layer_sizes': (20, 20)}",7,0.0,0.0,0.0,0.0,0.0,0.0,0.0,0.0,0.0,0.0,0.013758985274172422,0.0007977249001768128,0.0,0.0
145,0.05206046104431152,0.0009973526000976562,0.0,0.0,0.0001,"(20, 20)",7,"{'NN__alpha': 0.0001, 'ica__n_components': 7, 'NN__hidden_layer_sizes': (20, 20)}",7,0.0,0.0,0.0,0.0,0.0,0.0,0.0,0.0,0.0,0.0,0.015874810790208974,2.3360154559928684e-07,0.0,0.0
146,0.049667644500732425,0.0011973381042480469,0.0,0.0,0.0001,"(20, 20)",8,"{'NN__alpha': 0.0001, 'ica__n_components': 8, 'NN__hidden_layer_sizes': (20, 20)}",7,0.0,0.0,0.0,0.0,0.0,0.0,0.0,0.0,0.0,0.0,0.015273679598939502,0.0003982791319742555,0.0,0.0
147,0.0664212703704834,0.0009973526000976562,0.0,0.0,0.0001,"(20, 20)",9,"{'NN__alpha': 0.0001, 'ica__n_components': 9, 'NN__hidden_layer_sizes': (20, 20)}",7,0.0,0.0,0.0,0.0,0.0,0.0,0.0,0.0,0.0,0.0,0.0335474953759369,9.536743164062499e-08,0.0,0.0
148,0.04926829338073731,0.0009975910186767578,0.0,0.0,0.0001,"(20, 20)",10,"{'NN__alpha': 0.0001, 'ica__n_components': 10, 'NN__hidden_layer_sizes': (20, 20)}",7,0.0,0.0,0.0,0.0,0.0,0.0,0.0,0.0,0.0,0.0,0.016861844504540806,0.00063105263302569,0.0,0.0
149,0.06503119468688964,0.000998210906982422,0.0,0.0,0.0001,"(20, 20)",11,"{'NN__alpha': 0.0001, 'ica__n_components': 11, 'NN__hidden_layer_sizes': (20, 20)}",7,0.0,0.0,0.0,0.0,0.0,0.0,0.0,0.0,0.0,0.0,0.03277569584989897,1.9333968098367014e-06,0.0,0.0
150,0.04857425689697266,0.0009976863861083985,0.0,0.0,0.0001,"(20, 5)",2,"{'NN__alpha': 0.0001, 'ica__n_components': 2, 'NN__hidden_layer_sizes': (20, 5)}",7,0.0,0.0,0.0,0.0,0.0,0.0,0.0,0.0,0.0,0.0,0.0031106094435687176,6.503191803448608e-07,0.0,0.0
151,0.05604815483093262,0.0007980823516845703,0.0,0.0,0.0001,"(20, 5)",3,"{'NN__alpha': 0.0001, 'ica__n_components': 3, 'NN__hidden_layer_sizes': (20, 5)}",7,0.0,0.0,0.0,0.0,0.0,0.0,0.0,0.0,0.0,0.0,0.028141702909170632,0.0003990412150160355,0.0,0.0
152,0.042714166641235354,0.00079803466796875,0.0,0.0,0.0001,"(20, 5)",4,"{'NN__alpha': 0.0001, 'ica__n_components': 4, 'NN__hidden_layer_sizes': (20, 5)}",7,0.0,0.0,0.0,0.0,0.0,0.0,0.0,0.0,0.0,0.0,0.03009254328813994,0.00039901753342625314,0.0,0.0
153,0.13702683448791503,0.0009972095489501954,0.0,0.0,0.0001,"(20, 5)",5,"{'NN__alpha': 0.0001, 'ica__n_components': 5, 'NN__hidden_layer_sizes': (20, 5)}",7,0.0,0.0,0.0,0.0,0.0,0.0,0.0,0.0,0.0,0.0,0.03707970448170779,3.2340669551493016e-07,0.0,0.0
154,0.029321670532226562,0.0007982254028320312,0.0,0.0,0.0001,"(20, 5)",6,"{'NN__alpha': 0.0001, 'ica__n_components': 6, 'NN__hidden_layer_sizes': (20, 5)}",7,0.0,0.0,0.0,0.0,0.0,0.0,0.0,0.0,0.0,0.0,0.003867573935276006,0.00039911301474974807,0.0,0.0
155,0.05744657516479492,0.0009972572326660157,0.0,0.0,0.0001,"(20, 5)",7,"{'NN__alpha': 0.0001, 'ica__n_components': 7, 'NN__hidden_layer_sizes': (20, 5)}",7,0.0,0.0,0.0,0.0,0.0,0.0,0.0,0.0,0.0,0.0,0.013419624750909315,7.747686771999321e-07,0.0,0.0
156,0.06382861137390136,0.002194118499755859,0.0,0.0,0.0001,"(20, 5)",8,"{'NN__alpha': 0.0001, 'ica__n_components': 8, 'NN__hidden_layer_sizes': (20, 5)}",7,0.0,0.0,0.0,0.0,0.0,0.0,0.0,0.0,0.0,0.0,0.030368510757447516,0.0029178430767287543,0.0,0.0
157,0.035704421997070315,0.0009971141815185546,0.0,0.0,0.0001,"(20, 5)",9,"{'NN__alpha': 0.0001, 'ica__n_components': 9, 'NN__hidden_layer_sizes': (20, 5)}",7,0.0,0.0,0.0,0.0,0.0,0.0,0.0,0.0,0.0,0.0,0.009278400232906275,4.862803948967729e-07,0.0,0.0
158,0.05465435981750488,0.000997447967529297,0.0,0.0,0.0001,"(20, 5)",10,"{'NN__alpha': 0.0001, 'ica__n_components': 10, 'NN__hidden_layer_sizes': (20, 5)}",7,0.0,0.0,0.0,0.0,0.0,0.0,0.0,0.0,0.0,0.0,0.024391491975213266,4.90933901833868e-07,0.0,0.0
159,0.052460336685180665,0.007579708099365234,0.6666666666666662,0.6666666666666726,0.0001,"(20, 5)",11,"{'NN__alpha': 0.0001, 'ica__n_components': 11, 'NN__hidden_layer_sizes': (20, 5)}",1,0.6666666666666669,0.6666666666666743,0.666666666666667,0.6666666666666744,0.6666666666666655,0.6666666666666716,0.6666666666666656,0.6666666666666716,0.666666666666666,0.6666666666666716,0.030328114710327213,0.013165044822973903,6.085468813234239e-16,1.3359632472723714e-15
160,0.06349349021911621,0.0009974002838134765,0.0,0.0,1e-05,"(200,)",2,"{'NN__alpha': 1e-05, 'ica__n_components': 2, 'NN__hidden_layer_sizes': (200,)}",7,0.0,0.0,0.0,0.0,0.0,0.0,0.0,0.0,0.0,0.0,0.02739667748089462,7.776978697919889e-07,0.0,0.0
161,0.09133458137512207,0.001197052001953125,0.0,0.0,1e-05,"(200,)",3,"{'NN__alpha': 1e-05, 'ica__n_components': 3, 'NN__hidden_layer_sizes': (200,)}",7,0.0,0.0,0.0,0.0,0.0,0.0,0.0,0.0,0.0,0.0,0.030490769971626787,0.0003984214409086055,0.0,0.0
162,0.07534222602844239,0.0011967658996582032,0.0,0.0,1e-05,"(200,)",4,"{'NN__alpha': 1e-05, 'ica__n_components': 4, 'NN__hidden_layer_sizes': (200,)}",7,0.0,0.0,0.0,0.0,0.0,0.0,0.0,0.0,0.0,0.0,0.020478978572504643,0.00039880293899548415,0.0,0.0
163,0.10481848716735839,0.001393890380859375,0.0,0.0,1e-05,"(200,)",5,"{'NN__alpha': 1e-05, 'ica__n_components': 5, 'NN__hidden_layer_sizes': (200,)}",7,0.0,0.0,0.0,0.0,0.0,0.0,0.0,0.0,0.0,0.0,0.03209021716135012,0.0004903999663307367,0.0,0.0
164,0.0616401195526123,0.008079147338867188,0.0,0.0,1e-05,"(200,)",6,"{'NN__alpha': 1e-05, 'ica__n_components': 6, 'NN__hidden_layer_sizes': (200,)}",7,0.0,0.0,0.0,0.0,0.0,0.0,0.0,0.0,0.0,0.0,0.007755570649269408,0.013670017047868414,0.0,0.0
165,0.09385323524475098,0.00778350830078125,0.0,0.0,1e-05,"(200,)",7,"{'NN__alpha': 1e-05, 'ica__n_components': 7, 'NN__hidden_layer_sizes': (200,)}",7,0.0,0.0,0.0,0.0,0.0,0.0,0.0,0.0,0.0,0.0,0.010141636175284312,0.013316290675321007,0.0,0.0
166,0.07081069946289062,0.0011967658996582032,0.0,0.0,1e-05,"(200,)",8,"{'NN__alpha': 1e-05, 'ica__n_components': 8, 'NN__hidden_layer_sizes': (200,)}",7,0.0,0.0,0.0,0.0,0.0,0.0,0.0,0.0,0.0,0.0,0.014561488891190922,0.00039916054178001746,0.0,0.0
167,0.06393818855285645,0.0011966228485107422,0.0,0.0,1e-05,"(200,)",9,"{'NN__alpha': 1e-05, 'ica__n_components': 9, 'NN__hidden_layer_sizes': (200,)}",7,0.0,0.0,0.0,0.0,0.0,0.0,0.0,0.0,0.0,0.0,0.012957686081724516,0.00039887452510317905,0.0,0.0
168,0.07704920768737793,0.014560842514038086,0.0,0.0,1e-05,"(200,)",10,"{'NN__alpha': 1e-05, 'ica__n_components': 10, 'NN__hidden_layer_sizes': (200,)}",7,0.0,0.0,0.0,0.0,0.0,0.0,0.0,0.0,0.0,0.0,0.023038929354056395,0.026133689280989775,0.0,0.0
169,0.11749849319458008,0.0011970043182373048,0.0,0.0,1e-05,"(200,)",11,"{'NN__alpha': 1e-05, 'ica__n_components': 11, 'NN__hidden_layer_sizes': (200,)}",7,0.0,0.0,0.0,0.0,0.0,0.0,0.0,0.0,0.0,0.0,0.04561700524081545,0.0003990412719960292,0.0,0.0
170,0.05177392959594727,0.001098299026489258,0.0,0.0,1e-05,"(100,)",2,"{'NN__alpha': 1e-05, 'ica__n_components': 2, 'NN__hidden_layer_sizes': (100,)}",7,0.0,0.0,0.0,0.0,0.0,0.0,0.0,0.0,0.0,0.0,0.025568000174065394,0.0002023462062588458,0.0,0.0
171,0.05385851860046387,0.005984163284301758,0.0,0.0,1e-05,"(100,)",3,"{'NN__alpha': 1e-05, 'ica__n_components': 3, 'NN__hidden_layer_sizes': (100,)}",7,0.0,0.0,0.0,0.0,0.0,0.0,0.0,0.0,0.0,0.0,0.025532990874969,0.01047878198224056,0.0,0.0
172,0.06864819526672364,0.013563919067382812,0.0,0.0,1e-05,"(100,)",4,"{'NN__alpha': 1e-05, 'ica__n_components': 4, 'NN__hidden_layer_sizes': (100,)}",7,0.0,0.0,0.0,0.0,0.0,0.0,0.0,0.0,0.0,0.0,0.03324902591939396,0.015470942456934717,0.0,0.0
173,0.07957901954650878,0.001003122329711914,0.0,0.0,1e-05,"(100,)",5,"{'NN__alpha': 1e-05, 'ica__n_components': 5, 'NN__hidden_layer_sizes': (100,)}",7,0.0,0.0,0.0,0.0,0.0,0.0,0.0,0.0,0.0,0.0,0.021486862603046598,1.1159008338254814e-05,0.0,0.0
174,0.041043758392333984,0.001296663284301758,0.0,0.0,1e-05,"(100,)",6,"{'NN__alpha': 1e-05, 'ica__n_components': 6, 'NN__hidden_layer_sizes': (100,)}",7,0.0,0.0,0.0,0.0,0.0,0.0,0.0,0.0,0.0,0.0,0.009051489004541542,0.00040229382445895783,0.0,0.0
175,0.05525150299072266,0.0007984161376953125,0.0,0.0,1e-05,"(100,)",7,"{'NN__alpha': 1e-05, 'ica__n_components': 7, 'NN__hidden_layer_sizes': (100,)}",7,0.0,0.0,0.0,0.0,0.0,0.0,0.0,0.0,0.0,0.0,0.01282796554803048,0.0003992082112380866,0.0,0.0
176,0.055052661895751955,0.000997638702392578,0.0,0.0,1e-05,"(100,)",8,"{'NN__alpha': 1e-05, 'ica__n_components': 8, 'NN__hidden_layer_sizes': (100,)}",7,0.0,0.0,0.0,0.0,0.0,0.0,0.0,0.0,0.0,0.0,0.022268707246359765,2.86102294921875e-07,0.0,0.0
177,0.07880001068115235,0.0011969566345214843,0.0,0.0,1e-05,"(100,)",9,"{'NN__alpha': 1e-05, 'ica__n_components': 9, 'NN__hidden_layer_sizes': (100,)}",7,0.0,0.0,0.0,0.0,0.0,0.0,0.0,0.0,0.0,0.0,0.023136885486985025,0.00039894610406496136,0.0,0.0
178,0.04687495231628418,0.0011968612670898438,0.0,0.0,1e-05,"(100,)",10,"{'NN__alpha': 1e-05, 'ica__n_components': 10, 'NN__hidden_layer_sizes': (100,)}",7,0.0,0.0,0.0,0.0,0.0,0.0,0.0,0.0,0.0,0.0,0.010229048504916736,0.000398635921295746,0.0,0.0
179,0.0652287483215332,0.0009974002838134765,0.0,0.0,1e-05,"(100,)",11,"{'NN__alpha': 1e-05, 'ica__n_components': 11, 'NN__hidden_layer_sizes': (100,)}",7,0.0,0.0,0.0,0.0,0.0,0.0,0.0,0.0,0.0,0.0,0.029634631792738227,3.8738433859996607e-07,0.0,0.0
180,0.04607653617858887,0.0009975433349609375,0.0,0.0,1e-05,"(20, 20)",2,"{'NN__alpha': 1e-05, 'ica__n_components': 2, 'NN__hidden_layer_sizes': (20, 20)}",7,0.0,0.0,0.0,0.0,0.0,0.0,0.0,0.0,0.0,0.0,0.015364978405468327,0.0,0.0,0.0
181,0.03012852668762207,0.000796651840209961,0.0,0.0,1e-05,"(20, 20)",3,"{'NN__alpha': 1e-05, 'ica__n_components': 3, 'NN__hidden_layer_sizes': (20, 20)}",7,0.0,0.0,0.0,0.0,0.0,0.0,0.0,0.0,0.0,0.0,0.0023082416462431856,0.00039833415057693067,0.0,0.0
182,0.06336617469787598,0.0009975433349609375,0.0,0.0,1e-05,"(20, 20)",4,"{'NN__alpha': 1e-05, 'ica__n_components': 4, 'NN__hidden_layer_sizes': (20, 20)}",7,0.0,0.0,0.0,0.0,0.0,0.0,0.0,0.0,0.0,0.0,0.02549452750770085,6.217195897295617e-07,0.0,0.0
183,0.08083677291870117,0.0007981300354003906,0.0,0.0,1e-05,"(20, 20)",5,"{'NN__alpha': 1e-05, 'ica__n_components': 5, 'NN__hidden_layer_sizes': (20, 20)}",7,0.0,0.0,0.0,0.0,0.0,0.0,0.0,0.0,0.0,0.0,0.029828373039723344,0.00039906503194434484,0.0,0.0
184,0.030717945098876952,0.0009972572326660157,0.0,0.0,1e-05,"(20, 20)",6,"{'NN__alpha': 1e-05, 'ica__n_components': 6, 'NN__hidden_layer_sizes': (20, 20)}",7,0.0,0.0,0.0,0.0,0.0,0.0,0.0,0.0,0.0,0.0,0.002309298601841602,0.0006309018619064658,0.0,0.0
185,0.04089059829711914,0.000997781753540039,0.0,0.0,1e-05,"(20, 20)",7,"{'NN__alpha': 1e-05, 'ica__n_components': 7, 'NN__hidden_layer_sizes': (20, 20)}",7,0.0,0.0,0.0,0.0,0.0,0.0,0.0,0.0,0.0,0.0,0.008853168158635034,5.840038639982171e-07,0.0,0.0
186,0.04827227592468262,0.0015959739685058594,0.0,0.0,1e-05,"(20, 20)",8,"{'NN__alpha': 1e-05, 'ica__n_components': 8, 'NN__hidden_layer_sizes': (20, 20)}",7,0.0,0.0,0.0,0.0,0.0,0.0,0.0,0.0,0.0,0.0,0.018046299182857262,0.001197099709411086,0.0,0.0
187,0.05345683097839356,0.0009974002838134765,0.0,0.0,1e-05,"(20, 20)",9,"{'NN__alpha': 1e-05, 'ica__n_components': 9, 'NN__hidden_layer_sizes': (20, 20)}",7,0.0,0.0,0.0,0.0,0.0,0.0,0.0,0.0,0.0,0.0,0.017429832506058063,3.8738433859996607e-07,0.0,0.0
188,0.06582317352294922,0.0011968135833740235,0.0,0.0,1e-05,"(20, 20)",10,"{'NN__alpha': 1e-05, 'ica__n_components': 10, 'NN__hidden_layer_sizes': (20, 20)}",7,0.0,0.0,0.0,0.0,0.0,0.0,0.0,0.0,0.0,0.0,0.025473759973924412,0.00039913655395512355,0.0,0.0
189,0.06662216186523437,0.000797271728515625,0.0,0.0,1e-05,"(20, 20)",11,"{'NN__alpha': 1e-05, 'ica__n_components': 11, 'NN__hidden_layer_sizes': (20, 20)}",7,0.0,0.0,0.0,0.0,0.0,0.0,0.0,0.0,0.0,0.0,0.04283836824576046,0.0003986365772313947,0.0,0.0
190,0.06303133964538574,0.000997638702392578,0.0,0.0,1e-05,"(20, 5)",2,"{'NN__alpha': 1e-05, 'ica__n_components': 2, 'NN__hidden_layer_sizes': (20, 5)}",7,0.0,0.0,0.0,0.0,0.0,0.0,0.0,0.0,0.0,0.0,0.01717463030916544,4.156969970265077e-07,0.0,0.0
191,0.03171448707580567,0.0005984306335449219,0.0,0.0,1e-05,"(20, 5)",3,"{'NN__alpha': 1e-05, 'ica__n_components': 3, 'NN__hidden_layer_sizes': (20, 5)}",7,0.0,0.0,0.0,0.0,0.0,0.0,0.0,0.0,0.0,0.0,0.010730463556614866,0.000488616573967537,0.0,0.0
192,0.040491342544555664,0.0007981300354003906,0.0,0.0,1e-05,"(20, 5)",4,"{'NN__alpha': 1e-05, 'ica__n_components': 4, 'NN__hidden_layer_sizes': (20, 5)}",7,0.0,0.0,0.0,0.0,0.0,0.0,0.0,0.0,0.0,0.0,0.018760505360236976,0.0003990652598506682,0.0,0.0
193,0.10910816192626953,0.0009974956512451172,0.0,0.0,1e-05,"(20, 5)",5,"{'NN__alpha': 1e-05, 'ica__n_components': 5, 'NN__hidden_layer_sizes': (20, 5)}",7,0.0,0.0,0.0,0.0,0.0,0.0,0.0,0.0,0.0,0.0,0.016599974810403196,3.1629798797182086e-07,0.0,0.0
194,0.030518293380737305,0.0009979248046875,0.0,0.0,1e-05,"(20, 5)",6,"{'NN__alpha': 1e-05, 'ica__n_components': 6, 'NN__hidden_layer_sizes': (20, 5)}",7,0.0,0.0,0.0,0.0,0.0,0.0,0.0,0.0,0.0,0.0,0.003313958863885784,2.431401974483864e-07,0.0,0.0
195,0.07838940620422363,0.0007980823516845703,0.0,0.0,1e-05,"(20, 5)",7,"{'NN__alpha': 1e-05, 'ica__n_components': 7, 'NN__hidden_layer_sizes': (20, 5)}",7,0.0,0.0,0.0,0.0,0.0,0.0,0.0,0.0,0.0,0.0,0.019023826289128392,0.0003990412435060334,0.0,0.0
196,0.03690190315246582,0.000997018814086914,0.0,0.0,1e-05,"(20, 5)",8,"{'NN__alpha': 1e-05, 'ica__n_components': 8, 'NN__hidden_layer_sizes': (20, 5)}",7,0.0,0.0,0.0,0.0,0.0,0.0,0.0,0.0,0.0,0.0,0.007274430520899438,6.106495129998063e-07,0.0,0.0
197,0.04627585411071777,0.0009974002838134765,0.0,0.0,1e-05,"(20, 5)",9,"{'NN__alpha': 1e-05, 'ica__n_components': 9, 'NN__hidden_layer_sizes': (20, 5)}",7,0.0,0.0,0.0,0.0,0.0,0.0,0.0,0.0,0.0,0.0,0.013799127064464112,1.1680077279964342e-07,0.0,0.0
198,0.05006589889526367,0.003789997100830078,0.0,0.0,1e-05,"(20, 5)",10,"{'NN__alpha': 1e-05, 'ica__n_components': 10, 'NN__hidden_layer_sizes': (20, 5)}",7,0.0,0.0,0.0,0.0,0.0,0.0,0.0,0.0,0.0,0.0,0.01654935898514728,0.005585265160370238,0.0,0.0
199,0.04687843322753906,0.0005986690521240234,0.6666666666666662,0.6666666666666726,1e-05,"(20, 5)",11,"{'NN__alpha': 1e-05, 'ica__n_components': 11, 'NN__hidden_layer_sizes': (20, 5)}",1,0.6666666666666669,0.6666666666666743,0.666666666666667,0.6666666666666744,0.6666666666666655,0.6666666666666716,0.6666666666666656,0.6666666666666716,0.666666666666666,0.6666666666666716,0.025559253051987356,0.0004888117225804869,6.085468813234239e-16,1.3359632472723714e-15
200,0.06926259994506836,0.000997447967529297,0.0,0.0,1e-06,"(200,)",2,"{'NN__alpha': 1e-06, 'ica__n_components': 2, 'NN__hidden_layer_sizes': (200,)}",7,0.0,0.0,0.0,0.0,0.0,0.0,0.0,0.0,0.0,0.0,0.019601825738655747,3.2340669551493016e-07,0.0,0.0
201,0.06737122535705567,0.0011967658996582032,0.0,0.0,1e-06,"(200,)",3,"{'NN__alpha': 1e-06, 'ica__n_components': 3, 'NN__hidden_layer_sizes': (200,)}",7,0.0,0.0,0.0,0.0,0.0,0.0,0.0,0.0,0.0,0.0,0.024050767711989326,0.00039904130048602304,0.0,0.0
202,0.06285858154296875,0.0010034561157226563,0.0,0.0,1e-06,"(200,)",4,"{'NN__alpha': 1e-06, 'ica__n_components': 4, 'NN__hidden_layer_sizes': (200,)}",7,0.0,0.0,0.0,0.0,0.0,0.0,0.0,0.0,0.0,0.0,0.01935929332470357,1.2421951179375767e-05,0.0,0.0
203,0.11383371353149414,0.0009949684143066406,0.0,0.0,1e-06,"(200,)",5,"{'NN__alpha': 1e-06, 'ica__n_components': 5, 'NN__hidden_layer_sizes': (200,)}",7,0.0,0.0,0.0,0.0,0.0,0.0,0.0,0.0,0.0,0.0,0.0451329380840995,4.334761877961544e-06,0.0,0.0
204,0.07805418968200684,0.001197052001953125,0.0,0.0,1e-06,"(200,)",6,"{'NN__alpha': 1e-06, 'ica__n_components': 6, 'NN__hidden_layer_sizes': (200,)}",7,0.0,0.0,0.0,0.0,0.0,0.0,0.0,0.0,0.0,0.0,0.027338844262310716,0.00039889816388262293,0.0,0.0
205,0.07831358909606934,0.0015952587127685547,0.0,0.0,1e-06,"(200,)",7,"{'NN__alpha': 1e-06, 'ica__n_components': 7, 'NN__hidden_layer_sizes': (200,)}",7,0.0,0.0,0.0,0.0,0.0,0.0,0.0,0.0,0.0,0.0,0.02836124716409999,0.0007977486511795901,0.0,0.0
206,0.07878913879394531,0.001196908950805664,0.0,0.0,1e-06,"(200,)",8,"{'NN__alpha': 1e-06, 'ica__n_components': 8, 'NN__hidden_layer_sizes': (200,)}",7,0.0,0.0,0.0,0.0,0.0,0.0,0.0,0.0,0.0,0.0,0.029799348708225586,0.0003983738713620575,0.0,0.0
207,0.08427705764770507,0.0013980865478515625,0.0,0.0,1e-06,"(200,)",9,"{'NN__alpha': 1e-06, 'ica__n_components': 9, 'NN__hidden_layer_sizes': (200,)}",7,0.0,0.0,0.0,0.0,0.0,0.0,0.0,0.0,0.0,0.0,0.03247280764400879,0.0005002715405428869,0.0,0.0
208,0.07802906036376953,0.0011970996856689453,0.0,0.0,1e-06,"(200,)",10,"{'NN__alpha': 1e-06, 'ica__n_components': 10, 'NN__hidden_layer_sizes': (200,)}",7,0.0,0.0,0.0,0.0,0.0,0.0,0.0,0.0,0.0,0.0,0.023744012591141395,0.0003989938732255951,0.0,0.0
209,0.10711226463317872,0.000997447967529297,0.0,0.0,1e-06,"(200,)",11,"{'NN__alpha': 1e-06, 'ica__n_components': 11, 'NN__hidden_layer_sizes': (200,)}",7,0.0,0.0,0.0,0.0,0.0,0.0,0.0,0.0,0.0,0.0,0.052173113513421986,3.8738433859996607e-07,0.0,0.0
210,0.03849673271179199,0.000997304916381836,0.0,0.0,1e-06,"(100,)",2,"{'NN__alpha': 1e-06, 'ica__n_components': 2, 'NN__hidden_layer_sizes': (100,)}",7,0.0,0.0,0.0,0.0,0.0,0.0,0.0,0.0,0.0,0.0,0.007791377937958328,3.371747880871523e-07,0.0,0.0
211,0.04507908821105957,0.0009974002838134765,0.0,0.0,1e-06,"(100,)",3,"{'NN__alpha': 1e-06, 'ica__n_components': 3, 'NN__hidden_layer_sizes': (100,)}",7,0.0,0.0,0.0,0.0,0.0,0.0,0.0,0.0,0.0,0.0,0.01939399117739179,2.431401974483864e-07,0.0,0.0
212,0.05884299278259277,0.0033908367156982424,0.0,0.0,1e-06,"(100,)",4,"{'NN__alpha': 1e-06, 'ica__n_components': 4, 'NN__hidden_layer_sizes': (100,)}",7,0.0,0.0,0.0,0.0,0.0,0.0,0.0,0.0,0.0,0.0,0.02243437050110301,0.0031914949466094254,0.0,0.0
213,0.09394826889038085,0.0007982730865478515,0.0,0.0,1e-06,"(100,)",5,"{'NN__alpha': 1e-06, 'ica__n_components': 5, 'NN__hidden_layer_sizes': (100,)}",7,0.0,0.0,0.0,0.0,0.0,0.0,0.0,0.0,0.0,0.0,0.014998324466063293,0.00039913669637106657,0.0,0.0
214,0.03989386558532715,0.000997638702392578,0.0,0.0,1e-06,"(100,)",6,"{'NN__alpha': 1e-06, 'ica__n_components': 6, 'NN__hidden_layer_sizes': (100,)}",7,0.0,0.0,0.0,0.0,0.0,0.0,0.0,0.0,0.0,0.0,0.007647331543093554,2.86102294921875e-07,0.0,0.0
215,0.044480085372924805,0.000997447967529297,0.0,0.0,1e-06,"(100,)",7,"{'NN__alpha': 1e-06, 'ica__n_components': 7, 'NN__hidden_layer_sizes': (100,)}",7,0.0,0.0,0.0,0.0,0.0,0.0,0.0,0.0,0.0,0.0,0.004910022431812534,1.1680077279964343e-07,0.0,0.0
216,0.06662201881408691,0.001196432113647461,0.0,0.0,1e-06,"(100,)",8,"{'NN__alpha': 1e-06, 'ica__n_components': 8, 'NN__hidden_layer_sizes': (100,)}",7,0.0,0.0,0.0,0.0,0.0,0.0,0.0,0.0,0.0,0.0,0.023579043630164765,0.0003984928273749546,0.0,0.0
217,0.07120928764343262,0.0009973526000976562,0.0,0.0,1e-06,"(100,)",9,"{'NN__alpha': 1e-06, 'ica__n_components': 9, 'NN__hidden_layer_sizes': (100,)}",7,0.0,0.0,0.0,0.0,0.0,0.0,0.0,0.0,0.0,0.0,0.032736851687352735,2.3360154559928684e-07,0.0,0.0
218,0.05724625587463379,0.0009970664978027344,0.0,0.0,1e-06,"(100,)",10,"{'NN__alpha': 1e-06, 'ica__n_components': 10, 'NN__hidden_layer_sizes': (100,)}",7,0.0,0.0,0.0,0.0,0.0,0.0,0.0,0.0,0.0,0.0,0.016126413980012688,2.611744678045111e-07,0.0,0.0
219,0.08342146873474121,0.0011003494262695312,0.0,0.0,1e-06,"(100,)",11,"{'NN__alpha': 1e-06, 'ica__n_components': 11, 'NN__hidden_layer_sizes': (100,)}",7,0.0,0.0,0.0,0.0,0.0,0.0,0.0,0.0,0.0,0.0,0.04183112533873622,0.00020537390242820596,0.0,0.0
220,0.036450529098510744,0.000797891616821289,0.0,0.0,1e-06,"(20, 20)",2,"{'NN__alpha': 1e-06, 'ica__n_components': 2, 'NN__hidden_layer_sizes': (20, 20)}",7,0.0,0.0,0.0,0.0,0.0,0.0,0.0,0.0,0.0,0.0,0.013353306740020866,0.00039894584759375934,0.0,0.0
221,0.0400639533996582,0.0007004261016845704,0.0,0.0,1e-06,"(20, 20)",3,"{'NN__alpha': 1e-06, 'ica__n_components': 3, 'NN__hidden_layer_sizes': (20, 20)}",7,0.0,0.0,0.0,0.0,0.0,0.0,0.0,0.0,0.0,0.0,0.008476990159544501,0.00039802470197077716,0.0,0.0
222,0.049268245697021484,0.0011971473693847656,0.0,0.0,1e-06,"(20, 20)",4,"{'NN__alpha': 1e-06, 'ica__n_components': 4, 'NN__hidden_layer_sizes': (20, 20)}",7,0.0,0.0,0.0,0.0,0.0,0.0,0.0,0.0,0.0,0.0,0.029122047229557062,0.00039885082221481855,0.0,0.0
223,0.082466459274292,0.0011967658996582032,0.0,0.0,1e-06,"(20, 20)",5,"{'NN__alpha': 1e-06, 'ica__n_components': 5, 'NN__hidden_layer_sizes': (20, 20)}",7,0.0,0.0,0.0,0.0,0.0,0.0,0.0,0.0,0.0,0.0,0.025285777906840574,0.0003991605702614984,0.0,0.0
224,0.05534019470214844,0.0007005214691162109,0.0,0.0,1e-06,"(20, 20)",6,"{'NN__alpha': 1e-06, 'ica__n_components': 6, 'NN__hidden_layer_sizes': (20, 20)}",7,0.0,0.0,0.0,0.0,0.0,0.0,0.0,0.0,0.0,0.0,0.021795868811512978,0.00039780393630519924,0.0,0.0
225,0.0642545223236084,0.0011970043182373048,0.0,0.0,1e-06,"(20, 20)",7,"{'NN__alpha': 1e-06, 'ica__n_components': 7, 'NN__hidden_layer_sizes': (20, 20)}",7,0.0,0.0,0.0,0.0,0.0,0.0,0.0,0.0,0.0,0.0,0.028924787389987792,0.0003990414714259432,0.0,0.0
226,0.056249046325683595,0.0005984783172607421,0.0,0.0,1e-06,"(20, 20)",8,"{'NN__alpha': 1e-06, 'ica__n_components': 8, 'NN__hidden_layer_sizes': (20, 20)}",7,0.0,0.0,0.0,0.0,0.0,0.0,0.0,0.0,0.0,0.0,0.027317191320882242,0.0004886556238839987,0.0,0.0
227,0.05317087173461914,0.0007945060729980469,0.0,0.0,1e-06,"(20, 20)",9,"{'NN__alpha': 1e-06, 'ica__n_components': 9, 'NN__hidden_layer_sizes': (20, 20)}",7,0.0,0.0,0.0,0.0,0.0,0.0,0.0,0.0,0.0,0.0,0.007152995912141529,0.000397274170509015,0.0,0.0
228,0.04215784072875976,0.003796291351318359,0.0,0.0,1e-06,"(20, 20)",10,"{'NN__alpha': 1e-06, 'ica__n_components': 10, 'NN__hidden_layer_sizes': (20, 20)}",7,0.0,0.0,0.0,0.0,0.0,0.0,0.0,0.0,0.0,0.0,0.01322796953360928,0.005597853661345084,0.0,0.0
229,0.0827188491821289,0.0009974956512451172,0.0,0.0,1e-06,"(20, 20)",11,"{'NN__alpha': 1e-06, 'ica__n_components': 11, 'NN__hidden_layer_sizes': (20, 20)}",7,0.0,0.0,0.0,0.0,0.0,0.0,0.0,0.0,0.0,0.0,0.030644436988177516,3.1629798797182086e-07,0.0,0.0
230,0.05744614601135254,0.000997447967529297,0.0,0.0,1e-06,"(20, 5)",2,"{'NN__alpha': 1e-06, 'ica__n_components': 2, 'NN__hidden_layer_sizes': (20, 5)}",7,0.0,0.0,0.0,0.0,0.0,0.0,0.0,0.0,0.0,0.0,0.01304286478488298,4.422005889652111e-07,0.0,0.0
231,0.039693450927734374,0.0009972095489501954,0.0,0.0,1e-06,"(20, 5)",3,"{'NN__alpha': 1e-06, 'ica__n_components': 3, 'NN__hidden_layer_sizes': (20, 5)}",7,0.0,0.0,0.0,0.0,0.0,0.0,0.0,0.0,0.0,0.0,0.016098845889062505,1.9073486328125e-07,0.0,0.0
232,0.04029130935668945,0.0007978439331054688,0.0,0.0,1e-06,"(20, 5)",4,"{'NN__alpha': 1e-06, 'ica__n_components': 4, 'NN__hidden_layer_sizes': (20, 5)}",7,0.0,0.0,0.0,0.0,0.0,0.0,0.0,0.0,0.0,0.0,0.01544582294578055,0.0003989219950512487,0.0,0.0
233,0.1077115535736084,0.0007981300354003906,0.0,0.0,1e-06,"(20, 5)",5,"{'NN__alpha': 1e-06, 'ica__n_components': 5, 'NN__hidden_layer_sizes': (20, 5)}",7,0.0,0.0,0.0,0.0,0.0,0.0,0.0,0.0,0.0,0.0,0.022292069929194983,0.0003990651458975228,0.0,0.0
234,0.0385251522064209,0.0009979248046875,0.0,0.0,1e-06,"(20, 5)",6,"{'NN__alpha': 1e-06, 'ica__n_components': 6, 'NN__hidden_layer_sizes': (20, 5)}",7,0.0,0.0,0.0,0.0,0.0,0.0,0.0,0.0,0.0,0.0,0.015025934505339882,3.2340669551493016e-07,0.0,0.0
235,0.09034590721130371,0.0007978439331054688,0.0,0.0,1e-06,"(20, 5)",7,"{'NN__alpha': 1e-06, 'ica__n_components': 7, 'NN__hidden_layer_sizes': (20, 5)}",7,0.0,0.0,0.0,0.0,0.0,0.0,0.0,0.0,0.0,0.0,0.025026372486096838,0.0003989219950512487,0.0,0.0
236,0.03725581169128418,0.0009000778198242187,0.0,0.0,1e-06,"(20, 5)",8,"{'NN__alpha': 1e-06, 'ica__n_components': 8, 'NN__hidden_layer_sizes': (20, 5)}",7,0.0,0.0,0.0,0.0,0.0,0.0,0.0,0.0,0.0,0.0,0.011541874371152012,0.0001954080419693219,0.0,0.0
237,0.04288415908813477,0.0005984783172607421,0.0,0.0,1e-06,"(20, 5)",9,"{'NN__alpha': 1e-06, 'ica__n_components': 9, 'NN__hidden_layer_sizes': (20, 5)}",7,0.0,0.0,0.0,0.0,0.0,0.0,0.0,0.0,0.0,0.0,0.010685768928964804,0.0004886555308230838,0.0,0.0
238,0.041727447509765626,0.0013965606689453126,0.0,0.0,1e-06,"(20, 5)",10,"{'NN__alpha': 1e-06, 'ica__n_components': 10, 'NN__hidden_layer_sizes': (20, 5)}",7,0.0,0.0,0.0,0.0,0.0,0.0,0.0,0.0,0.0,0.0,0.01400780871288064,0.0007976774445072751,0.0,0.0
239,0.058890676498413085,0.0007978439331054688,0.6666666666666662,0.6666666666666726,1e-06,"(20, 5)",11,"{'NN__alpha': 1e-06, 'ica__n_components': 11, 'NN__hidden_layer_sizes': (20, 5)}",1,0.6666666666666669,0.6666666666666743,0.666666666666667,0.6666666666666744,0.6666666666666655,0.6666666666666716,0.6666666666666656,0.6666666666666716,0.666666666666666,0.6666666666666716,0.03929327718974492,0.0003989219950512487,6.085468813234239e-16,1.3359632472723714e-15
