,mean_fit_time,mean_score_time,mean_test_score,mean_train_score,param_NN__alpha,param_NN__hidden_layer_sizes,param_pca__n_components,params,rank_test_score,split0_test_score,split0_train_score,split1_test_score,split1_train_score,split2_test_score,split2_train_score,split3_test_score,split3_train_score,split4_test_score,split4_train_score,std_fit_time,std_score_time,std_test_score,std_train_score
0,0.06299724578857421,0.0012124061584472656,0.0,0.0,0.1,"(200,)",2,"{'pca__n_components': 2, 'NN__hidden_layer_sizes': (200,), 'NN__alpha': 0.1}",49,0.0,0.0,0.0,0.0,0.0,0.0,0.0,0.0,0.0,0.0,0.011979994498502386,0.0004121116112892297,0.0,0.0
1,0.051606035232543944,0.0014042377471923829,0.012504581790492833,0.006479327759267406,0.1,"(200,)",3,"{'pca__n_components': 3, 'NN__hidden_layer_sizes': (200,), 'NN__alpha': 0.1}",31,0.062189453438051025,0.03239663879633703,0.0,0.0,0.0,0.0,0.0,0.0,0.0,0.0,0.0043207217182658665,0.00048248904928250284,0.024925660297513284,0.012958655518534812
2,0.049913454055786136,0.0016054630279541016,0.0,0.0,0.1,"(200,)",4,"{'pca__n_components': 4, 'NN__hidden_layer_sizes': (200,), 'NN__alpha': 0.1}",49,0.0,0.0,0.0,0.0,0.0,0.0,0.0,0.0,0.0,0.0,0.003362871860632375,0.0004967750159713821,0.0,0.0
3,0.052019929885864256,0.0012987136840820312,0.0,0.0,0.1,"(200,)",5,"{'pca__n_components': 5, 'NN__hidden_layer_sizes': (200,), 'NN__alpha': 0.1}",49,0.0,0.0,0.0,0.0,0.0,0.0,0.0,0.0,0.0,0.0,0.006215541064729046,0.000403134146246672,0.0,0.0
4,0.05350737571716309,0.0009950637817382813,0.0,0.0,0.1,"(200,)",6,"{'pca__n_components': 6, 'NN__hidden_layer_sizes': (200,), 'NN__alpha': 0.1}",49,0.0,0.0,0.0,0.0,0.0,0.0,0.0,0.0,0.0,0.0,0.0017836107409038308,4.405521187763632e-06,0.0,0.0
5,0.050629281997680665,0.0014009475708007812,0.0,0.0,0.1,"(200,)",7,"{'pca__n_components': 7, 'NN__hidden_layer_sizes': (200,), 'NN__alpha': 0.1}",49,0.0,0.0,0.0,0.0,0.0,0.0,0.0,0.0,0.0,0.0,0.0020634706719878195,0.0004856432072840684,0.0,0.0
6,0.05121636390686035,0.001994895935058594,0.0,0.0,0.1,"(200,)",8,"{'pca__n_components': 8, 'NN__hidden_layer_sizes': (200,), 'NN__alpha': 0.1}",49,0.0,0.0,0.0,0.0,0.0,0.0,0.0,0.0,0.0,0.0,0.002250251195363953,9.584308262940301e-07,0.0,0.0
7,0.051004219055175784,0.0009976863861083985,0.0,0.0,0.1,"(200,)",9,"{'pca__n_components': 9, 'NN__hidden_layer_sizes': (200,), 'NN__alpha': 0.1}",49,0.0,0.0,0.0,0.0,0.0,0.0,0.0,0.0,0.0,0.0,0.0032202017628989352,6.503191803448608e-07,0.0,0.0
8,0.0492131233215332,0.0012058734893798829,0.0,0.0,0.1,"(200,)",10,"{'pca__n_components': 10, 'NN__hidden_layer_sizes': (200,), 'NN__alpha': 0.1}",49,0.0,0.0,0.0,0.0,0.0,0.0,0.0,0.0,0.0,0.0,0.0013298737645650073,0.00041475386475836975,0.0,0.0
9,0.050617647171020505,0.0010975837707519532,0.0,0.0,0.1,"(200,)",11,"{'pca__n_components': 11, 'NN__hidden_layer_sizes': (200,), 'NN__alpha': 0.1}",49,0.0,0.0,0.0,0.0,0.0,0.0,0.0,0.0,0.0,0.0,0.0021642676269238376,0.00021050384510830215,0.0,0.0
10,0.03319907188415527,0.0010132312774658204,0.0,0.0,0.1,"(100,)",2,"{'pca__n_components': 2, 'NN__hidden_layer_sizes': (100,), 'NN__alpha': 0.1}",49,0.0,0.0,0.0,0.0,0.0,0.0,0.0,0.0,0.0,0.0,0.0014687996647801073,1.8827159042071963e-05,0.0,0.0
11,0.0322019100189209,0.0012022018432617187,0.0,0.0,0.1,"(100,)",3,"{'pca__n_components': 3, 'NN__hidden_layer_sizes': (100,), 'NN__alpha': 0.1}",49,0.0,0.0,0.0,0.0,0.0,0.0,0.0,0.0,0.0,0.0,0.0014751473399762358,0.00025466892767824737,0.0,0.0
12,0.031802129745483396,0.0012006282806396485,0.0,0.0,0.1,"(100,)",4,"{'pca__n_components': 4, 'NN__hidden_layer_sizes': (100,), 'NN__alpha': 0.1}",49,0.0,0.0,0.0,0.0,0.0,0.0,0.0,0.0,0.0,0.0,0.00041739946567345194,0.00039731851822668186,0.0,0.0
13,0.032778692245483396,0.001098299026489258,0.0,0.0,0.1,"(100,)",5,"{'pca__n_components': 5, 'NN__hidden_layer_sizes': (100,), 'NN__alpha': 0.1}",49,0.0,0.0,0.0,0.0,0.0,0.0,0.0,0.0,0.0,0.0,0.0007515912279229745,0.00020186953889771676,0.0,0.0
14,0.0337888240814209,0.0010985851287841797,0.0,0.003278688524590162,0.1,"(100,)",6,"{'pca__n_components': 6, 'NN__hidden_layer_sizes': (100,), 'NN__alpha': 0.1}",49,0.0,0.0,0.0,0.01639344262295081,0.0,0.0,0.0,0.0,0.0,0.0,0.0007445883086395938,0.00020807773838465868,0.0,0.006557377049180324
15,0.035566186904907225,0.001594209671020508,0.06891939389886648,0.08610999833300934,0.1,"(100,)",7,"{'pca__n_components': 7, 'NN__hidden_layer_sizes': (100,), 'NN__alpha': 0.1}",18,0.0,0.0,0.0,0.0,0.06387555849743502,0.2162413857329107,0.0,0.1076067527308836,0.2819576333089846,0.10670185320125233,0.0029044128078826556,0.0011976304432286917,0.10911646276184125,0.080808633881538
16,0.0357508659362793,0.001595926284790039,0.0,0.0,0.1,"(100,)",8,"{'pca__n_components': 8, 'NN__hidden_layer_sizes': (100,), 'NN__alpha': 0.1}",49,0.0,0.0,0.0,0.0,0.0,0.0,0.0,0.0,0.0,0.0,0.0007249231597144781,0.0011968851505039487,0.0,0.0
17,0.03530559539794922,0.000997304916381836,0.0,0.0,0.1,"(100,)",9,"{'pca__n_components': 9, 'NN__hidden_layer_sizes': (100,), 'NN__alpha': 0.1}",49,0.0,0.0,0.0,0.0,0.0,0.0,0.0,0.0,0.0,0.0,0.0016200355089408048,5.43678009557313e-07,0.0,0.0
18,0.03291220664978027,0.0009972095489501954,0.0,0.0,0.1,"(100,)",10,"{'pca__n_components': 10, 'NN__hidden_layer_sizes': (100,), 'NN__alpha': 0.1}",49,0.0,0.0,0.0,0.0,0.0,0.0,0.0,0.0,0.0,0.0,0.0012615021076931518,5.56082906231432e-07,0.0,0.0
19,0.03231348991394043,0.0009974002838134765,0.0,0.0,0.1,"(100,)",11,"{'pca__n_components': 11, 'NN__hidden_layer_sizes': (100,), 'NN__alpha': 0.1}",49,0.0,0.0,0.0,0.0,0.0,0.0,0.0,0.0,0.0,0.0,0.0010169714305633007,4.422005889652111e-07,0.0,0.0
20,0.029122066497802735,0.0009976863861083985,0.0,0.0,0.1,"(20, 20)",2,"{'pca__n_components': 2, 'NN__hidden_layer_sizes': (20, 20), 'NN__alpha': 0.1}",49,0.0,0.0,0.0,0.0,0.0,0.0,0.0,0.0,0.0,0.0,0.0013233908847609579,4.672030911985737e-07,0.0,0.0
21,0.029919815063476563,0.0007982730865478515,0.0,0.0,0.1,"(20, 20)",3,"{'pca__n_components': 3, 'NN__hidden_layer_sizes': (20, 20), 'NN__alpha': 0.1}",49,0.0,0.0,0.0,0.0,0.0,0.0,0.0,0.0,0.0,0.0,0.0026008359765428753,0.00039913655395512355,0.0,0.0
22,0.034906196594238284,0.0007983207702636719,0.04246929003314359,0.02080633687731912,0.1,"(20, 20)",4,"{'pca__n_components': 4, 'NN__hidden_layer_sizes': (20, 20), 'NN__alpha': 0.1}",20,0.2112139357648341,0.10403168438659559,0.0,0.0,0.0,0.0,0.0,0.0,0.0,0.0,0.0010921445877155064,0.00039916054178001746,0.08465497800554453,0.04161267375463824
23,0.03091716766357422,0.000997781753540039,0.012320923213974225,0.0064223327690598065,0.1,"(20, 20)",5,"{'pca__n_components': 5, 'NN__hidden_layer_sizes': (20, 20), 'NN__alpha': 0.1}",42,0.06127605811749848,0.03211166384529903,0.0,0.0,0.0,0.0,0.0,0.0,0.0,0.0,0.0015455414979310266,5.642013342952362e-07,0.024559569582467685,0.012844665538119613
24,0.02991929054260254,0.0009974956512451172,0.0,0.0,0.1,"(20, 20)",6,"{'pca__n_components': 6, 'NN__hidden_layer_sizes': (20, 20), 'NN__alpha': 0.1}",49,0.0,0.0,0.0,0.0,0.0,0.0,0.0,0.0,0.0,0.0,0.000630751256617021,2.78041453115716e-07,0.0,0.0
25,0.029322052001953126,0.0005983829498291016,0.0,0.0,0.1,"(20, 20)",7,"{'pca__n_components': 7, 'NN__hidden_layer_sizes': (20, 20), 'NN__alpha': 0.1}",49,0.0,0.0,0.0,0.0,0.0,0.0,0.0,0.0,0.0,0.0,0.0010165513390606293,0.0004885778420413264,0.0,0.0
26,0.03361196517944336,0.000997161865234375,0.0,0.0,0.1,"(20, 20)",8,"{'pca__n_components': 8, 'NN__hidden_layer_sizes': (20, 20), 'NN__alpha': 0.1}",49,0.0,0.0,0.0,0.0,0.0,0.0,0.0,0.0,0.0,0.0,0.0023504956988858964,4.672030911985737e-07,0.0,0.0
27,0.03780088424682617,0.0005981922149658203,0.04841196635803523,0.06286421423728311,0.1,"(20, 20)",9,"{'pca__n_components': 9, 'NN__hidden_layer_sizes': (20, 20), 'NN__alpha': 0.1}",19,0.1177899210686097,0.12166881449637484,0.0,0.016330583401113343,0.06114367178837317,0.12990209790209764,0.0,0.0,0.06293820316321537,0.046419575386829705,0.0018472856605362632,0.0004884219525686784,0.04450282972368101,0.053553287920124155
28,0.02862515449523926,0.000399017333984375,0.0,0.0,0.1,"(20, 20)",10,"{'pca__n_components': 10, 'NN__hidden_layer_sizes': (20, 20), 'NN__alpha': 0.1}",49,0.0,0.0,0.0,0.0,0.0,0.0,0.0,0.0,0.0,0.0,0.0009767951469353293,0.0004886945264472148,0.0,0.0
29,0.030521297454833986,0.0009975433349609375,0.0,0.0,0.1,"(20, 20)",11,"{'pca__n_components': 11, 'NN__hidden_layer_sizes': (20, 20), 'NN__alpha': 0.1}",49,0.0,0.0,0.0,0.0,0.0,0.0,0.0,0.0,0.0,0.0,0.002700599694379113,0.0006307511196343274,0.0,0.0
30,0.02702946662902832,0.000997447967529297,0.6666666666666665,0.6666666666666723,0.1,"(20, 5)",2,"{'pca__n_components': 2, 'NN__hidden_layer_sizes': (20, 5), 'NN__alpha': 0.1}",1,0.6666666666666669,0.6666666666666734,0.666666666666667,0.6666666666666734,0.6666666666666662,0.6666666666666716,0.6666666666666661,0.6666666666666715,0.6666666666666659,0.6666666666666715,0.0019570727133486087,5.135693366178993e-07,4.602165614994828e-16,9.073993441833817e-16
31,0.037069272994995114,0.0009975433349609375,0.012320923213974223,0.0,0.1,"(20, 5)",3,"{'pca__n_components': 3, 'NN__hidden_layer_sizes': (20, 5), 'NN__alpha': 0.1}",43,0.061276058117498464,0.0,0.0,0.0,0.0,0.0,0.0,0.0,0.0,0.0,0.001726081675532089,5.43678009557313e-07,0.024559569582467678,0.0
32,0.02577075958251953,0.000701284408569336,0.0,0.0,0.1,"(20, 5)",4,"{'pca__n_components': 4, 'NN__hidden_layer_sizes': (20, 5), 'NN__alpha': 0.1}",49,0.0,0.0,0.0,0.0,0.0,0.0,0.0,0.0,0.0,0.0,0.0007446346926415466,0.0006024262525765606,0.0,0.0
33,0.02638530731201172,0.000805807113647461,0.0,0.0,0.1,"(20, 5)",5,"{'pca__n_components': 5, 'NN__hidden_layer_sizes': (20, 5), 'NN__alpha': 0.1}",49,0.0,0.0,0.0,0.0,0.0,0.0,0.0,0.0,0.0,0.0,0.0010230515392664668,0.0004031755146189072,0.0,0.0
34,0.026600122451782227,0.0006971359252929688,0.0,0.0,0.1,"(20, 5)",6,"{'pca__n_components': 6, 'NN__hidden_layer_sizes': (20, 5), 'NN__alpha': 0.1}",49,0.0,0.0,0.0,0.0,0.0,0.0,0.0,0.0,0.0,0.0,0.0011977375857467995,0.0003945467462855042,0.0,0.0
35,0.04817771911621094,0.0005982398986816406,0.0,0.0,0.1,"(20, 5)",7,"{'pca__n_components': 7, 'NN__hidden_layer_sizes': (20, 5), 'NN__alpha': 0.1}",49,0.0,0.0,0.0,0.0,0.0,0.0,0.0,0.0,0.0,0.0,0.0019454691455014076,0.0004884610413186033,0.0,0.0
36,0.03797578811645508,0.001002359390258789,0.0979495008018726,0.10873124845643119,0.1,"(20, 5)",8,"{'pca__n_components': 8, 'NN__hidden_layer_sizes': (20, 5), 'NN__alpha': 0.1}",9,0.16779587718033745,0.24729625252157206,0.0,0.0,0.32220367278797996,0.2801206376561821,0.0,0.0,0.0,0.016239352104401795,0.002530141793937899,0.0011016412983067814,0.1294449746262415,0.12710177241440743
37,0.025783824920654296,0.0010986804962158203,0.0,0.0,0.1,"(20, 5)",9,"{'pca__n_components': 9, 'NN__hidden_layer_sizes': (20, 5), 'NN__alpha': 0.1}",49,0.0,0.0,0.0,0.0,0.0,0.0,0.0,0.0,0.0,0.0,0.0004013739327385439,0.00020791310747576968,0.0,0.0
38,0.024988842010498048,0.000901031494140625,0.0,0.0,0.1,"(20, 5)",10,"{'pca__n_components': 10, 'NN__hidden_layer_sizes': (20, 5), 'NN__alpha': 0.1}",49,0.0,0.0,0.0,0.0,0.0,0.0,0.0,0.0,0.0,0.0,0.0010996235351574217,0.0001933817430772837,0.0,0.0
39,0.025588417053222658,0.0007976531982421875,0.0,0.0,0.1,"(20, 5)",11,"{'pca__n_components': 11, 'NN__hidden_layer_sizes': (20, 5), 'NN__alpha': 0.1}",49,0.0,0.0,0.0,0.0,0.0,0.0,0.0,0.0,0.0,0.0,0.0010280507680820565,0.0003988271122167015,0.0,0.0
40,0.04714422225952149,0.001197052001953125,0.0,0.0,0.01,"(200,)",2,"{'pca__n_components': 2, 'NN__hidden_layer_sizes': (200,), 'NN__alpha': 0.01}",49,0.0,0.0,0.0,0.0,0.0,0.0,0.0,0.0,0.0,0.0,0.0016039778796412198,0.00039925588069956086,0.0,0.0
41,0.04792499542236328,0.0011964797973632812,0.012504581790492833,0.006479327759267406,0.01,"(200,)",3,"{'pca__n_components': 3, 'NN__hidden_layer_sizes': (200,), 'NN__alpha': 0.01}",31,0.062189453438051025,0.03239663879633703,0.0,0.0,0.0,0.0,0.0,0.0,0.0,0.0,0.0012480086236606371,0.00039834979050234126,0.024925660297513284,0.012958655518534812
42,0.04721622467041016,0.0009979248046875,0.0,0.0,0.01,"(200,)",4,"{'pca__n_components': 4, 'NN__hidden_layer_sizes': (200,), 'NN__alpha': 0.01}",49,0.0,0.0,0.0,0.0,0.0,0.0,0.0,0.0,0.0,0.0,0.0011496273759083696,6.14361702286011e-07,0.0,0.0
43,0.047617006301879886,0.0009971141815185546,0.0,0.0,0.01,"(200,)",5,"{'pca__n_components': 5, 'NN__hidden_layer_sizes': (200,), 'NN__alpha': 0.01}",49,0.0,0.0,0.0,0.0,0.0,0.0,0.0,0.0,0.0,0.0,0.0008235774032092977,4.6231077741778654e-07,0.0,0.0
44,0.05312910079956055,0.000997447967529297,0.0,0.0,0.01,"(200,)",6,"{'pca__n_components': 6, 'NN__hidden_layer_sizes': (200,), 'NN__alpha': 0.01}",49,0.0,0.0,0.0,0.0,0.0,0.0,0.0,0.0,0.0,0.0,0.0007852699125797276,8.609519045480627e-07,0.0,0.0
45,0.04979400634765625,0.001196432113647461,0.0,0.0,0.01,"(200,)",7,"{'pca__n_components': 7, 'NN__hidden_layer_sizes': (200,), 'NN__alpha': 0.01}",49,0.0,0.0,0.0,0.0,0.0,0.0,0.0,0.0,0.0,0.0,0.001999351834269528,0.00039908889872717533,0.0,0.0
46,0.0512631893157959,0.0011966228485107422,0.0,0.0,0.01,"(200,)",8,"{'pca__n_components': 8, 'NN__hidden_layer_sizes': (200,), 'NN__alpha': 0.01}",49,0.0,0.0,0.0,0.0,0.0,0.0,0.0,0.0,0.0,0.0,0.0019540331345572026,0.00039911301474974807,0.0,0.0
47,0.050265932083129884,0.0017955303192138672,0.0,0.0,0.01,"(200,)",9,"{'pca__n_components': 9, 'NN__hidden_layer_sizes': (200,), 'NN__alpha': 0.01}",49,0.0,0.0,0.0,0.0,0.0,0.0,0.0,0.0,0.0,0.0,0.0011963367889789272,0.0007469265739288812,0.0,0.0
48,0.049866247177124026,0.0009978294372558593,0.0,0.0,0.01,"(200,)",10,"{'pca__n_components': 10, 'NN__hidden_layer_sizes': (200,), 'NN__alpha': 0.01}",49,0.0,0.0,0.0,0.0,0.0,0.0,0.0,0.0,0.0,0.0,0.003024409679749925,2.3360154559928684e-07,0.0,0.0
49,0.051063919067382814,0.0011967658996582032,0.0,0.0,0.01,"(200,)",11,"{'pca__n_components': 11, 'NN__hidden_layer_sizes': (200,), 'NN__alpha': 0.01}",49,0.0,0.0,0.0,0.0,0.0,0.0,0.0,0.0,0.0,0.0,0.002308495362833839,0.0003988029960095221,0.0,0.0
50,0.031117057800292967,0.000997018814086914,0.0,0.0,0.01,"(100,)",2,"{'pca__n_components': 2, 'NN__hidden_layer_sizes': (100,), 'NN__alpha': 0.01}",49,0.0,0.0,0.0,0.0,0.0,0.0,0.0,0.0,0.0,0.0,0.0007466461666501681,7.599533772711385e-07,0.0,0.0
51,0.032712793350219725,0.000996875762939453,0.0,0.0,0.01,"(100,)",3,"{'pca__n_components': 3, 'NN__hidden_layer_sizes': (100,), 'NN__alpha': 0.01}",49,0.0,0.0,0.0,0.0,0.0,0.0,0.0,0.0,0.0,0.0,0.0007461235682465371,5.722045898437501e-07,0.0,0.0
52,0.0339144229888916,0.0009973526000976562,0.0,0.0,0.01,"(100,)",4,"{'pca__n_components': 4, 'NN__hidden_layer_sizes': (100,), 'NN__alpha': 0.01}",49,0.0,0.0,0.0,0.0,0.0,0.0,0.0,0.0,0.0,0.0,0.0014145575793110847,8.44957597096889e-07,0.0,0.0
53,0.03252592086791992,0.0009955883026123047,0.0,0.0,0.01,"(100,)",5,"{'pca__n_components': 5, 'NN__hidden_layer_sizes': (100,), 'NN__alpha': 0.01}",49,0.0,0.0,0.0,0.0,0.0,0.0,0.0,0.0,0.0,0.0,0.0008046524202607954,3.6886367046000897e-06,0.0,0.0
54,0.03295974731445313,0.0009972572326660157,0.0,0.003278688524590162,0.01,"(100,)",6,"{'pca__n_components': 6, 'NN__hidden_layer_sizes': (100,), 'NN__alpha': 0.01}",49,0.0,0.0,0.0,0.01639344262295081,0.0,0.0,0.0,0.0,0.0,0.0,0.0014120653842603678,4.6231077741778654e-07,0.0,0.006557377049180324
55,0.035286331176757814,0.0012020111083984376,0.07830833667878817,0.08610999833300934,0.01,"(100,)",7,"{'pca__n_components': 7, 'NN__hidden_layer_sizes': (100,), 'NN__alpha': 0.01}",10,0.0,0.0,0.0,0.0,0.06387555849743502,0.2162413857329107,0.0,0.1076067527308836,0.32907075873827785,0.10670185320125233,0.0020442896034653965,0.0002501429103727098,0.1275186273353202,0.080808633881538
56,0.03609004020690918,0.0008991241455078125,0.0,0.0,0.01,"(100,)",8,"{'pca__n_components': 8, 'NN__hidden_layer_sizes': (100,), 'NN__alpha': 0.01}",49,0.0,0.0,0.0,0.0,0.0,0.0,0.0,0.0,0.0,0.0,0.0007904294227304016,0.00019175355197780216,0.0,0.0
57,0.036887407302856445,0.001106595993041992,0.0,0.0,0.01,"(100,)",9,"{'pca__n_components': 9, 'NN__hidden_layer_sizes': (100,), 'NN__alpha': 0.01}",49,0.0,0.0,0.0,0.0,0.0,0.0,0.0,0.0,0.0,0.0,0.0012755198343505747,0.0001988435305988243,0.0,0.0
58,0.034281015396118164,0.0009066581726074219,0.0,0.0,0.01,"(100,)",10,"{'pca__n_components': 10, 'NN__hidden_layer_sizes': (100,), 'NN__alpha': 0.01}",49,0.0,0.0,0.0,0.0,0.0,0.0,0.0,0.0,0.0,0.0,0.001260484488785901,0.0001958419842366231,0.0,0.0
59,0.033286333084106445,0.0010024070739746093,0.0,0.0,0.01,"(100,)",11,"{'pca__n_components': 11, 'NN__hidden_layer_sizes': (100,), 'NN__alpha': 0.01}",49,0.0,0.0,0.0,0.0,0.0,0.0,0.0,0.0,0.0,0.0,0.00264208738822696,0.0005398379713922978,0.0,0.0
60,0.03209099769592285,0.0009010791778564453,0.0,0.0,0.01,"(20, 20)",2,"{'pca__n_components': 2, 'NN__hidden_layer_sizes': (20, 20), 'NN__alpha': 0.01}",49,0.0,0.0,0.0,0.0,0.0,0.0,0.0,0.0,0.0,0.0,0.0034634864988648526,0.00019209398974162205,0.0,0.0
61,0.029378509521484374,0.0007981300354003906,0.0,0.0,0.01,"(20, 20)",3,"{'pca__n_components': 3, 'NN__hidden_layer_sizes': (20, 20), 'NN__alpha': 0.01}",49,0.0,0.0,0.0,0.0,0.0,0.0,0.0,0.0,0.0,0.0,0.0015021316377435408,0.0003990651458975228,0.0,0.0
62,0.03558349609375,0.0009953975677490234,0.04246929003314359,0.020733985381601493,0.01,"(20, 20)",4,"{'pca__n_components': 4, 'NN__hidden_layer_sizes': (20, 20), 'NN__alpha': 0.01}",20,0.2112139357648341,0.10366992690800747,0.0,0.0,0.0,0.0,0.0,0.0,0.0,0.0,0.0010129022907933184,4.082461317635344e-06,0.08465497800554453,0.04146797076320299
63,0.031182479858398438,0.0011003971099853515,0.012381540357226594,0.0064304134431411655,0.01,"(20, 20)",5,"{'pca__n_components': 5, 'NN__hidden_layer_sizes': (20, 20), 'NN__alpha': 0.01}",37,0.06157752737660693,0.03215206721570583,0.0,0.0,0.0,0.0,0.0,0.0,0.0,0.0,0.0013267397708640895,0.0002058271666904653,0.024680399078905783,0.012860826886282331
64,0.029183673858642577,0.0009933948516845704,0.0,0.0,0.01,"(20, 20)",6,"{'pca__n_components': 6, 'NN__hidden_layer_sizes': (20, 20), 'NN__alpha': 0.01}",49,0.0,0.0,0.0,0.0,0.0,0.0,0.0,0.0,0.0,0.0,0.0011660529633643545,4.497461747189177e-06,0.0,0.0
65,0.02858705520629883,0.0009961128234863281,0.0,0.0,0.01,"(20, 20)",7,"{'pca__n_components': 7, 'NN__hidden_layer_sizes': (20, 20), 'NN__alpha': 0.01}",49,0.0,0.0,0.0,0.0,0.0,0.0,0.0,0.0,0.0,0.0,0.0008011502058888018,3.4484261954812135e-06,0.0,0.0
66,0.03188486099243164,0.0007963180541992188,0.0,0.0,0.01,"(20, 20)",8,"{'pca__n_components': 8, 'NN__hidden_layer_sizes': (20, 20), 'NN__alpha': 0.01}",49,0.0,0.0,0.0,0.0,0.0,0.0,0.0,0.0,0.0,0.0,0.0012034650949657869,0.00039817293222782176,0.0,0.0
67,0.036354351043701175,0.0007979869842529297,0.036105427452255895,0.04770434644941376,0.01,"(20, 20)",9,"{'pca__n_components': 9, 'NN__hidden_layer_sizes': (20, 20), 'NN__alpha': 0.01}",26,0.1177899210686097,0.10727597145122911,0.0,0.0,0.06232843533021151,0.1312457607958397,0.0,0.0,0.0,0.0,0.0022408725473667093,0.00039899381623883243,0.047543237184454835,0.05891529585235946
68,0.029380655288696288,0.0009959220886230468,0.0,0.0,0.01,"(20, 20)",10,"{'pca__n_components': 10, 'NN__hidden_layer_sizes': (20, 20), 'NN__alpha': 0.01}",49,0.0,0.0,0.0,0.0,0.0,0.0,0.0,0.0,0.0,0.0,0.0010142762336632534,2.7779601409205454e-06,0.0,0.0
69,0.02874283790588379,0.0009975433349609375,0.0,0.0,0.01,"(20, 20)",11,"{'pca__n_components': 11, 'NN__hidden_layer_sizes': (20, 20), 'NN__alpha': 0.01}",49,0.0,0.0,0.0,0.0,0.0,0.0,0.0,0.0,0.0,0.0,0.0011841812945542446,2.611744678045111e-07,0.0,0.0
70,0.025247526168823243,0.0009978294372558593,0.6666666666666665,0.6666666666666723,0.01,"(20, 5)",2,"{'pca__n_components': 2, 'NN__hidden_layer_sizes': (20, 5), 'NN__alpha': 0.01}",1,0.6666666666666669,0.6666666666666734,0.666666666666667,0.6666666666666734,0.6666666666666662,0.6666666666666716,0.6666666666666661,0.6666666666666715,0.6666666666666659,0.6666666666666715,0.0005979963717901374,1.784161275279017e-07,4.602165614994828e-16,9.073993441833817e-16
71,0.03651127815246582,0.0005985260009765625,0.012320923213974223,0.0,0.01,"(20, 5)",3,"{'pca__n_components': 3, 'NN__hidden_layer_sizes': (20, 5), 'NN__alpha': 0.01}",43,0.061276058117498464,0.0,0.0,0.0,0.0,0.0,0.0,0.0,0.0,0.0,0.0013360938083038763,0.0004886944566570865,0.024559569582467678,0.0
72,0.025332212448120117,0.0007981300354003906,0.0,0.0,0.01,"(20, 5)",4,"{'pca__n_components': 4, 'NN__hidden_layer_sizes': (20, 5), 'NN__alpha': 0.01}",49,0.0,0.0,0.0,0.0,0.0,0.0,0.0,0.0,0.0,0.0,0.001017120942645376,0.0003990652883389495,0.0,0.0
73,0.025531768798828125,0.0009976863861083985,0.0,0.0,0.01,"(20, 5)",5,"{'pca__n_components': 5, 'NN__hidden_layer_sizes': (20, 5), 'NN__alpha': 0.01}",49,0.0,0.0,0.0,0.0,0.0,0.0,0.0,0.0,0.0,0.0,0.0013529297336896192,1.1680077279964342e-07,0.0,0.0
74,0.026729059219360352,0.0007979869842529297,0.0,0.0,0.01,"(20, 5)",6,"{'pca__n_components': 6, 'NN__hidden_layer_sizes': (20, 5), 'NN__alpha': 0.01}",49,0.0,0.0,0.0,0.0,0.0,0.0,0.0,0.0,0.0,0.0,0.0003990899242432728,0.0003989942151460003,0.0,0.0
75,0.049068641662597653,0.000997304916381836,0.0,0.006504065040650403,0.01,"(20, 5)",7,"{'pca__n_components': 7, 'NN__hidden_layer_sizes': (20, 5), 'NN__alpha': 0.01}",49,0.0,0.032520325203252015,0.0,0.0,0.0,0.0,0.0,0.0,0.0,0.0,0.0015958906045938478,0.0006309019447972371,0.0,0.013008130081300806
76,0.03809852600097656,0.0009974002838134765,0.10566347305915674,0.11969787302775858,0.01,"(20, 5)",8,"{'pca__n_components': 8, 'NN__hidden_layer_sizes': (20, 5), 'NN__alpha': 0.01}",8,0.16704936854190597,0.2497128499641061,0.0,0.0,0.3616651050729487,0.3325786246674042,0.0,0.0,0.0,0.01619789050728274,0.0020349712723374304,8.064048063892252e-07,0.14322384797930005,0.1425408830075758
77,0.02433490753173828,0.0007983207702636719,0.0,0.0,0.01,"(20, 5)",9,"{'pca__n_components': 9, 'NN__hidden_layer_sizes': (20, 5), 'NN__alpha': 0.01}",49,0.0,0.0,0.0,0.0,0.0,0.0,0.0,0.0,0.0,0.0,0.0004886166670358715,0.00039916042785407337,0.0,0.0
78,0.025731277465820313,0.0005983829498291016,0.0,0.0,0.01,"(20, 5)",10,"{'pca__n_components': 10, 'NN__hidden_layer_sizes': (20, 5), 'NN__alpha': 0.01}",49,0.0,0.0,0.0,0.0,0.0,0.0,0.0,0.0,0.0,0.0,0.0017160610885480457,0.0004885777955034635,0.0,0.0
79,0.02513298988342285,0.0005981922149658203,0.0,0.0,0.01,"(20, 5)",11,"{'pca__n_components': 11, 'NN__hidden_layer_sizes': (20, 5), 'NN__alpha': 0.01}",49,0.0,0.0,0.0,0.0,0.0,0.0,0.0,0.0,0.0,0.0,0.0007467101297387389,0.0004884224180955981,0.0,0.0
80,0.047672700881958005,0.0015956401824951173,0.0,0.0,0.001,"(200,)",2,"{'pca__n_components': 2, 'NN__hidden_layer_sizes': (200,), 'NN__alpha': 0.001}",49,0.0,0.0,0.0,0.0,0.0,0.0,0.0,0.0,0.0,0.0,0.00222126200123336,0.0004888311796661405,0.0,0.0
81,0.04707436561584473,0.0015959739685058594,0.012504581790492833,0.006479327759267406,0.001,"(200,)",3,"{'pca__n_components': 3, 'NN__hidden_layer_sizes': (200,), 'NN__alpha': 0.001}",31,0.062189453438051025,0.03239663879633703,0.0,0.0,0.0,0.0,0.0,0.0,0.0,0.0,0.0013228374073702422,0.00048822741658759806,0.024925660297513284,0.012958655518534812
82,0.04707460403442383,0.0013957977294921874,0.0,0.0,0.001,"(200,)",4,"{'pca__n_components': 4, 'NN__hidden_layer_sizes': (200,), 'NN__alpha': 0.001}",49,0.0,0.0,0.0,0.0,0.0,0.0,0.0,0.0,0.0,0.0,0.0014654543406265076,0.0004883449622772659,0.0,0.0
83,0.049467849731445315,0.0011968612670898438,0.0,0.0,0.001,"(200,)",5,"{'pca__n_components': 5, 'NN__hidden_layer_sizes': (200,), 'NN__alpha': 0.001}",49,0.0,0.0,0.0,0.0,0.0,0.0,0.0,0.0,0.0,0.0,0.002326029387035423,0.0003987551697700966,0.0,0.0
84,0.0522608757019043,0.0015955448150634765,0.0,0.0,0.001,"(200,)",6,"{'pca__n_components': 6, 'NN__hidden_layer_sizes': (200,), 'NN__alpha': 0.001}",49,0.0,0.0,0.0,0.0,0.0,0.0,0.0,0.0,0.0,0.0,0.0014934386709921903,0.0004889483988480869,0.0,0.0
85,0.049468612670898436,0.0011974334716796874,0.0,0.0,0.001,"(200,)",7,"{'pca__n_components': 7, 'NN__hidden_layer_sizes': (200,), 'NN__alpha': 0.001}",49,0.0,0.0,0.0,0.0,0.0,0.0,0.0,0.0,0.0,0.0,0.0018501415731495413,0.0003993042050033761,0.0,0.0
86,0.04906959533691406,0.001196908950805664,0.0,0.0,0.001,"(200,)",8,"{'pca__n_components': 8, 'NN__hidden_layer_sizes': (200,), 'NN__alpha': 0.001}",49,0.0,0.0,0.0,0.0,0.0,0.0,0.0,0.0,0.0,0.0,0.0007463661140312738,0.00039861223273982184,0.0,0.0
87,0.050664758682250975,0.0015952587127685547,0.0,0.0,0.001,"(200,)",9,"{'pca__n_components': 9, 'NN__hidden_layer_sizes': (200,), 'NN__alpha': 0.001}",49,0.0,0.0,0.0,0.0,0.0,0.0,0.0,0.0,0.0,0.0,0.0033614754045854824,0.0004885200991053846,0.0,0.0
88,0.04986696243286133,0.0015960216522216796,0.0,0.0,0.001,"(200,)",10,"{'pca__n_components': 10, 'NN__hidden_layer_sizes': (200,), 'NN__alpha': 0.001}",49,0.0,0.0,0.0,0.0,0.0,0.0,0.0,0.0,0.0,0.0,0.0008926564096756698,0.0004888503150452149,0.0,0.0
89,0.05166163444519043,0.0013963699340820313,0.0,0.0,0.001,"(200,)",11,"{'pca__n_components': 11, 'NN__hidden_layer_sizes': (200,), 'NN__alpha': 0.001}",49,0.0,0.0,0.0,0.0,0.0,0.0,0.0,0.0,0.0,0.0,0.0031793219080227487,0.0004894345742437238,0.0,0.0
90,0.03271307945251465,0.0011967182159423827,0.0,0.0,0.001,"(100,)",2,"{'pca__n_components': 2, 'NN__hidden_layer_sizes': (100,), 'NN__alpha': 0.001}",49,0.0,0.0,0.0,0.0,0.0,0.0,0.0,0.0,0.0,0.0,0.001595902595200587,0.0003994231401095565,0.0,0.0
91,0.0331113338470459,0.000997447967529297,0.0,0.0,0.001,"(100,)",3,"{'pca__n_components': 3, 'NN__hidden_layer_sizes': (100,), 'NN__alpha': 0.001}",49,0.0,0.0,0.0,0.0,0.0,0.0,0.0,0.0,0.0,0.0,0.002034312088810949,4.90933901833868e-07,0.0,0.0
92,0.0341087818145752,0.000997447967529297,0.0,0.0,0.001,"(100,)",4,"{'pca__n_components': 4, 'NN__hidden_layer_sizes': (100,), 'NN__alpha': 0.001}",49,0.0,0.0,0.0,0.0,0.0,0.0,0.0,0.0,0.0,0.0,0.002985274670972083,6.325959759436417e-07,0.0,0.0
93,0.0325131893157959,0.0009976863861083985,0.0,0.0,0.001,"(100,)",5,"{'pca__n_components': 5, 'NN__hidden_layer_sizes': (100,), 'NN__alpha': 0.001}",49,0.0,0.0,0.0,0.0,0.0,0.0,0.0,0.0,0.0,0.0,0.0004880715502892715,5.352483825837052e-07,0.0,0.0
94,0.03351020812988281,0.0011971950531005859,0.0,0.003278688524590162,0.001,"(100,)",6,"{'pca__n_components': 6, 'NN__hidden_layer_sizes': (100,), 'NN__alpha': 0.001}",49,0.0,0.0,0.0,0.01639344262295081,0.0,0.0,0.0,0.0,0.0,0.0,0.001016887388134849,0.00039846901048244557,0.0,0.006557377049180324
95,0.03430829048156738,0.0011967182159423827,0.07830833667878817,0.08610999833300934,0.001,"(100,)",7,"{'pca__n_components': 7, 'NN__hidden_layer_sizes': (100,), 'NN__alpha': 0.001}",10,0.0,0.0,0.0,0.0,0.06387555849743502,0.2162413857329107,0.0,0.1076067527308836,0.32907075873827785,0.10670185320125233,0.001196591382925012,0.0003987077997179644,0.1275186273353202,0.080808633881538
96,0.035106849670410153,0.0009972572326660157,0.0,0.0,0.001,"(100,)",8,"{'pca__n_components': 8, 'NN__hidden_layer_sizes': (100,), 'NN__alpha': 0.001}",49,0.0,0.0,0.0,0.0,0.0,0.0,0.0,0.0,0.0,0.0,0.0011623442407591089,8.714517060516867e-07,0.0,0.0
97,0.03640427589416504,0.0007979869842529297,0.0,0.0,0.001,"(100,)",9,"{'pca__n_components': 9, 'NN__hidden_layer_sizes': (100,), 'NN__alpha': 0.001}",49,0.0,0.0,0.0,0.0,0.0,0.0,0.0,0.0,0.0,0.0,0.0018955717367952203,0.0003989936737718901,0.0,0.0
98,0.034011125564575195,0.000997304916381836,0.0,0.0,0.001,"(100,)",10,"{'pca__n_components': 10, 'NN__hidden_layer_sizes': (100,), 'NN__alpha': 0.001}",49,0.0,0.0,0.0,0.0,0.0,0.0,0.0,0.0,0.0,0.0,0.0011989713397262572,4.76837158203125e-07,0.0,0.0
99,0.033513975143432614,0.000997304916381836,0.0,0.0,0.001,"(100,)",11,"{'pca__n_components': 11, 'NN__hidden_layer_sizes': (100,), 'NN__alpha': 0.001}",49,0.0,0.0,0.0,0.0,0.0,0.0,0.0,0.0,0.0,0.0,0.001150782030931354,6.572746635480032e-07,0.0,0.0
100,0.028926515579223634,0.00039882659912109374,0.0,0.0,0.001,"(20, 20)",2,"{'pca__n_components': 2, 'NN__hidden_layer_sizes': (20, 20), 'NN__alpha': 0.001}",49,0.0,0.0,0.0,0.0,0.0,0.0,0.0,0.0,0.0,0.0,0.00031533604323729893,0.0004884609249461174,0.0,0.0
101,0.02952117919921875,0.0007977008819580079,0.0,0.0,0.001,"(20, 20)",3,"{'pca__n_components': 3, 'NN__hidden_layer_sizes': (20, 20), 'NN__alpha': 0.001}",49,0.0,0.0,0.0,0.0,0.0,0.0,0.0,0.0,0.0,0.0,0.0013534079183334061,0.00039885048017148766,0.0,0.0
102,0.03490691184997559,0.0009971141815185546,0.04246929003314359,0.020733985381601493,0.001,"(20, 20)",4,"{'pca__n_components': 4, 'NN__hidden_layer_sizes': (20, 20), 'NN__alpha': 0.001}",20,0.2112139357648341,0.10366992690800747,0.0,0.0,0.0,0.0,0.0,0.0,0.0,0.0,0.0014103010099125995,4.1019083342755444e-07,0.08465497800554453,0.04146797076320299
103,0.030717992782592775,0.00079803466796875,0.012381540357226594,0.0064304134431411655,0.001,"(20, 20)",5,"{'pca__n_components': 5, 'NN__hidden_layer_sizes': (20, 20), 'NN__alpha': 0.001}",37,0.06157752737660693,0.03215206721570583,0.0,0.0,0.0,0.0,0.0,0.0,0.0,0.0,0.0011632602959894265,0.00039901770437635514,0.024680399078905783,0.012860826886282331
104,0.029822063446044923,0.0007979393005371094,0.0,0.0,0.001,"(20, 20)",6,"{'pca__n_components': 6, 'NN__hidden_layer_sizes': (20, 20), 'NN__alpha': 0.001}",49,0.0,0.0,0.0,0.0,0.0,0.0,0.0,0.0,0.0,0.0,0.0015555761594112862,0.0003989698069916248,0.0,0.0
105,0.029523849487304688,0.000997638702392578,0.0,0.0,0.001,"(20, 20)",7,"{'pca__n_components': 7, 'NN__hidden_layer_sizes': (20, 20), 'NN__alpha': 0.001}",49,0.0,0.0,0.0,0.0,0.0,0.0,0.0,0.0,0.0,0.0,0.0007325121611587899,2.431401974483864e-07,0.0,0.0
106,0.031816625595092775,0.000997638702392578,0.0,0.0,0.001,"(20, 20)",8,"{'pca__n_components': 8, 'NN__hidden_layer_sizes': (20, 20), 'NN__alpha': 0.001}",49,0.0,0.0,0.0,0.0,0.0,0.0,0.0,0.0,0.0,0.0,0.0011101369435994367,3.568322550558034e-07,0.0,0.0
107,0.03620471954345703,0.0007981300354003906,0.035994502340460775,0.05335584382840025,0.001,"(20, 20)",9,"{'pca__n_components': 9, 'NN__hidden_layer_sizes': (20, 20), 'NN__alpha': 0.001}",27,0.11723825351261528,0.13568412532789834,0.0,0.0,0.06232843533021151,0.13109509381410292,0.0,0.0,0.0,0.0,0.002083274371170108,0.00039906531682722867,0.04735278838895954,0.0653634074003522
108,0.0286252498626709,0.0009972095489501954,0.0,0.0,0.001,"(20, 20)",10,"{'pca__n_components': 10, 'NN__hidden_layer_sizes': (20, 20), 'NN__alpha': 0.001}",49,0.0,0.0,0.0,0.0,0.0,0.0,0.0,0.0,0.0,0.0,0.0008671691521512732,3.2340669551493016e-07,0.0,0.0
109,0.028902339935302734,0.0011966705322265625,0.0,0.0,0.001,"(20, 20)",11,"{'pca__n_components': 11, 'NN__hidden_layer_sizes': (20, 20), 'NN__alpha': 0.001}",49,0.0,0.0,0.0,0.0,0.0,0.0,0.0,0.0,0.0,0.0,0.0010557093206468573,0.0003987313457380276,0.0,0.0
110,0.0262908935546875,0.0007959842681884765,0.6666666666666665,0.6666666666666723,0.001,"(20, 5)",2,"{'pca__n_components': 2, 'NN__hidden_layer_sizes': (20, 5), 'NN__alpha': 0.001}",1,0.6666666666666669,0.6666666666666734,0.666666666666667,0.6666666666666734,0.6666666666666662,0.6666666666666716,0.6666666666666661,0.6666666666666715,0.6666666666666659,0.6666666666666715,0.0010519219113162258,0.00039800537022579484,4.602165614994828e-16,9.073993441833817e-16
111,0.03608317375183105,0.0011968612670898438,0.012320923213974223,0.0,0.001,"(20, 5)",3,"{'pca__n_components': 3, 'NN__hidden_layer_sizes': (20, 5), 'NN__alpha': 0.001}",43,0.061276058117498464,0.0,0.0,0.0,0.0,0.0,0.0,0.0,0.0,0.0,0.0016240429767473631,0.0003991129292951182,0.024559569582467678,0.0
112,0.026089572906494142,0.00039920806884765627,0.0,0.0,0.001,"(20, 5)",4,"{'pca__n_components': 4, 'NN__hidden_layer_sizes': (20, 5), 'NN__alpha': 0.001}",49,0.0,0.0,0.0,0.0,0.0,0.0,0.0,0.0,0.0,0.0,0.0007584881959060095,0.0004889280581915708,0.0,0.0
113,0.026130151748657227,0.0019950389862060545,0.0,0.0,0.001,"(20, 5)",5,"{'pca__n_components': 5, 'NN__hidden_layer_sizes': (20, 5), 'NN__alpha': 0.001}",49,0.0,0.0,0.0,0.0,0.0,0.0,0.0,0.0,0.0,0.0,0.0003991365824383162,0.0019942761294124553,0.0,0.0
114,0.025531530380249023,0.0009979248046875,0.0,0.0,0.001,"(20, 5)",6,"{'pca__n_components': 6, 'NN__hidden_layer_sizes': (20, 5), 'NN__alpha': 0.001}",49,0.0,0.0,0.0,0.0,0.0,0.0,0.0,0.0,0.0,0.0,0.00101688716453713,7.008046367978606e-07,0.0,0.0
115,0.0478726863861084,0.000997018814086914,0.0,0.009677419354838703,0.001,"(20, 5)",7,"{'pca__n_components': 7, 'NN__hidden_layer_sizes': (20, 5), 'NN__alpha': 0.001}",49,0.0,0.04838709677419352,0.0,0.0,0.0,0.0,0.0,0.0,0.0,0.0,0.002676529719189538,4.1019083342755444e-07,0.0,0.019354838709677406
116,0.039095163345336914,0.000798177719116211,0.1058135753322998,0.11946873244118675,0.001,"(20, 5)",8,"{'pca__n_components': 8, 'NN__hidden_layer_sizes': (20, 5), 'NN__alpha': 0.001}",7,0.16779587718033745,0.24890208670608105,0.0,0.0,0.3616651050729487,0.3322436849925699,0.0,0.0,0.0,0.01619789050728274,0.002631551877009737,0.0003990888702405795,0.14328847991674196,0.1422930753659152
117,0.02513265609741211,0.0009977340698242188,0.0,0.0,0.001,"(20, 5)",9,"{'pca__n_components': 9, 'NN__hidden_layer_sizes': (20, 5), 'NN__alpha': 0.001}",49,0.0,0.0,0.0,0.0,0.0,0.0,0.0,0.0,0.0,0.0,0.000977184634856911,6.97552625576391e-07,0.0,0.0
118,0.02692756652832031,0.00039925575256347654,0.0,0.0,0.001,"(20, 5)",10,"{'pca__n_components': 10, 'NN__hidden_layer_sizes': (20, 5), 'NN__alpha': 0.001}",49,0.0,0.0,0.0,0.0,0.0,0.0,0.0,0.0,0.0,0.0,0.0017834735244190924,0.0004889864876370502,0.0,0.0
119,0.02613043785095215,0.0007985591888427735,0.0,0.0,0.001,"(20, 5)",11,"{'pca__n_components': 11, 'NN__hidden_layer_sizes': (20, 5), 'NN__alpha': 0.001}",49,0.0,0.0,0.0,0.0,0.0,0.0,0.0,0.0,0.0,0.0,0.0009777198788597154,0.00039928006066632056,0.0,0.0
120,0.04727449417114258,0.0015960216522216796,0.0,0.0,0.0001,"(200,)",2,"{'pca__n_components': 2, 'NN__hidden_layer_sizes': (200,), 'NN__alpha': 0.0001}",49,0.0,0.0,0.0,0.0,0.0,0.0,0.0,0.0,0.0,0.0,0.0023263033409897747,0.00048816941794851726,0.0,0.0
121,0.04787278175354004,0.0013958930969238282,0.012504581790492833,0.006479327759267406,0.0001,"(200,)",3,"{'pca__n_components': 3, 'NN__hidden_layer_sizes': (200,), 'NN__alpha': 0.0001}",31,0.062189453438051025,0.03239663879633703,0.0,0.0,0.0,0.0,0.0,0.0,0.0,0.0,0.0017836601486958686,0.0004882663113573842,0.024925660297513284,0.012958655518534812
122,0.046475553512573244,0.0011968135833740235,0.0,0.0,0.0001,"(200,)",4,"{'pca__n_components': 4, 'NN__hidden_layer_sizes': (200,), 'NN__alpha': 0.0001}",49,0.0,0.0,0.0,0.0,0.0,0.0,0.0,0.0,0.0,0.0,0.0004888313192073476,0.000399018331192769,0.0,0.0
123,0.050066900253295896,0.0015953540802001952,0.0,0.0,0.0001,"(200,)",5,"{'pca__n_components': 5, 'NN__hidden_layer_sizes': (200,), 'NN__alpha': 0.0001}",49,0.0,0.0,0.0,0.0,0.0,0.0,0.0,0.0,0.0,0.0,0.003959389281516568,0.000489083800296186,0.0,0.0
124,0.05226025581359863,0.0015960216522216796,0.0,0.0,0.0001,"(200,)",6,"{'pca__n_components': 6, 'NN__hidden_layer_sizes': (200,), 'NN__alpha': 0.0001}",49,0.0,0.0,0.0,0.0,0.0,0.0,0.0,0.0,0.0,0.0,0.0016210627493974045,0.0004889485848584167,0.0,0.0
125,0.05006561279296875,0.0013967990875244141,0.0,0.0,0.0001,"(200,)",7,"{'pca__n_components': 7, 'NN__hidden_layer_sizes': (200,), 'NN__alpha': 0.0001}",49,0.0,0.0,0.0,0.0,0.0,0.0,0.0,0.0,0.0,0.0,0.0003989487827543282,0.000488597206061424,0.0,0.0
126,0.05086426734924317,0.0015955924987792968,0.0,0.0,0.0001,"(200,)",8,"{'pca__n_components': 8, 'NN__hidden_layer_sizes': (200,), 'NN__alpha': 0.0001}",49,0.0,0.0,0.0,0.0,0.0,0.0,0.0,0.0,0.0,0.0,0.0028214282370062774,0.0004895714435294887,0.0,0.0
127,0.05066595077514648,0.0011954307556152344,0.0,0.0,0.0001,"(200,)",9,"{'pca__n_components': 9, 'NN__hidden_layer_sizes': (200,), 'NN__alpha': 0.0001}",49,0.0,0.0,0.0,0.0,0.0,0.0,0.0,0.0,0.0,0.0,0.0023092369354836065,0.00039863606389054407,0.0,0.0
128,0.050863790512084964,0.0009972572326660157,0.0,0.0,0.0001,"(200,)",10,"{'pca__n_components': 10, 'NN__hidden_layer_sizes': (200,), 'NN__alpha': 0.0001}",49,0.0,0.0,0.0,0.0,0.0,0.0,0.0,0.0,0.0,0.0,0.0033368513026975004,8.44957597096889e-07,0.0,0.0
129,0.05086393356323242,0.000996875762939453,0.0,0.0,0.0001,"(200,)",11,"{'pca__n_components': 11, 'NN__hidden_layer_sizes': (200,), 'NN__alpha': 0.0001}",49,0.0,0.0,0.0,0.0,0.0,0.0,0.0,0.0,0.0,0.0,0.002820011996157053,8.176054095975041e-07,0.0,0.0
130,0.03351030349731445,0.0009969711303710938,0.0,0.0,0.0001,"(100,)",2,"{'pca__n_components': 2, 'NN__hidden_layer_sizes': (100,), 'NN__alpha': 0.0001}",49,0.0,0.0,0.0,0.0,0.0,0.0,0.0,0.0,0.0,0.0,0.0018498331171405004,1.9073486328124998e-07,0.0,0.0
131,0.03271250724792481,0.000997161865234375,0.0,0.0,0.0001,"(100,)",3,"{'pca__n_components': 3, 'NN__hidden_layer_sizes': (100,), 'NN__alpha': 0.0001}",49,0.0,0.0,0.0,0.0,0.0,0.0,0.0,0.0,0.0,0.0,0.0009771942376127713,4.422005889652111e-07,0.0,0.0
132,0.03271217346191406,0.0009979724884033204,0.0,0.0,0.0001,"(100,)",4,"{'pca__n_components': 4, 'NN__hidden_layer_sizes': (100,), 'NN__alpha': 0.0001}",49,0.0,0.0,0.0,0.0,0.0,0.0,0.0,0.0,0.0,0.0,0.0011632682200090456,6.641573084442196e-07,0.0,0.0
133,0.03331151008605957,0.0009973526000976562,0.0,0.0,0.0001,"(100,)",5,"{'pca__n_components': 5, 'NN__hidden_layer_sizes': (100,), 'NN__alpha': 0.0001}",49,0.0,0.0,0.0,0.0,0.0,0.0,0.0,0.0,0.0,0.0,0.0023261398058817143,7.448434520632415e-07,0.0,0.0
134,0.03390913009643555,0.0011970043182373048,0.0,0.003278688524590162,0.0001,"(100,)",6,"{'pca__n_components': 6, 'NN__hidden_layer_sizes': (100,), 'NN__alpha': 0.0001}",49,0.0,0.0,0.0,0.01639344262295081,0.0,0.0,0.0,0.0,0.0,0.0,0.0015452644421539553,0.000398802881981438,0.0,0.006557377049180324
135,0.03390889167785645,0.0007982730865478515,0.07830833667878817,0.08610999833300934,0.0001,"(100,)",7,"{'pca__n_components': 7, 'NN__hidden_layer_sizes': (100,), 'NN__alpha': 0.0001}",10,0.0,0.0,0.0,0.0,0.06387555849743502,0.2162413857329107,0.0,0.1076067527308836,0.32907075873827785,0.10670185320125233,0.0016689243275680402,0.00039913675333742957,0.1275186273353202,0.080808633881538
136,0.03610363006591797,0.0009973526000976562,0.0,0.0,0.0001,"(100,)",8,"{'pca__n_components': 8, 'NN__hidden_layer_sizes': (100,), 'NN__alpha': 0.0001}",49,0.0,0.0,0.0,0.0,0.0,0.0,0.0,0.0,0.0,0.0,0.001163210989548391,7.893059424041199e-07,0.0,0.0
137,0.035704517364501955,0.000997638702392578,0.0,0.0,0.0001,"(100,)",9,"{'pca__n_components': 9, 'NN__hidden_layer_sizes': (100,), 'NN__alpha': 0.0001}",49,0.0,0.0,0.0,0.0,0.0,0.0,0.0,0.0,0.0,0.0,0.0013229379398184296,7.478898592642843e-07,0.0,0.0
138,0.032912826538085936,0.0009967803955078125,0.0,0.0,0.0001,"(100,)",10,"{'pca__n_components': 10, 'NN__hidden_layer_sizes': (100,), 'NN__alpha': 0.0001}",49,0.0,0.0,0.0,0.0,0.0,0.0,0.0,0.0,0.0,0.0,0.001092623623813088,2.3360154559928684e-07,0.0,0.0
139,0.03311190605163574,0.0009972095489501954,0.0,0.0,0.0001,"(100,)",11,"{'pca__n_components': 11, 'NN__hidden_layer_sizes': (100,), 'NN__alpha': 0.0001}",49,0.0,0.0,0.0,0.0,0.0,0.0,0.0,0.0,0.0,0.0,0.0015958428549840806,7.62939453125e-07,0.0,0.0
140,0.028323936462402343,0.0011971473693847656,0.0,0.0,0.0001,"(20, 20)",2,"{'pca__n_components': 2, 'NN__hidden_layer_sizes': (20, 20), 'NN__alpha': 0.0001}",49,0.0,0.0,0.0,0.0,0.0,0.0,0.0,0.0,0.0,0.0,0.0010168685096062714,0.00039885048017148766,0.0,0.0
141,0.02792491912841797,0.0007982254028320312,0.0,0.0,0.0001,"(20, 20)",3,"{'pca__n_components': 3, 'NN__hidden_layer_sizes': (20, 20), 'NN__alpha': 0.0001}",49,0.0,0.0,0.0,0.0,0.0,0.0,0.0,0.0,0.0,0.0,0.0008919633672060697,0.00039911272990091057,0.0,0.0
142,0.03490629196166992,0.0007982730865478515,0.04246929003314359,0.020733985381601493,0.0001,"(20, 20)",4,"{'pca__n_components': 4, 'NN__hidden_layer_sizes': (20, 20), 'NN__alpha': 0.0001}",20,0.2112139357648341,0.10366992690800747,0.0,0.0,0.0,0.0,0.0,0.0,0.0,0.0,0.0006308265385255946,0.000399136667887882,0.08465497800554453,0.04146797076320299
143,0.030717754364013673,0.0007978439331054688,0.012381540357226594,0.0064304134431411655,0.0001,"(20, 20)",5,"{'pca__n_components': 5, 'NN__hidden_layer_sizes': (20, 20), 'NN__alpha': 0.0001}",37,0.06157752737660693,0.03215206721570583,0.0,0.0,0.0,0.0,0.0,0.0,0.0,0.0,0.0007466463341398212,0.0003989223370332614,0.024680399078905783,0.012860826886282331
144,0.028722524642944336,0.0007982730865478515,0.0,0.0,0.0001,"(20, 20)",6,"{'pca__n_components': 6, 'NN__hidden_layer_sizes': (20, 20), 'NN__alpha': 0.0001}",49,0.0,0.0,0.0,0.0,0.0,0.0,0.0,0.0,0.0,0.0,0.002034008070313404,0.0003991366109215068,0.0,0.0
145,0.02872309684753418,0.000997638702392578,0.0,0.0,0.0001,"(20, 20)",7,"{'pca__n_components': 7, 'NN__hidden_layer_sizes': (20, 20), 'NN__alpha': 0.0001}",49,0.0,0.0,0.0,0.0,0.0,0.0,0.0,0.0,0.0,0.0,0.000746314798547075,3.8738433859996607e-07,0.0,0.0
146,0.03151521682739258,0.000997781753540039,0.0,0.0,0.0001,"(20, 20)",8,"{'pca__n_components': 8, 'NN__hidden_layer_sizes': (20, 20), 'NN__alpha': 0.0001}",49,0.0,0.0,0.0,0.0,0.0,0.0,0.0,0.0,0.0,0.0,0.0022390969153582925,5.001110306597479e-07,0.0,0.0
147,0.03530588150024414,0.0009972095489501954,0.035994502340460775,0.05332386155706999,0.0001,"(20, 20)",9,"{'pca__n_components': 9, 'NN__hidden_layer_sizes': (20, 20), 'NN__alpha': 0.0001}",27,0.11723825351261528,0.13552421397124703,0.0,0.0,0.06232843533021151,0.13109509381410292,0.0,0.0,0.0,0.0,0.0010172050775412722,4.90933901833868e-07,0.04735278838895954,0.06532314312380408
148,0.029720306396484375,0.0017952919006347656,0.0,0.0,0.0001,"(20, 20)",10,"{'pca__n_components': 10, 'NN__hidden_layer_sizes': (20, 20), 'NN__alpha': 0.0001}",49,0.0,0.0,0.0,0.0,0.0,0.0,0.0,0.0,0.0,0.0,0.0018290423222886026,0.0009776227939424433,0.0,0.0
149,0.02813568115234375,0.0007981300354003906,0.0,0.0,0.0001,"(20, 20)",11,"{'pca__n_components': 11, 'NN__hidden_layer_sizes': (20, 20), 'NN__alpha': 0.0001}",49,0.0,0.0,0.0,0.0,0.0,0.0,0.0,0.0,0.0,0.0,0.0007435840995768755,0.00039906543078032525,0.0,0.0
150,0.025643014907836915,0.0009013175964355469,0.6666666666666665,0.6666666666666723,0.0001,"(20, 5)",2,"{'pca__n_components': 2, 'NN__hidden_layer_sizes': (20, 5), 'NN__alpha': 0.0001}",1,0.6666666666666669,0.6666666666666734,0.666666666666667,0.6666666666666734,0.6666666666666662,0.6666666666666716,0.6666666666666661,0.6666666666666715,0.6666666666666659,0.6666666666666715,0.0010628007504258185,0.00019304778114472202,4.602165614994828e-16,9.073993441833817e-16
151,0.03756036758422852,0.0007962703704833985,0.012320923213974223,0.0,0.0001,"(20, 5)",3,"{'pca__n_components': 3, 'NN__hidden_layer_sizes': (20, 5), 'NN__alpha': 0.0001}",43,0.061276058117498464,0.0,0.0,0.0,0.0,0.0,0.0,0.0,0.0,0.0,0.0014713706681747094,0.000398150044185704,0.024559569582467678,0.0
152,0.0247647762298584,0.0009978771209716796,0.0,0.0,0.0001,"(20, 5)",4,"{'pca__n_components': 4, 'NN__hidden_layer_sizes': (20, 5), 'NN__alpha': 0.0001}",49,0.0,0.0,0.0,0.0,0.0,0.0,0.0,0.0,0.0,0.0,0.0007489894067440352,5.352483825837052e-07,0.0,0.0
153,0.026280975341796874,0.0006978511810302734,0.0,0.0,0.0001,"(20, 5)",5,"{'pca__n_components': 5, 'NN__hidden_layer_sizes': (20, 5), 'NN__alpha': 0.0001}",49,0.0,0.0,0.0,0.0,0.0,0.0,0.0,0.0,0.0,0.0,0.0007458467672962303,0.00039438396817389484,0.0,0.0
154,0.026080799102783204,0.0009974002838134765,0.0,0.0,0.0001,"(20, 5)",6,"{'pca__n_components': 6, 'NN__hidden_layer_sizes': (20, 5), 'NN__alpha': 0.0001}",49,0.0,0.0,0.0,0.0,0.0,0.0,0.0,0.0,0.0,0.0,0.0021152317974673204,6.14361702286011e-07,0.0,0.0
155,0.04805440902709961,0.0006999969482421875,0.0,0.009677419354838703,0.0001,"(20, 5)",7,"{'pca__n_components': 7, 'NN__hidden_layer_sizes': (20, 5), 'NN__alpha': 0.0001}",49,0.0,0.04838709677419352,0.0,0.0,0.0,0.0,0.0,0.0,0.0,0.0,0.0015880429784054287,0.0003966693364075888,0.0,0.019354838709677406
156,0.038168716430664065,0.000997161865234375,0.0720744579367896,0.06962146195625017,0.0001,"(20, 5)",8,"{'pca__n_components': 8, 'NN__hidden_layer_sizes': (20, 5), 'NN__alpha': 0.0001}",15,0.0,0.0,0.0,0.0,0.3616651050729487,0.3319094192739681,0.0,0.0,0.0,0.01619789050728274,0.0015709603596775828,4.422005889652111e-07,0.14447175819482086,0.1312939407855829
157,0.026677274703979494,0.0007016181945800782,0.0,0.0,0.0001,"(20, 5)",9,"{'pca__n_components': 9, 'NN__hidden_layer_sizes': (20, 5), 'NN__alpha': 0.0001}",49,0.0,0.0,0.0,0.0,0.0,0.0,0.0,0.0,0.0,0.0,0.0020007781950547397,0.0003979228912754304,0.0,0.0
158,0.02435622215270996,0.0011971473693847656,0.0,0.0,0.0001,"(20, 5)",10,"{'pca__n_components': 10, 'NN__hidden_layer_sizes': (20, 5), 'NN__alpha': 0.0001}",49,0.0,0.0,0.0,0.0,0.0,0.0,0.0,0.0,0.0,0.0,0.0010092586038447056,0.00039908904116012423,0.0,0.0
159,0.02692832946777344,0.000797891616821289,0.0,0.0,0.0001,"(20, 5)",11,"{'pca__n_components': 11, 'NN__hidden_layer_sizes': (20, 5), 'NN__alpha': 0.0001}",49,0.0,0.0,0.0,0.0,0.0,0.0,0.0,0.0,0.0,0.0,0.0012619544048420926,0.0003989461040649613,0.0,0.0
160,0.04847064018249512,0.000997638702392578,0.0,0.0,1e-05,"(200,)",2,"{'pca__n_components': 2, 'NN__hidden_layer_sizes': (200,), 'NN__alpha': 1e-05}",49,0.0,0.0,0.0,0.0,0.0,0.0,0.0,0.0,0.0,0.0,0.0014928715871719413,9.488939639154625e-07,0.0,0.0
161,0.047673368453979494,0.0011962413787841796,0.012504581790492833,0.006479327759267406,1e-05,"(200,)",3,"{'pca__n_components': 3, 'NN__hidden_layer_sizes': (200,), 'NN__alpha': 1e-05}",31,0.062189453438051025,0.03239663879633703,0.0,0.0,0.0,0.0,0.0,0.0,0.0,0.0,0.0026312915866767944,0.00039918440854837907,0.024925660297513284,0.012958655518534812
162,0.046874713897705075,0.0013960838317871095,0.0,0.0,1e-05,"(200,)",4,"{'pca__n_components': 4, 'NN__hidden_layer_sizes': (200,), 'NN__alpha': 1e-05}",49,0.0,0.0,0.0,0.0,0.0,0.0,0.0,0.0,0.0,0.0,0.0019942283858402827,0.0004888895044195484,0.0,0.0
163,0.04787149429321289,0.0011978626251220703,0.0,0.0,1e-05,"(200,)",5,"{'pca__n_components': 5, 'NN__hidden_layer_sizes': (200,), 'NN__alpha': 1e-05}",49,0.0,0.0,0.0,0.0,0.0,0.0,0.0,0.0,0.0,0.0,0.001092492909131841,0.00039920841058460377,0.0,0.0
164,0.05408768653869629,0.001196908950805664,0.0,0.0,1e-05,"(200,)",6,"{'pca__n_components': 6, 'NN__hidden_layer_sizes': (200,), 'NN__alpha': 1e-05}",49,0.0,0.0,0.0,0.0,0.0,0.0,0.0,0.0,0.0,0.0,0.002617632676481783,0.0003983737286734096,0.0,0.0
165,0.04908971786499024,0.001695394515991211,0.0,0.0,1e-05,"(200,)",7,"{'pca__n_components': 7, 'NN__hidden_layer_sizes': (200,), 'NN__alpha': 1e-05}",49,0.0,0.0,0.0,0.0,0.0,0.0,0.0,0.0,0.0,0.0,0.0012919045970907035,0.0008729496677762649,0.0,0.0
166,0.05019454956054688,0.0009950160980224609,0.0,0.0,1e-05,"(200,)",8,"{'pca__n_components': 8, 'NN__hidden_layer_sizes': (200,), 'NN__alpha': 1e-05}",49,0.0,0.0,0.0,0.0,0.0,0.0,0.0,0.0,0.0,0.0,0.0007579049867039027,4.125674895538953e-06,0.0,0.0
167,0.04997568130493164,0.0013089656829833984,0.0,0.0,1e-05,"(200,)",9,"{'pca__n_components': 9, 'NN__hidden_layer_sizes': (200,), 'NN__alpha': 1e-05}",49,0.0,0.0,0.0,0.0,0.0,0.0,0.0,0.0,0.0,0.0,0.0018000215020962393,0.00041630288237082984,0.0,0.0
168,0.04899892807006836,0.0009952068328857421,0.0,0.0,1e-05,"(200,)",10,"{'pca__n_components': 10, 'NN__hidden_layer_sizes': (200,), 'NN__alpha': 1e-05}",49,0.0,0.0,0.0,0.0,0.0,0.0,0.0,0.0,0.0,0.0,0.0014012955521657579,5.246075645246532e-06,0.0,0.0
169,0.04940276145935059,0.0013942241668701172,0.0,0.0,1e-05,"(200,)",11,"{'pca__n_components': 11, 'NN__hidden_layer_sizes': (200,), 'NN__alpha': 1e-05}",49,0.0,0.0,0.0,0.0,0.0,0.0,0.0,0.0,0.0,0.0,0.002059882025306843,0.0004896390558221054,0.0,0.0
170,0.03425445556640625,0.0010994911193847657,0.0,0.0,1e-05,"(100,)",2,"{'pca__n_components': 2, 'NN__hidden_layer_sizes': (100,), 'NN__alpha': 1e-05}",49,0.0,0.0,0.0,0.0,0.0,0.0,0.0,0.0,0.0,0.0,0.0036409601588004896,0.0002030613487616613,0.0,0.0
171,0.03285274505615234,0.0011965274810791016,0.0,0.0,1e-05,"(100,)",3,"{'pca__n_components': 3, 'NN__hidden_layer_sizes': (100,), 'NN__alpha': 1e-05}",49,0.0,0.0,0.0,0.0,0.0,0.0,0.0,0.0,0.0,0.0,0.002785261233137665,0.00039892208054677933,0.0,0.0
172,0.03246264457702637,0.000997781753540039,0.0,0.0,1e-05,"(100,)",4,"{'pca__n_components': 4, 'NN__hidden_layer_sizes': (100,), 'NN__alpha': 1e-05}",49,0.0,0.0,0.0,0.0,0.0,0.0,0.0,0.0,0.0,0.0,0.0006457440768696292,3.371747880871523e-07,0.0,0.0
173,0.03372769355773926,0.0009971141815185546,0.0,0.0,1e-05,"(100,)",5,"{'pca__n_components': 5, 'NN__hidden_layer_sizes': (100,), 'NN__alpha': 1e-05}",49,0.0,0.0,0.0,0.0,0.0,0.0,0.0,0.0,0.0,0.0,0.001794094731396562,4.862803948967729e-07,0.0,0.0
174,0.033310890197753906,0.0009974002838134765,0.0,0.003278688524590162,1e-05,"(100,)",6,"{'pca__n_components': 6, 'NN__hidden_layer_sizes': (100,), 'NN__alpha': 1e-05}",49,0.0,0.0,0.0,0.01639344262295081,0.0,0.0,0.0,0.0,0.0,0.0,0.0011966228722623438,2.431401974483864e-07,0.0,0.006557377049180324
175,0.03484873771667481,0.0009978771209716796,0.07830833667878817,0.08610999833300934,1e-05,"(100,)",7,"{'pca__n_components': 7, 'NN__hidden_layer_sizes': (100,), 'NN__alpha': 1e-05}",10,0.0,0.0,0.0,0.0,0.06387555849743502,0.2162413857329107,0.0,0.1076067527308836,0.32907075873827785,0.10670185320125233,0.002314516185014159,6.503191803448608e-07,0.1275186273353202,0.080808633881538
176,0.036129426956176755,0.000997638702392578,0.0,0.0,1e-05,"(100,)",8,"{'pca__n_components': 8, 'NN__hidden_layer_sizes': (100,), 'NN__alpha': 1e-05}",49,0.0,0.0,0.0,0.0,0.0,0.0,0.0,0.0,0.0,0.0,0.001472500286012744,6.843900725558913e-07,0.0,0.0
177,0.03652734756469726,0.0013962268829345703,0.0,0.0,1e-05,"(100,)",9,"{'pca__n_components': 9, 'NN__hidden_layer_sizes': (100,), 'NN__alpha': 1e-05}",49,0.0,0.0,0.0,0.0,0.0,0.0,0.0,0.0,0.0,0.0,0.001341836160926967,0.0004883831353731243,0.0,0.0
178,0.033771085739135745,0.0010033130645751953,0.0,0.0,1e-05,"(100,)",10,"{'pca__n_components': 10, 'NN__hidden_layer_sizes': (100,), 'NN__alpha': 1e-05}",49,0.0,0.0,0.0,0.0,0.0,0.0,0.0,0.0,0.0,0.0,0.0011782885212868425,1.4698964635414865e-05,0.0,0.0
179,0.033780670166015624,0.0012969970703125,0.0,0.0,1e-05,"(100,)",11,"{'pca__n_components': 11, 'NN__hidden_layer_sizes': (100,), 'NN__alpha': 1e-05}",49,0.0,0.0,0.0,0.0,0.0,0.0,0.0,0.0,0.0,0.0,0.0014329515992097847,0.0004008730597431247,0.0,0.0
180,0.029591178894042967,0.00079803466796875,0.0,0.0,1e-05,"(20, 20)",2,"{'pca__n_components': 2, 'NN__hidden_layer_sizes': (20, 20), 'NN__alpha': 1e-05}",49,0.0,0.0,0.0,0.0,0.0,0.0,0.0,0.0,0.0,0.0,0.002733701583327735,0.00039901741945947783,0.0,0.0
181,0.028783702850341798,0.0009972572326660157,0.0,0.0,1e-05,"(20, 20)",3,"{'pca__n_components': 3, 'NN__hidden_layer_sizes': (20, 20), 'NN__alpha': 1e-05}",49,0.0,0.0,0.0,0.0,0.0,0.0,0.0,0.0,0.0,0.0,0.001182169260678532,1.2830375716279706e-06,0.0,0.0
182,0.035996866226196286,0.0007964134216308594,0.04246929003314359,0.020733985381601493,1e-05,"(20, 20)",4,"{'pca__n_components': 4, 'NN__hidden_layer_sizes': (20, 20), 'NN__alpha': 1e-05}",20,0.2112139357648341,0.10366992690800747,0.0,0.0,0.0,0.0,0.0,0.0,0.0,0.0,0.001659925607008468,0.00039822251276312726,0.08465497800554453,0.04146797076320299
183,0.03170676231384277,0.0005016326904296875,0.012381540357226594,0.0064304134431411655,1e-05,"(20, 20)",5,"{'pca__n_components': 5, 'NN__hidden_layer_sizes': (20, 20), 'NN__alpha': 1e-05}",37,0.06157752737660693,0.03215206721570583,0.0,0.0,0.0,0.0,0.0,0.0,0.0,0.0,0.0021191458306576176,0.0004461517385192305,0.024680399078905783,0.012860826886282331
184,0.029164648056030272,0.0010043144226074218,0.0,0.0,1e-05,"(20, 20)",6,"{'pca__n_components': 6, 'NN__hidden_layer_sizes': (20, 20), 'NN__alpha': 1e-05}",49,0.0,0.0,0.0,0.0,0.0,0.0,0.0,0.0,0.0,0.0,0.0011999289515821903,1.3782656162213532e-05,0.0,0.0
185,0.029082870483398436,0.001100015640258789,0.0,0.0,1e-05,"(20, 20)",7,"{'pca__n_components': 7, 'NN__hidden_layer_sizes': (20, 20), 'NN__alpha': 1e-05}",49,0.0,0.0,0.0,0.0,0.0,0.0,0.0,0.0,0.0,0.0,0.00046328798931115394,0.0004848525947862431,0.0,0.0
186,0.0317657470703125,0.0007980823516845703,0.0,0.0,1e-05,"(20, 20)",8,"{'pca__n_components': 8, 'NN__hidden_layer_sizes': (20, 20), 'NN__alpha': 1e-05}",49,0.0,0.0,0.0,0.0,0.0,0.0,0.0,0.0,0.0,0.0,0.001477245805794464,0.00039904144293596155,0.0,0.0
187,0.03705244064331055,0.000997304916381836,0.035994502340460775,0.05332386155706999,1e-05,"(20, 20)",9,"{'pca__n_components': 9, 'NN__hidden_layer_sizes': (20, 20), 'NN__alpha': 1e-05}",27,0.11723825351261528,0.13552421397124703,0.0,0.0,0.06232843533021151,0.13109509381410292,0.0,0.0,0.0,0.0,0.002410100136628831,4.523674478771752e-07,0.04735278838895954,0.06532314312380408
188,0.028573989868164062,0.0012014389038085937,0.0,0.0,1e-05,"(20, 20)",10,"{'pca__n_components': 10, 'NN__hidden_layer_sizes': (20, 20), 'NN__alpha': 1e-05}",49,0.0,0.0,0.0,0.0,0.0,0.0,0.0,0.0,0.0,0.0,0.0016200099255504494,0.00041209947308591124,0.0,0.0
189,0.029170799255371093,0.000997161865234375,0.0,0.0,1e-05,"(20, 20)",11,"{'pca__n_components': 11, 'NN__hidden_layer_sizes': (20, 20), 'NN__alpha': 1e-05}",49,0.0,0.0,0.0,0.0,0.0,0.0,0.0,0.0,0.0,0.0,0.0009868758775360231,4.672030911985737e-07,0.0,0.0
190,0.025579118728637697,0.0007982730865478515,0.6666666666666665,0.6666666666666723,1e-05,"(20, 5)",2,"{'pca__n_components': 2, 'NN__hidden_layer_sizes': (20, 5), 'NN__alpha': 1e-05}",1,0.6666666666666669,0.6666666666666734,0.666666666666667,0.6666666666666734,0.6666666666666662,0.6666666666666716,0.6666666666666661,0.6666666666666715,0.6666666666666659,0.6666666666666715,0.0008049200296441352,0.0003991365824383162,4.602165614994828e-16,9.073993441833817e-16
191,0.03596363067626953,0.0009980201721191406,0.012320923213974223,0.0,1e-05,"(20, 5)",3,"{'pca__n_components': 3, 'NN__hidden_layer_sizes': (20, 5), 'NN__alpha': 1e-05}",43,0.061276058117498464,0.0,0.0,0.0,0.0,0.0,0.0,0.0,0.0,0.0,0.001537295891745254,6.03156597169567e-07,0.024559569582467678,0.0
192,0.025571203231811522,0.0005946636199951171,0.0,0.0,1e-05,"(20, 5)",4,"{'pca__n_components': 4, 'NN__hidden_layer_sizes': (20, 5), 'NN__alpha': 1e-05}",49,0.0,0.0,0.0,0.0,0.0,0.0,0.0,0.0,0.0,0.0,0.0013415294491086257,0.00048555179379325023,0.0,0.0
193,0.026268386840820314,0.0009954452514648437,0.0,0.0,1e-05,"(20, 5)",5,"{'pca__n_components': 5, 'NN__hidden_layer_sizes': (20, 5), 'NN__alpha': 1e-05}",49,0.0,0.0,0.0,0.0,0.0,0.0,0.0,0.0,0.0,0.0,0.0008731073344222754,3.60761267077975e-06,0.0,0.0
194,0.02618131637573242,0.0007966041564941406,0.0,0.0,1e-05,"(20, 5)",6,"{'pca__n_components': 6, 'NN__hidden_layer_sizes': (20, 5), 'NN__alpha': 1e-05}",49,0.0,0.0,0.0,0.0,0.0,0.0,0.0,0.0,0.0,0.0,0.0009743891873817016,0.00039831773370267286,0.0,0.0
195,0.04734525680541992,0.0009946823120117188,0.0,0.009677419354838703,1e-05,"(20, 5)",7,"{'pca__n_components': 7, 'NN__hidden_layer_sizes': (20, 5), 'NN__alpha': 1e-05}",49,0.0,0.04838709677419352,0.0,0.0,0.0,0.0,0.0,0.0,0.0,0.0,0.002136955295789437,6.598640681790374e-06,0.0,0.019354838709677406
196,0.03835272789001465,0.0005024433135986328,0.0720744579367896,0.06962146195625017,1e-05,"(20, 5)",8,"{'pca__n_components': 8, 'NN__hidden_layer_sizes': (20, 5), 'NN__alpha': 1e-05}",15,0.0,0.0,0.0,0.0,0.3616651050729487,0.3319094192739681,0.0,0.0,0.0,0.01619789050728274,0.0010098840163346424,0.0004462267400087486,0.14447175819482086,0.1312939407855829
197,0.02596569061279297,0.000997161865234375,0.0,0.0,1e-05,"(20, 5)",9,"{'pca__n_components': 9, 'NN__hidden_layer_sizes': (20, 5), 'NN__alpha': 1e-05}",49,0.0,0.0,0.0,0.0,0.0,0.0,0.0,0.0,0.0,0.0,0.0014152358001411156,4.90933901833868e-07,0.0,0.0
198,0.024769020080566407,0.0005986213684082032,0.0,0.0,1e-05,"(20, 5)",10,"{'pca__n_components': 10, 'NN__hidden_layer_sizes': (20, 5), 'NN__alpha': 1e-05}",49,0.0,0.0,0.0,0.0,0.0,0.0,0.0,0.0,0.0,0.0,0.0007549574117859118,0.0004887723083287987,0.0,0.0
199,0.02674860954284668,0.0009956836700439453,0.0,0.0,1e-05,"(20, 5)",11,"{'pca__n_components': 11, 'NN__hidden_layer_sizes': (20, 5), 'NN__alpha': 1e-05}",49,0.0,0.0,0.0,0.0,0.0,0.0,0.0,0.0,0.0,0.0,0.0024598236900473377,3.7284885029458266e-06,0.0,0.0
200,0.0484713077545166,0.0011968612670898438,0.0,0.0,1e-06,"(200,)",2,"{'pca__n_components': 2, 'NN__hidden_layer_sizes': (200,), 'NN__alpha': 1e-06}",49,0.0,0.0,0.0,0.0,0.0,0.0,0.0,0.0,0.0,0.0,0.0021485528115733564,0.00039911312868922614,0.0,0.0
201,0.04787135124206543,0.000998067855834961,0.012504581790492833,0.006479327759267406,1e-06,"(200,)",3,"{'pca__n_components': 3, 'NN__hidden_layer_sizes': (200,), 'NN__alpha': 1e-06}",31,0.062189453438051025,0.03239663879633703,0.0,0.0,0.0,0.0,0.0,0.0,0.0,0.0,0.002599994983997948,4.6231077741778654e-07,0.024925660297513284,0.012958655518534812
202,0.046077728271484375,0.001794910430908203,0.0,0.0,1e-06,"(200,)",4,"{'pca__n_components': 4, 'NN__hidden_layer_sizes': (200,), 'NN__alpha': 1e-06}",49,0.0,0.0,0.0,0.0,0.0,0.0,0.0,0.0,0.0,0.0,0.0014657525863565233,0.0003996373503038124,0.0,0.0
203,0.04707446098327637,0.0011965274810791016,0.0,0.0,1e-06,"(200,)",5,"{'pca__n_components': 5, 'NN__hidden_layer_sizes': (200,), 'NN__alpha': 1e-06}",49,0.0,0.0,0.0,0.0,0.0,0.0,0.0,0.0,0.0,0.0,0.0007465700615551122,0.000399162136739821,0.0,0.0
204,0.0530580997467041,0.0011975288391113282,0.0,0.0,1e-06,"(200,)",6,"{'pca__n_components': 6, 'NN__hidden_layer_sizes': (200,), 'NN__alpha': 1e-06}",49,0.0,0.0,0.0,0.0,0.0,0.0,0.0,0.0,0.0,0.0,0.001934554275224277,0.000398899189889074,0.0,0.0
205,0.0502662181854248,0.0009975433349609375,0.0,0.0,1e-06,"(200,)",7,"{'pca__n_components': 7, 'NN__hidden_layer_sizes': (200,), 'NN__alpha': 1e-06}",49,0.0,0.0,0.0,0.0,0.0,0.0,0.0,0.0,0.0,0.0,0.002053062719100165,1.0337583250369453e-06,0.0,0.0
206,0.04926853179931641,0.0015958786010742188,0.0,0.0,1e-06,"(200,)",8,"{'pca__n_components': 8, 'NN__hidden_layer_sizes': (200,), 'NN__alpha': 1e-06}",49,0.0,0.0,0.0,0.0,0.0,0.0,0.0,0.0,0.0,0.0,0.0007977849104970808,0.0007982379303909646,0.0,0.0
207,0.0476740837097168,0.001195383071899414,0.0,0.0,1e-06,"(200,)",9,"{'pca__n_components': 9, 'NN__hidden_layer_sizes': (200,), 'NN__alpha': 1e-06}",49,0.0,0.0,0.0,0.0,0.0,0.0,0.0,0.0,0.0,0.0,0.0011639555630584002,0.0003991398295089565,0.0,0.0
208,0.04906930923461914,0.0009970664978027344,0.0,0.0,1e-06,"(200,)",10,"{'pca__n_components': 10, 'NN__hidden_layer_sizes': (200,), 'NN__alpha': 1e-06}",49,0.0,0.0,0.0,0.0,0.0,0.0,0.0,0.0,0.0,0.0,0.0013231108557706438,7.835234034135334e-07,0.0,0.0
209,0.050066661834716794,0.0009969234466552734,0.0,0.0,1e-06,"(200,)",11,"{'pca__n_components': 11, 'NN__hidden_layer_sizes': (200,), 'NN__alpha': 1e-06}",49,0.0,0.0,0.0,0.0,0.0,0.0,0.0,0.0,0.0,0.0,0.0024754340334663064,3.568322550558034e-07,0.0,0.0
210,0.0321143627166748,0.000997447967529297,0.0,0.0,1e-06,"(100,)",2,"{'pca__n_components': 2, 'NN__hidden_layer_sizes': (100,), 'NN__alpha': 1e-06}",49,0.0,0.0,0.0,0.0,0.0,0.0,0.0,0.0,0.0,0.0,0.0011633009416900791,7.168434323488669e-07,0.0,0.0
211,0.0325131893157959,0.0009975910186767578,0.0,0.0,1e-06,"(100,)",3,"{'pca__n_components': 3, 'NN__hidden_layer_sizes': (100,), 'NN__alpha': 1e-06}",49,0.0,0.0,0.0,0.0,0.0,0.0,0.0,0.0,0.0,0.0,0.0007977130144341222,7.747686771999321e-07,0.0,0.0
212,0.03171553611755371,0.0009977340698242188,0.0,0.0,1e-06,"(100,)",4,"{'pca__n_components': 4, 'NN__hidden_layer_sizes': (100,), 'NN__alpha': 1e-06}",49,0.0,0.0,0.0,0.0,0.0,0.0,0.0,0.0,0.0,0.0,0.0013236569269125017,7.599533772711385e-07,0.0,0.0
213,0.03231344223022461,0.00139617919921875,0.0,0.0,1e-06,"(100,)",5,"{'pca__n_components': 5, 'NN__hidden_layer_sizes': (100,), 'NN__alpha': 1e-06}",49,0.0,0.0,0.0,0.0,0.0,0.0,0.0,0.0,0.0,0.0,0.0014929033959936939,0.0007981062416179207,0.0,0.0
214,0.0349067211151123,0.000997304916381836,0.0,0.003278688524590162,1e-06,"(100,)",6,"{'pca__n_components': 6, 'NN__hidden_layer_sizes': (100,), 'NN__alpha': 1e-06}",49,0.0,0.0,0.0,0.01639344262295081,0.0,0.0,0.0,0.0,0.0,0.0,0.0014107395518932818,7.231593555499601e-07,0.0,0.006557377049180324
215,0.03390979766845703,0.0009975910186767578,0.07830833667878817,0.08610999833300934,1e-06,"(100,)",7,"{'pca__n_components': 7, 'NN__hidden_layer_sizes': (100,), 'NN__alpha': 1e-06}",10,0.0,0.0,0.0,0.0,0.06387555849743502,0.2162413857329107,0.0,0.1076067527308836,0.32907075873827785,0.10670185320125233,0.0016686395801077708,5.917393515582494e-07,0.1275186273353202,0.080808633881538
216,0.0378995418548584,0.000996875762939453,0.0,0.0,1e-06,"(100,)",8,"{'pca__n_components': 8, 'NN__hidden_layer_sizes': (100,), 'NN__alpha': 1e-06}",49,0.0,0.0,0.0,0.0,0.0,0.0,0.0,0.0,0.0,0.0,0.0026006166440794756,1.1424206305228175e-06,0.0,0.0
217,0.03690156936645508,0.0011973857879638671,0.0,0.0,1e-06,"(100,)",9,"{'pca__n_components': 9, 'NN__hidden_layer_sizes': (100,), 'NN__alpha': 1e-06}",49,0.0,0.0,0.0,0.0,0.0,0.0,0.0,0.0,0.0,0.0,0.0012611628333695194,0.0003988506511931898,0.0,0.0
218,0.03390913009643555,0.001196575164794922,0.0,0.0,1e-06,"(100,)",10,"{'pca__n_components': 10, 'NN__hidden_layer_sizes': (100,), 'NN__alpha': 1e-06}",49,0.0,0.0,0.0,0.0,0.0,0.0,0.0,0.0,0.0,0.0,0.0016679844588885042,0.0003988984488846796,0.0,0.0
219,0.032712554931640624,0.0009981632232666016,0.0,0.0,1e-06,"(100,)",11,"{'pca__n_components': 11, 'NN__hidden_layer_sizes': (100,), 'NN__alpha': 1e-06}",49,0.0,0.0,0.0,0.0,0.0,0.0,0.0,0.0,0.0,0.0,0.0007457414483679136,9.246215548355731e-07,0.0,0.0
220,0.030119037628173827,0.0009974002838134765,0.0,0.0,1e-06,"(20, 20)",2,"{'pca__n_components': 2, 'NN__hidden_layer_sizes': (20, 20), 'NN__alpha': 1e-06}",49,0.0,0.0,0.0,0.0,0.0,0.0,0.0,0.0,0.0,0.0,0.0013228301040281343,4.90933901833868e-07,0.0,0.0
221,0.029122114181518555,0.000399017333984375,0.0,0.0,1e-06,"(20, 20)",3,"{'pca__n_components': 3, 'NN__hidden_layer_sizes': (20, 20), 'NN__alpha': 1e-06}",49,0.0,0.0,0.0,0.0,0.0,0.0,0.0,0.0,0.0,0.0,0.0003989935597982996,0.0004886944566570864,0.0,0.0
222,0.03670191764831543,0.0009976863861083985,0.04246929003314359,0.020733985381601493,1e-06,"(20, 20)",4,"{'pca__n_components': 4, 'NN__hidden_layer_sizes': (20, 20), 'NN__alpha': 1e-06}",20,0.2112139357648341,0.10366992690800747,0.0,0.0,0.0,0.0,0.0,0.0,0.0,0.0,0.0027780947385864702,4.422005889652111e-07,0.08465497800554453,0.04146797076320299
223,0.0321136474609375,0.0005987644195556641,0.012381540357226594,0.0064304134431411655,1e-06,"(20, 20)",5,"{'pca__n_components': 5, 'NN__hidden_layer_sizes': (20, 20), 'NN__alpha': 1e-06}",37,0.06157752737660693,0.03215206721570583,0.0,0.0,0.0,0.0,0.0,0.0,0.0,0.0,0.000977457191269479,0.0004888891556079747,0.024680399078905783,0.012860826886282331
224,0.030123329162597655,0.0009974956512451172,0.0,0.0,1e-06,"(20, 20)",6,"{'pca__n_components': 6, 'NN__hidden_layer_sizes': (20, 20), 'NN__alpha': 1e-06}",49,0.0,0.0,0.0,0.0,0.0,0.0,0.0,0.0,0.0,0.0,0.0019288706715692616,7.136645101116069e-07,0.0,0.0
225,0.029131174087524414,0.0007979393005371094,0.0,0.0,1e-06,"(20, 20)",7,"{'pca__n_components': 7, 'NN__hidden_layer_sizes': (20, 20), 'NN__alpha': 1e-06}",49,0.0,0.0,0.0,0.0,0.0,0.0,0.0,0.0,0.0,0.0,0.0011693143968177734,0.0003989698069916248,0.0,0.0
226,0.0317418098449707,0.0006075382232666015,0.0,0.0,1e-06,"(20, 20)",8,"{'pca__n_components': 8, 'NN__hidden_layer_sizes': (20, 20), 'NN__alpha': 1e-06}",49,0.0,0.0,0.0,0.0,0.0,0.0,0.0,0.0,0.0,0.0,0.001178971039842117,0.0004963171970544147,0.0,0.0
227,0.0364382266998291,0.0009985923767089843,0.035994502340460775,0.05332386155706999,1e-06,"(20, 20)",9,"{'pca__n_components': 9, 'NN__hidden_layer_sizes': (20, 20), 'NN__alpha': 1e-06}",27,0.11723825351261528,0.13552421397124703,0.0,0.0,0.06232843533021151,0.13109509381410292,0.0,0.0,0.0,0.0,0.0015020050847724619,3.0554808318330372e-06,0.04735278838895954,0.06532314312380408
228,0.02876172065734863,0.0009975910186767578,0.0,0.0,1e-06,"(20, 20)",10,"{'pca__n_components': 10, 'NN__hidden_layer_sizes': (20, 20), 'NN__alpha': 1e-06}",49,0.0,0.0,0.0,0.0,0.0,0.0,0.0,0.0,0.0,0.0,0.00039898710884000657,2.78041453115716e-07,0.0,0.0
229,0.02803778648376465,0.0011983871459960937,0.0,0.0,1e-06,"(20, 20)",11,"{'pca__n_components': 11, 'NN__hidden_layer_sizes': (20, 20), 'NN__alpha': 1e-06}",49,0.0,0.0,0.0,0.0,0.0,0.0,0.0,0.0,0.0,0.0,0.0006705301853363191,0.0003985986909006549,0.0,0.0
230,0.025731658935546874,0.0009975433349609375,0.6666666666666665,0.6666666666666723,1e-06,"(20, 5)",2,"{'pca__n_components': 2, 'NN__hidden_layer_sizes': (20, 5), 'NN__alpha': 1e-06}",1,0.6666666666666669,0.6666666666666734,0.666666666666667,0.6666666666666734,0.6666666666666662,0.6666666666666716,0.6666666666666661,0.6666666666666715,0.6666666666666659,0.6666666666666715,0.0011632937782205385,3.015782985847835e-07,4.602165614994828e-16,9.073993441833817e-16
231,0.03590373992919922,0.0007979393005371094,0.012320923213974223,0.0,1e-06,"(20, 5)",3,"{'pca__n_components': 3, 'NN__hidden_layer_sizes': (20, 5), 'NN__alpha': 1e-06}",43,0.061276058117498464,0.0,0.0,0.0,0.0,0.0,0.0,0.0,0.0,0.0,0.0008920167674770061,0.0003989697215063215,0.024559569582467678,0.0
232,0.02652897834777832,0.0007976055145263672,0.0,0.0,1e-06,"(20, 5)",4,"{'pca__n_components': 4, 'NN__hidden_layer_sizes': (20, 5), 'NN__alpha': 1e-06}",49,0.0,0.0,0.0,0.0,0.0,0.0,0.0,0.0,0.0,0.0,0.0013526555627090553,0.00039880276795332124,0.0,0.0
233,0.02513265609741211,0.0009976863861083985,0.0,0.0,1e-06,"(20, 5)",5,"{'pca__n_components': 5, 'NN__hidden_layer_sizes': (20, 5), 'NN__alpha': 1e-06}",49,0.0,0.0,0.0,0.0,0.0,0.0,0.0,0.0,0.0,0.0,0.001163480838789834,1.1680077279964343e-07,0.0,0.0
234,0.02573103904724121,0.00079803466796875,0.0,0.0,1e-06,"(20, 5)",6,"{'pca__n_components': 6, 'NN__hidden_layer_sizes': (20, 5), 'NN__alpha': 1e-06}",49,0.0,0.0,0.0,0.0,0.0,0.0,0.0,0.0,0.0,0.0,0.0011630637692872738,0.00039901741945947783,0.0,0.0
235,0.049225902557373045,0.0005982398986816406,0.0,0.009677419354838703,1e-06,"(20, 5)",7,"{'pca__n_components': 7, 'NN__hidden_layer_sizes': (20, 5), 'NN__alpha': 1e-06}",49,0.0,0.04838709677419352,0.0,0.0,0.0,0.0,0.0,0.0,0.0,0.0,0.001905794777933997,0.0004884608551226126,0.0,0.019354838709677406
236,0.03785605430603027,0.0007980823516845703,0.0720744579367896,0.06962146195625017,1e-06,"(20, 5)",8,"{'pca__n_components': 8, 'NN__hidden_layer_sizes': (20, 5), 'NN__alpha': 1e-06}",15,0.0,0.0,0.0,0.0,0.3616651050729487,0.3319094192739681,0.0,0.0,0.0,0.01619789050728274,0.0024319399299896575,0.0003990416138758206,0.14447175819482086,0.1312939407855829
237,0.025531673431396486,0.0009972095489501954,0.0,0.0,1e-06,"(20, 5)",9,"{'pca__n_components': 9, 'NN__hidden_layer_sizes': (20, 5), 'NN__alpha': 1e-06}",49,0.0,0.0,0.0,0.0,0.0,0.0,0.0,0.0,0.0,0.0,0.0004885390093071394,4.156969970265077e-07,0.0,0.0
238,0.02553138732910156,0.0007980823516845703,0.0,0.0,1e-06,"(20, 5)",10,"{'pca__n_components': 10, 'NN__hidden_layer_sizes': (20, 5), 'NN__alpha': 1e-06}",49,0.0,0.0,0.0,0.0,0.0,0.0,0.0,0.0,0.0,0.0,0.0010175324037817437,0.0003990415853858492,0.0,0.0
239,0.024085855484008788,0.0005974769592285156,0.0,0.0,1e-06,"(20, 5)",11,"{'pca__n_components': 11, 'NN__hidden_layer_sizes': (20, 5), 'NN__alpha': 1e-06}",49,0.0,0.0,0.0,0.0,0.0,0.0,0.0,0.0,0.0,0.0,0.001326683610900913,0.0004878382750286944,0.0,0.0
