,mean_fit_time,mean_score_time,mean_test_score,mean_train_score,param_NN__alpha,param_NN__hidden_layer_sizes,param_rp__n_components,params,rank_test_score,split0_test_score,split0_train_score,split1_test_score,split1_train_score,split2_test_score,split2_train_score,split3_test_score,split3_train_score,split4_test_score,split4_train_score,std_fit_time,std_score_time,std_test_score,std_train_score
0,0.055237197875976564,0.001297330856323242,0.0,0.0,0.1,"(200,)",2,"{'NN__alpha': 0.1, 'NN__hidden_layer_sizes': (200,), 'rp__n_components': 2}",13,0.0,0.0,0.0,0.0,0.0,0.0,0.0,0.0,0.0,0.0,0.005984974830645971,0.000399226328582102,0.0,0.0
1,0.04989147186279297,0.0015956401824951173,0.0,0.0,0.1,"(200,)",3,"{'NN__alpha': 0.1, 'NN__hidden_layer_sizes': (200,), 'rp__n_components': 3}",13,0.0,0.0,0.0,0.0,0.0,0.0,0.0,0.0,0.0,0.0,0.0027403317759132463,0.0004889284534798813,0.0,0.0
2,0.0590418815612793,0.0015960693359375,0.0,0.0,0.1,"(200,)",4,"{'NN__alpha': 0.1, 'NN__hidden_layer_sizes': (200,), 'rp__n_components': 4}",13,0.0,0.0,0.0,0.0,0.0,0.0,0.0,0.0,0.0,0.0,0.00823417067728581,0.0004884025071128872,0.0,0.0
3,0.04807248115539551,0.0013962745666503905,0.0,0.0,0.1,"(200,)",5,"{'NN__alpha': 0.1, 'NN__hidden_layer_sizes': (200,), 'rp__n_components': 5}",13,0.0,0.0,0.0,0.0,0.0,0.0,0.0,0.0,0.0,0.0,0.002129615914354278,0.0004893186564484972,0.0,0.0
4,0.04867000579833984,0.0017956256866455077,0.0,0.0,0.1,"(200,)",6,"{'NN__alpha': 0.1, 'NN__hidden_layer_sizes': (200,), 'rp__n_components': 6}",13,0.0,0.0,0.0,0.0,0.0,0.0,0.0,0.0,0.0,0.0,0.0014654215480906722,0.00039856483428978115,0.0,0.0
5,0.053656482696533205,0.0011971950531005859,0.0,0.0,0.1,"(200,)",7,"{'NN__alpha': 0.1, 'NN__hidden_layer_sizes': (200,), 'rp__n_components': 7}",13,0.0,0.0,0.0,0.0,0.0,0.0,0.0,0.0,0.0,0.0,0.0035355503878742372,0.00039858853707158974,0.0,0.0
6,0.051262521743774415,0.0015960693359375,0.0,0.0,0.1,"(200,)",8,"{'NN__alpha': 0.1, 'NN__hidden_layer_sizes': (200,), 'rp__n_components': 8}",13,0.0,0.0,0.0,0.0,0.0,0.0,0.0,0.0,0.0,0.0,0.003191811210609189,0.0004883055476014293,0.0,0.0
7,0.03670134544372559,0.000997781753540039,0.0,0.0,0.1,"(100,)",2,"{'NN__alpha': 0.1, 'NN__hidden_layer_sizes': (100,), 'rp__n_components': 2}",13,0.0,0.0,0.0,0.0,0.0,0.0,0.0,0.0,0.0,0.0,0.005178493822304506,8.662177145283198e-07,0.0,0.0
8,0.03450741767883301,0.001197052001953125,0.0,0.0,0.1,"(100,)",3,"{'NN__alpha': 0.1, 'NN__hidden_layer_sizes': (100,), 'rp__n_components': 3}",13,0.0,0.0,0.0,0.0,0.0,0.0,0.0,0.0,0.0,0.0,0.0010169901998653052,0.00039901753342625314,0.0,0.0
9,0.03231358528137207,0.0011969566345214843,0.0,0.0,0.1,"(100,)",4,"{'NN__alpha': 0.1, 'NN__hidden_layer_sizes': (100,), 'rp__n_components': 4}",13,0.0,0.0,0.0,0.0,0.0,0.0,0.0,0.0,0.0,0.0,0.0014925465180551966,0.0003989461895553254,0.0,0.0
10,0.034507465362548825,0.0009983062744140625,0.0,0.0,0.1,"(100,)",5,"{'NN__alpha': 0.1, 'NN__hidden_layer_sizes': (100,), 'rp__n_components': 5}",13,0.0,0.0,0.0,0.0,0.0,0.0,0.0,0.0,0.0,0.0,0.0017384503478750628,2.3360154559928684e-07,0.0,0.0
11,0.03650245666503906,0.0011969566345214843,0.0,0.0,0.1,"(100,)",6,"{'NN__alpha': 0.1, 'NN__hidden_layer_sizes': (100,), 'rp__n_components': 6}",13,0.0,0.0,0.0,0.0,0.0,0.0,0.0,0.0,0.0,0.0,0.0007981540250369267,0.0003990652598506682,0.0,0.0
12,0.03490633964538574,0.0013967037200927734,0.0,0.0,0.1,"(100,)",7,"{'NN__alpha': 0.1, 'NN__hidden_layer_sizes': (100,), 'rp__n_components': 7}",13,0.0,0.0,0.0,0.0,0.0,0.0,0.0,0.0,0.0,0.0,0.004039224547699634,0.0004889675575403386,0.0,0.0
13,0.032114696502685544,0.0013953685760498048,0.0,0.0,0.1,"(100,)",8,"{'NN__alpha': 0.1, 'NN__hidden_layer_sizes': (100,), 'rp__n_components': 8}",13,0.0,0.0,0.0,0.0,0.0,0.0,0.0,0.0,0.0,0.0,0.002131241788081995,0.0004892818528807013,0.0,0.0
14,0.027326154708862304,0.0009972572326660157,0.6666666666666663,0.6666666666666726,0.1,"(20, 20)",2,"{'NN__alpha': 0.1, 'NN__hidden_layer_sizes': (20, 20), 'rp__n_components': 2}",1,0.666666666666667,0.6666666666666741,0.6666666666666669,0.6666666666666744,0.6666666666666657,0.6666666666666716,0.6666666666666659,0.6666666666666716,0.6666666666666661,0.6666666666666716,0.0010170565637297223,1.784161275279017e-07,5.11585709724549e-16,1.2832564590325902e-15
15,0.029519176483154295,0.0009974002838134765,0.0,0.0,0.1,"(20, 20)",3,"{'NN__alpha': 0.1, 'NN__hidden_layer_sizes': (20, 20), 'rp__n_components': 3}",13,0.0,0.0,0.0,0.0,0.0,0.0,0.0,0.0,0.0,0.0,0.0010185617692665253,4.90933901833868e-07,0.0,0.0
16,0.03071746826171875,0.0011972427368164063,0.0,0.0,0.1,"(20, 20)",4,"{'NN__alpha': 0.1, 'NN__hidden_layer_sizes': (20, 20), 'rp__n_components': 4}",13,0.0,0.0,0.0,0.0,0.0,0.0,0.0,0.0,0.0,0.0,0.005691159657639649,0.00039880296750250413,0.0,0.0
17,0.0546534538269043,0.000997638702392578,0.0,0.0,0.1,"(20, 20)",5,"{'NN__alpha': 0.1, 'NN__hidden_layer_sizes': (20, 20), 'rp__n_components': 5}",13,0.0,0.0,0.0,0.0,0.0,0.0,0.0,0.0,0.0,0.0,0.010410883263608558,4.422005889652111e-07,0.0,0.0
18,0.027326679229736327,0.0007977485656738281,0.0,0.0,0.1,"(20, 20)",6,"{'NN__alpha': 0.1, 'NN__hidden_layer_sizes': (20, 20), 'rp__n_components': 6}",13,0.0,0.0,0.0,0.0,0.0,0.0,0.0,0.0,0.0,0.0,0.0004891238495477791,0.0003988744680993653,0.0,0.0
19,0.029520130157470702,0.0009975910186767578,0.0,0.0,0.1,"(20, 20)",7,"{'NN__alpha': 0.1, 'NN__hidden_layer_sizes': (20, 20), 'rp__n_components': 7}",13,0.0,0.0,0.0,0.0,0.0,0.0,0.0,0.0,0.0,0.0,0.0028626575791181785,3.1629798797182086e-07,0.0,0.0
20,0.04148879051208496,0.0009975433349609375,0.0,0.0031987436459065106,0.1,"(20, 20)",8,"{'NN__alpha': 0.1, 'NN__hidden_layer_sizes': (20, 20), 'rp__n_components': 8}",13,0.0,0.0,0.0,0.0,0.0,0.015993718229532553,0.0,0.0,0.0,0.0,0.0020540535696883665,6.217195897295617e-07,0.0,0.006397487291813022
21,0.02553215026855469,0.00079803466796875,0.6666666666666663,0.6666666666666726,0.1,"(20, 5)",2,"{'NN__alpha': 0.1, 'NN__hidden_layer_sizes': (20, 5), 'rp__n_components': 2}",1,0.666666666666667,0.6666666666666741,0.6666666666666669,0.6666666666666744,0.6666666666666657,0.6666666666666716,0.6666666666666659,0.6666666666666716,0.6666666666666661,0.6666666666666716,0.0019541792147879165,0.0003990174764428696,5.11585709724549e-16,1.2832564590325902e-15
22,0.02493314743041992,0.0007981300354003906,0.0,0.0,0.1,"(20, 5)",3,"{'NN__alpha': 0.1, 'NN__hidden_layer_sizes': (20, 5), 'rp__n_components': 3}",13,0.0,0.0,0.0,0.0,0.0,0.0,0.0,0.0,0.0,0.0,0.0016689528014131407,0.00039906520287409956,0.0,0.0
23,0.02433500289916992,0.000797891616821289,0.0,0.0,0.1,"(20, 5)",4,"{'NN__alpha': 0.1, 'NN__hidden_layer_sizes': (20, 5), 'rp__n_components': 4}",13,0.0,0.0,0.0,0.0,0.0,0.0,0.0,0.0,0.0,0.0,0.0010168965064079453,0.00039894581909694896,0.0,0.0
24,0.02712726593017578,0.0017958641052246093,0.0,0.0,0.1,"(20, 5)",5,"{'NN__alpha': 0.1, 'NN__hidden_layer_sizes': (20, 5), 'rp__n_components': 5}",13,0.0,0.0,0.0,0.0,0.0,0.0,0.0,0.0,0.0,0.0,0.0024748537847807924,0.0011634154241704925,0.0,0.0
25,0.026129674911499024,0.0009975433349609375,0.0,0.0,0.1,"(20, 5)",6,"{'NN__alpha': 0.1, 'NN__hidden_layer_sizes': (20, 5), 'rp__n_components': 6}",13,0.0,0.0,0.0,0.0,0.0,0.0,0.0,0.0,0.0,0.0,0.003908910660705333,4.264961199760036e-07,0.0,0.0
26,0.02573075294494629,0.000997304916381836,0.0,0.0,0.1,"(20, 5)",7,"{'NN__alpha': 0.1, 'NN__hidden_layer_sizes': (20, 5), 'rp__n_components': 7}",13,0.0,0.0,0.0,0.0,0.0,0.0,0.0,0.0,0.0,0.0,0.0007462002521198953,3.371747880871523e-07,0.0,0.0
27,0.024733638763427733,0.0009974956512451172,0.0,0.0,0.1,"(20, 5)",8,"{'NN__alpha': 0.1, 'NN__hidden_layer_sizes': (20, 5), 'rp__n_components': 8}",13,0.0,0.0,0.0,0.0,0.0,0.0,0.0,0.0,0.0,0.0,0.0009771553932209803,3.814697265625e-07,0.0,0.0
28,0.04527883529663086,0.0017948627471923828,0.0,0.0,0.01,"(200,)",2,"{'NN__alpha': 0.01, 'NN__hidden_layer_sizes': (200,), 'rp__n_components': 2}",13,0.0,0.0,0.0,0.0,0.0,0.0,0.0,0.0,0.0,0.0,0.0007986784177045826,0.0003990178183430491,0.0,0.0
29,0.04986715316772461,0.0013964176177978516,0.0,0.0,0.01,"(200,)",3,"{'NN__alpha': 0.01, 'NN__hidden_layer_sizes': (200,), 'rp__n_components': 3}",13,0.0,0.0,0.0,0.0,0.0,0.0,0.0,0.0,0.0,0.0,0.0027497432608026553,0.0004889085817082014,0.0,0.0
30,0.047673511505126956,0.0011965274810791016,0.0,0.0,0.01,"(200,)",4,"{'NN__alpha': 0.01, 'NN__hidden_layer_sizes': (200,), 'rp__n_components': 4}",13,0.0,0.0,0.0,0.0,0.0,0.0,0.0,0.0,0.0,0.0,0.0019341115958664559,0.0003991604563355624,0.0,0.0
31,0.04747309684753418,0.0011964797973632812,0.0,0.0,0.01,"(200,)",5,"{'NN__alpha': 0.01, 'NN__hidden_layer_sizes': (200,), 'rp__n_components': 5}",13,0.0,0.0,0.0,0.0,0.0,0.0,0.0,0.0,0.0,0.0,0.0018494577864662514,0.00039906503194434484,0.0,0.0
32,0.04986796379089355,0.0011970043182373048,0.0,0.0,0.01,"(200,)",6,"{'NN__alpha': 0.01, 'NN__hidden_layer_sizes': (200,), 'rp__n_components': 6}",13,0.0,0.0,0.0,0.0,0.0,0.0,0.0,0.0,0.0,0.0,0.0020923965639368944,0.0003988029389954841,0.0,0.0
33,0.052460002899169925,0.0013959407806396484,0.0,0.0,0.01,"(200,)",7,"{'NN__alpha': 0.01, 'NN__hidden_layer_sizes': (200,), 'rp__n_components': 7}",13,0.0,0.0,0.0,0.0,0.0,0.0,0.0,0.0,0.0,0.0,0.0034893578034546555,0.0004880327797671301,0.0,0.0
34,0.04946775436401367,0.001595449447631836,0.0,0.0,0.01,"(200,)",8,"{'NN__alpha': 0.01, 'NN__hidden_layer_sizes': (200,), 'rp__n_components': 8}",13,0.0,0.0,0.0,0.0,0.0,0.0,0.0,0.0,0.0,0.0,0.002932017431006894,0.000488869989192166,0.0,0.0
35,0.03450784683227539,0.000997161865234375,0.0,0.0,0.01,"(100,)",2,"{'NN__alpha': 0.01, 'NN__hidden_layer_sizes': (100,), 'rp__n_components': 2}",13,0.0,0.0,0.0,0.0,0.0,0.0,0.0,0.0,0.0,0.0,0.0016200532281632422,3.8738433859996607e-07,0.0,0.0
36,0.034906959533691405,0.0017951011657714843,0.0,0.0,0.01,"(100,)",3,"{'NN__alpha': 0.01, 'NN__hidden_layer_sizes': (100,), 'rp__n_components': 3}",13,0.0,0.0,0.0,0.0,0.0,0.0,0.0,0.0,0.0,0.0,0.002092350966923688,0.001163529932515956,0.0,0.0
37,0.03131656646728516,0.0011970043182373048,0.0,0.0,0.01,"(100,)",4,"{'NN__alpha': 0.01, 'NN__hidden_layer_sizes': (100,), 'rp__n_components': 4}",13,0.0,0.0,0.0,0.0,0.0,0.0,0.0,0.0,0.0,0.0,0.0010173362665244342,0.0003986844747281855,0.0,0.0
38,0.03402581214904785,0.0009975910186767578,0.0,0.0,0.01,"(100,)",5,"{'NN__alpha': 0.01, 'NN__hidden_layer_sizes': (100,), 'rp__n_components': 5}",13,0.0,0.0,0.0,0.0,0.0,0.0,0.0,0.0,0.0,0.0,0.0010407316840106294,1.784161275279017e-07,0.0,0.0
39,0.03582019805908203,0.0011970043182373048,0.0,0.0,0.01,"(100,)",6,"{'NN__alpha': 0.01, 'NN__hidden_layer_sizes': (100,), 'rp__n_components': 6}",13,0.0,0.0,0.0,0.0,0.0,0.0,0.0,0.0,0.0,0.0,0.001773638787577685,0.0003985645490491663,0.0,0.0
40,0.033310461044311526,0.0011972427368164063,0.0,0.0,0.01,"(100,)",7,"{'NN__alpha': 0.01, 'NN__hidden_layer_sizes': (100,), 'rp__n_components': 7}",13,0.0,0.0,0.0,0.0,0.0,0.0,0.0,0.0,0.0,0.0,0.002053669182606504,0.000399041870285472,0.0,0.0
41,0.032114267349243164,0.000997304916381836,0.0,0.0,0.01,"(100,)",8,"{'NN__alpha': 0.01, 'NN__hidden_layer_sizes': (100,), 'rp__n_components': 8}",13,0.0,0.0,0.0,0.0,0.0,0.0,0.0,0.0,0.0,0.0,0.0003992325478642945,7.835234034135334e-07,0.0,0.0
42,0.028124618530273437,0.001196908950805664,0.6666666666666663,0.6666666666666726,0.01,"(20, 20)",2,"{'NN__alpha': 0.01, 'NN__hidden_layer_sizes': (20, 20), 'rp__n_components': 2}",1,0.666666666666667,0.6666666666666741,0.6666666666666669,0.6666666666666744,0.6666666666666657,0.6666666666666716,0.6666666666666659,0.6666666666666716,0.6666666666666661,0.6666666666666716,0.0007462765442200256,0.0003990890696467079,5.11585709724549e-16,1.2832564590325902e-15
43,0.032513093948364255,0.0013963699340820313,0.0,0.0,0.01,"(20, 20)",3,"{'NN__alpha': 0.01, 'NN__hidden_layer_sizes': (20, 20), 'rp__n_components': 3}",13,0.0,0.0,0.0,0.0,0.0,0.0,0.0,0.0,0.0,0.0,0.004211941382235053,0.0004888502685332911,0.0,0.0
44,0.030318689346313477,0.000997638702392578,0.0,0.0,0.01,"(20, 20)",4,"{'NN__alpha': 0.01, 'NN__hidden_layer_sizes': (20, 20), 'rp__n_components': 4}",13,0.0,0.0,0.0,0.0,0.0,0.0,0.0,0.0,0.0,0.0,0.0024102698755013707,3.568322550558034e-07,0.0,0.0
45,0.056449508666992186,0.0011967658996582032,0.0,0.0,0.01,"(20, 20)",5,"{'NN__alpha': 0.01, 'NN__hidden_layer_sizes': (20, 20), 'rp__n_components': 5}",13,0.0,0.0,0.0,0.0,0.0,0.0,0.0,0.0,0.0,0.0,0.003191751271598315,0.00039951813749546,0.0,0.0
46,0.03131613731384277,0.0011970996856689453,0.0,0.0,0.01,"(20, 20)",6,"{'NN__alpha': 0.01, 'NN__hidden_layer_sizes': (20, 20), 'rp__n_components': 6}",13,0.0,0.0,0.0,0.0,0.0,0.0,0.0,0.0,0.0,0.0,0.0038679329934218263,0.00039899350281149214,0.0,0.0
47,0.029121923446655273,0.000997638702392578,0.0,0.0,0.01,"(20, 20)",7,"{'NN__alpha': 0.01, 'NN__hidden_layer_sizes': (20, 20), 'rp__n_components': 7}",13,0.0,0.0,0.0,0.0,0.0,0.0,0.0,0.0,0.0,0.0,0.001595908428051094,3.2340669551493016e-07,0.0,0.0
48,0.04587717056274414,0.0009970664978027344,0.0,0.00641374812681518,0.01,"(20, 20)",8,"{'NN__alpha': 0.01, 'NN__hidden_layer_sizes': (20, 20), 'rp__n_components': 8}",13,0.0,0.0,0.0,0.0,0.0,0.015973583737488358,0.0,0.0,0.0,0.016095156896587543,0.002820989726847219,3.371747880871523e-07,0.0,0.007855299202108038
49,0.02672863006591797,0.0011967658996582032,0.6666666666666663,0.6666666666666726,0.01,"(20, 5)",2,"{'NN__alpha': 0.01, 'NN__hidden_layer_sizes': (20, 5), 'rp__n_components': 2}",1,0.666666666666667,0.6666666666666741,0.6666666666666669,0.6666666666666744,0.6666666666666657,0.6666666666666716,0.6666666666666659,0.6666666666666716,0.6666666666666661,0.6666666666666716,0.0013235633773458308,0.00039892233703326145,5.11585709724549e-16,1.2832564590325902e-15
50,0.02932133674621582,0.0011966228485107422,0.0,0.0,0.01,"(20, 5)",3,"{'NN__alpha': 0.01, 'NN__hidden_layer_sizes': (20, 5), 'rp__n_components': 3}",13,0.0,0.0,0.0,0.0,0.0,0.0,0.0,0.0,0.0,0.0,0.002491614308590176,0.0003989935597982996,0.0,0.0
51,0.030318832397460936,0.0011969566345214843,0.0,0.0,0.01,"(20, 5)",4,"{'NN__alpha': 0.01, 'NN__hidden_layer_sizes': (20, 5), 'rp__n_components': 4}",13,0.0,0.0,0.0,0.0,0.0,0.0,0.0,0.0,0.0,0.0,0.004487003414963883,0.00039894647452307314,0.0,0.0
52,0.029122161865234374,0.0011966228485107422,0.0,0.0,0.01,"(20, 5)",5,"{'NN__alpha': 0.01, 'NN__hidden_layer_sizes': (20, 5), 'rp__n_components': 5}",13,0.0,0.0,0.0,0.0,0.0,0.0,0.0,0.0,0.0,0.0,0.0021296694991991,0.00039887469611457166,0.0,0.0
53,0.028124666213989256,0.0015957355499267578,0.0,0.0,0.01,"(20, 5)",6,"{'NN__alpha': 0.01, 'NN__hidden_layer_sizes': (20, 5), 'rp__n_components': 6}",13,0.0,0.0,0.0,0.0,0.0,0.0,0.0,0.0,0.0,0.0,0.0019343919332169878,0.0004887140068087359,0.0,0.0
54,0.032712125778198244,0.0009976863861083985,0.0,0.0,0.01,"(20, 5)",7,"{'NN__alpha': 0.01, 'NN__hidden_layer_sizes': (20, 5), 'rp__n_components': 7}",13,0.0,0.0,0.0,0.0,0.0,0.0,0.0,0.0,0.0,0.0,0.004433823316445717,3.568322550558034e-07,0.0,0.0
55,0.030319023132324218,0.0011972427368164063,0.0,0.0,0.01,"(20, 5)",8,"{'NN__alpha': 0.01, 'NN__hidden_layer_sizes': (20, 5), 'rp__n_components': 8}",13,0.0,0.0,0.0,0.0,0.0,0.0,0.0,0.0,0.0,0.0,0.002410037120063773,0.00039844538618803536,0.0,0.0
56,0.05385594367980957,0.0015961647033691407,0.0,0.0,0.001,"(200,)",2,"{'NN__alpha': 0.001, 'NN__hidden_layer_sizes': (200,), 'rp__n_components': 2}",13,0.0,0.0,0.0,0.0,0.0,0.0,0.0,0.0,0.0,0.0,0.005277142461362673,0.0004887723548481413,0.0,0.0
57,0.05106344223022461,0.0017952442169189454,0.0,0.0,0.001,"(200,)",3,"{'NN__alpha': 0.001, 'NN__hidden_layer_sizes': (200,), 'rp__n_components': 3}",13,0.0,0.0,0.0,0.0,0.0,0.0,0.0,0.0,0.0,0.0,0.0027057961860824484,0.0007465951840987046,0.0,0.0
58,0.05006575584411621,0.0015964031219482422,0.0,0.0,0.001,"(200,)",4,"{'NN__alpha': 0.001, 'NN__hidden_layer_sizes': (200,), 'rp__n_components': 4}",13,0.0,0.0,0.0,0.0,0.0,0.0,0.0,0.0,0.0,0.0,0.0029181169540146725,0.000488480335493404,0.0,0.0
59,0.05206136703491211,0.001795196533203125,0.0,0.0,0.001,"(200,)",5,"{'NN__alpha': 0.001, 'NN__hidden_layer_sizes': (200,), 'rp__n_components': 5}",13,0.0,0.0,0.0,0.0,0.0,0.0,0.0,0.0,0.0,0.0,0.0027782453926611522,0.0003987079137732415,0.0,0.0
60,0.05186138153076172,0.0017949581146240235,0.0,0.0,0.001,"(200,)",6,"{'NN__alpha': 0.001, 'NN__hidden_layer_sizes': (200,), 'rp__n_components': 6}",13,0.0,0.0,0.0,0.0,0.0,0.0,0.0,0.0,0.0,0.0,0.005124329041065622,0.00039906543078032525,0.0,0.0
61,0.05166215896606445,0.0011973857879638671,0.0,0.0,0.001,"(200,)",7,"{'NN__alpha': 0.001, 'NN__hidden_layer_sizes': (200,), 'rp__n_components': 7}",13,0.0,0.0,0.0,0.0,0.0,0.0,0.0,0.0,0.0,0.0,0.0015966237380708062,0.00039885082221481855,0.0,0.0
62,0.04886922836303711,0.0011973857879638671,0.0,0.0,0.001,"(200,)",8,"{'NN__alpha': 0.001, 'NN__hidden_layer_sizes': (200,), 'rp__n_components': 8}",13,0.0,0.0,0.0,0.0,0.0,0.0,0.0,0.0,0.0,0.0,0.0025232868886330222,0.0003986128601938375,0.0,0.0
63,0.0353053092956543,0.0011971950531005859,0.0,0.0,0.001,"(100,)",2,"{'NN__alpha': 0.001, 'NN__hidden_layer_sizes': (100,), 'rp__n_components': 2}",13,0.0,0.0,0.0,0.0,0.0,0.0,0.0,0.0,0.0,0.0,0.001196567286523757,0.00039918435158881684,0.0,0.0
64,0.03630208969116211,0.0011968135833740235,0.0,0.0,0.001,"(100,)",3,"{'NN__alpha': 0.001, 'NN__hidden_layer_sizes': (100,), 'rp__n_components': 3}",13,0.0,0.0,0.0,0.0,0.0,0.0,0.0,0.0,0.0,0.0,0.002999196941331533,0.00039889827788347005,0.0,0.0
65,0.032911825180053714,0.0013962745666503905,0.0,0.0,0.001,"(100,)",4,"{'NN__alpha': 0.001, 'NN__hidden_layer_sizes': (100,), 'rp__n_components': 4}",13,0.0,0.0,0.0,0.0,0.0,0.0,0.0,0.0,0.0,0.0,0.002273828737355598,0.0004886361318884752,0.0,0.0
66,0.0359036922454834,0.0011967658996582032,0.0,0.0,0.001,"(100,)",5,"{'NN__alpha': 0.001, 'NN__hidden_layer_sizes': (100,), 'rp__n_components': 5}",13,0.0,0.0,0.0,0.0,0.0,0.0,0.0,0.0,0.0,0.0,0.0010927975327149559,0.0003989221660422917,0.0,0.0
67,0.03889589309692383,0.0013965606689453126,0.0,0.0,0.001,"(100,)",6,"{'NN__alpha': 0.001, 'NN__hidden_layer_sizes': (100,), 'rp__n_components': 6}",13,0.0,0.0,0.0,0.0,0.0,0.0,0.0,0.0,0.0,0.0,0.0030251956847722845,0.0004884998430145338,0.0,0.0
68,0.03590359687805176,0.0011972904205322266,0.0,0.0,0.001,"(100,)",7,"{'NN__alpha': 0.001, 'NN__hidden_layer_sizes': (100,), 'rp__n_components': 7}",13,0.0,0.0,0.0,0.0,0.0,0.0,0.0,0.0,0.0,0.0,0.0019942522446575774,0.00039889816388262293,0.0,0.0
69,0.034508132934570314,0.0013957977294921874,0.0,0.0,0.001,"(100,)",8,"{'NN__alpha': 0.001, 'NN__hidden_layer_sizes': (100,), 'rp__n_components': 8}",13,0.0,0.0,0.0,0.0,0.0,0.0,0.0,0.0,0.0,0.0,0.004212851337069418,0.0004883447760370166,0.0,0.0
70,0.03829736709594726,0.0011969566345214843,0.533809949359547,0.5333333333333383,0.001,"(20, 20)",2,"{'NN__alpha': 0.001, 'NN__hidden_layer_sizes': (20, 20), 'rp__n_components': 2}",9,0.666666666666667,0.6666666666666741,0.6666666666666669,0.6666666666666744,0.6666666666666657,0.6666666666666716,0.6666666666666659,0.6666666666666716,0.0,0.0,0.011878134159868449,0.00039870760012115095,0.26630853823673967,0.26666666666666916
71,0.03211445808410644,0.0011965274810791016,0.0,0.0,0.001,"(20, 20)",3,"{'NN__alpha': 0.001, 'NN__hidden_layer_sizes': (20, 20), 'rp__n_components': 3}",13,0.0,0.0,0.0,0.0,0.0,0.0,0.0,0.0,0.0,0.0,0.003959281163260671,0.00039880296750250413,0.0,0.0
72,0.03091731071472168,0.0013961315155029297,0.0,0.0,0.001,"(20, 20)",4,"{'NN__alpha': 0.001, 'NN__hidden_layer_sizes': (20, 20), 'rp__n_components': 4}",13,0.0,0.0,0.0,0.0,0.0,0.0,0.0,0.0,0.0,0.0,0.0028205514072815155,0.0004887528395952578,0.0,0.0
73,0.05425448417663574,0.0011971950531005859,0.0,0.0,0.001,"(20, 20)",5,"{'NN__alpha': 0.001, 'NN__hidden_layer_sizes': (20, 20), 'rp__n_components': 5}",13,0.0,0.0,0.0,0.0,0.0,0.0,0.0,0.0,0.0,0.0,0.004019143448161038,0.0003989459900777808,0.0,0.0
74,0.03151545524597168,0.0009979724884033204,0.0,0.0,0.001,"(20, 20)",6,"{'NN__alpha': 0.001, 'NN__hidden_layer_sizes': (20, 20), 'rp__n_components': 6}",13,0.0,0.0,0.0,0.0,0.0,0.0,0.0,0.0,0.0,0.0,0.004019077147839465,2.3360154559928684e-07,0.0,0.0
75,0.03291196823120117,0.0009972095489501954,0.0,0.0,0.001,"(20, 20)",7,"{'NN__alpha': 0.001, 'NN__hidden_layer_sizes': (20, 20), 'rp__n_components': 7}",13,0.0,0.0,0.0,0.0,0.0,0.0,0.0,0.0,0.0,0.0,0.002600433632117091,1.1680077279964343e-07,0.0,0.0
76,0.044680309295654294,0.001196908950805664,0.0,0.006421812088149977,0.001,"(20, 20)",8,"{'NN__alpha': 0.001, 'NN__hidden_layer_sizes': (20, 20), 'rp__n_components': 8}",13,0.0,0.0,0.0,0.0,0.0,0.01601390354416234,0.0,0.0,0.0,0.016095156896587543,0.004433568023513654,0.00039873137425016616,0.0,0.007865123390894246
77,0.028323936462402343,0.0011967182159423827,0.6666666666666663,0.6666666666666726,0.001,"(20, 5)",2,"{'NN__alpha': 0.001, 'NN__hidden_layer_sizes': (20, 5), 'rp__n_components': 2}",1,0.666666666666667,0.6666666666666741,0.6666666666666669,0.6666666666666744,0.6666666666666657,0.6666666666666716,0.6666666666666659,0.6666666666666716,0.6666666666666661,0.6666666666666716,0.0048289414639512045,0.0003989458475937594,5.11585709724549e-16,1.2832564590325902e-15
78,0.026329660415649415,0.0009972572326660157,0.0,0.0,0.001,"(20, 5)",3,"{'NN__alpha': 0.001, 'NN__hidden_layer_sizes': (20, 5), 'rp__n_components': 3}",13,0.0,0.0,0.0,0.0,0.0,0.0,0.0,0.0,0.0,0.0,0.0018496787899445412,0.0006305249927452746,0.0,0.0
79,0.02533245086669922,0.0007983684539794922,0.0,0.0,0.001,"(20, 5)",4,"{'NN__alpha': 0.001, 'NN__hidden_layer_sizes': (20, 5), 'rp__n_components': 4}",13,0.0,0.0,0.0,0.0,0.0,0.0,0.0,0.0,0.0,0.0,0.0023262665385291,0.0003991844655079332,0.0,0.0
80,0.028722858428955077,0.001396322250366211,0.0,0.0,0.001,"(20, 5)",5,"{'NN__alpha': 0.001, 'NN__hidden_layer_sizes': (20, 5), 'rp__n_components': 5}",13,0.0,0.0,0.0,0.0,0.0,0.0,0.0,0.0,0.0,0.0,0.0019341165756910493,0.0004887918972323581,0.0,0.0
81,0.02812480926513672,0.0013966083526611329,0.0,0.0,0.001,"(20, 5)",6,"{'NN__alpha': 0.001, 'NN__hidden_layer_sizes': (20, 5), 'rp__n_components': 6}",13,0.0,0.0,0.0,0.0,0.0,0.0,0.0,0.0,0.0,0.0,0.0021292943406606073,0.000488363767520776,0.0,0.0
82,0.029322147369384766,0.0009969234466552734,0.0,0.0,0.001,"(20, 5)",7,"{'NN__alpha': 0.001, 'NN__hidden_layer_sizes': (20, 5), 'rp__n_components': 7}",13,0.0,0.0,0.0,0.0,0.0,0.0,0.0,0.0,0.0,0.0,0.002491255495068052,5.56082906231432e-07,0.0,0.0
83,0.027925825119018553,0.000997447967529297,0.0,0.0,0.001,"(20, 5)",8,"{'NN__alpha': 0.001, 'NN__hidden_layer_sizes': (20, 5), 'rp__n_components': 8}",13,0.0,0.0,0.0,0.0,0.0,0.0,0.0,0.0,0.0,0.0,0.0010918834153352465,6.325959759436417e-07,0.0,0.0
84,0.04926905632019043,0.0017951488494873046,0.0,0.0,0.0001,"(200,)",2,"{'NN__alpha': 0.0001, 'NN__hidden_layer_sizes': (200,), 'rp__n_components': 2}",13,0.0,0.0,0.0,0.0,0.0,0.0,0.0,0.0,0.0,0.0,0.00279224271498834,0.0007465702290618392,0.0,0.0
85,0.052859830856323245,0.0016970634460449219,0.0,0.0,0.0001,"(200,)",3,"{'NN__alpha': 0.0001, 'NN__hidden_layer_sizes': (200,), 'rp__n_components': 3}",13,0.0,0.0,0.0,0.0,0.0,0.0,0.0,0.0,0.0,0.0,0.007301952921679679,0.0007457331155103505,0.0,0.0
86,0.05036807060241699,0.001994609832763672,0.0,0.0,0.0001,"(200,)",4,"{'NN__alpha': 0.0001, 'NN__hidden_layer_sizes': (200,), 'rp__n_components': 4}",13,0.0,0.0,0.0,0.0,0.0,0.0,0.0,0.0,0.0,0.0,0.0038927302494699396,0.0015454799287148752,0.0,0.0
87,0.06554141044616699,0.0018973827362060546,0.0,0.0,0.0001,"(200,)",5,"{'NN__alpha': 0.0001, 'NN__hidden_layer_sizes': (200,), 'rp__n_components': 5}",13,0.0,0.0,0.0,0.0,0.0,0.0,0.0,0.0,0.0,0.0,0.02339466155711989,0.0011097025342414527,0.0,0.0
88,0.059271955490112306,0.0017962932586669921,0.0,0.0,0.0001,"(200,)",6,"{'NN__alpha': 0.0001, 'NN__hidden_layer_sizes': (200,), 'rp__n_components': 6}",13,0.0,0.0,0.0,0.0,0.0,0.0,0.0,0.0,0.0,0.0,0.009773145798778526,0.00039973331495945277,0.0,0.0
89,0.06146659851074219,0.001994609832763672,0.0,0.0,0.0001,"(200,)",7,"{'NN__alpha': 0.0001, 'NN__hidden_layer_sizes': (200,), 'rp__n_components': 7}",13,0.0,0.0,0.0,0.0,0.0,0.0,0.0,0.0,0.0,0.0,0.00633434811315693,0.0010922755272663733,0.0,0.0
90,0.05246896743774414,0.0009972095489501954,0.0,0.0,0.0001,"(200,)",8,"{'NN__alpha': 0.0001, 'NN__hidden_layer_sizes': (200,), 'rp__n_components': 8}",13,0.0,0.0,0.0,0.0,0.0,0.0,0.0,0.0,0.0,0.0,0.008256248971848667,6.325959759436417e-07,0.0,0.0
91,0.0371096134185791,0.0011972427368164063,0.0,0.0,0.0001,"(100,)",2,"{'NN__alpha': 0.0001, 'NN__hidden_layer_sizes': (100,), 'rp__n_components': 2}",13,0.0,0.0,0.0,0.0,0.0,0.0,0.0,0.0,0.0,0.0,0.003812261614472989,0.00039892199505124864,0.0,0.0
92,0.03411898612976074,0.0009975910186767578,0.0,0.0,0.0001,"(100,)",3,"{'NN__alpha': 0.0001, 'NN__hidden_layer_sizes': (100,), 'rp__n_components': 3}",13,0.0,0.0,0.0,0.0,0.0,0.0,0.0,0.0,0.0,0.0,0.0011644666802142665,6.106495129998063e-07,0.0,0.0
93,0.0342165470123291,0.001396036148071289,0.0,0.0,0.0001,"(100,)",4,"{'NN__alpha': 0.0001, 'NN__hidden_layer_sizes': (100,), 'rp__n_components': 4}",13,0.0,0.0,0.0,0.0,0.0,0.0,0.0,0.0,0.0,0.0,0.003620907363511338,0.0004893188190843832,0.0,0.0
94,0.04204459190368652,0.0011967182159423827,0.0,0.0,0.0001,"(100,)",5,"{'NN__alpha': 0.0001, 'NN__hidden_layer_sizes': (100,), 'rp__n_components': 5}",13,0.0,0.0,0.0,0.0,0.0,0.0,0.0,0.0,0.0,0.0,0.005967270090836338,0.00039870762863498753,0.0,0.0
95,0.03457274436950684,0.000997018814086914,0.0,0.0,0.0001,"(100,)",6,"{'NN__alpha': 0.0001, 'NN__hidden_layer_sizes': (100,), 'rp__n_components': 6}",13,0.0,0.0,0.0,0.0,0.0,0.0,0.0,0.0,0.0,0.0,0.0007816790909034985,3.814697265625e-07,0.0,0.0
96,0.03138189315795899,0.001396512985229492,0.0,0.0,0.0001,"(100,)",7,"{'NN__alpha': 0.0001, 'NN__hidden_layer_sizes': (100,), 'rp__n_components': 7}",13,0.0,0.0,0.0,0.0,0.0,0.0,0.0,0.0,0.0,0.0,0.0004980067145687852,0.00048883076104228,0.0,0.0
97,0.03304967880249023,0.005311727523803711,0.0,0.0,0.0001,"(100,)",8,"{'NN__alpha': 0.0001, 'NN__hidden_layer_sizes': (100,), 'rp__n_components': 8}",13,0.0,0.0,0.0,0.0,0.0,0.0,0.0,0.0,0.0,0.0,0.001353405257197387,0.008378885492150922,0.0,0.0
98,0.03675680160522461,0.0014071941375732421,0.533809949359547,0.5333333333333383,0.0001,"(20, 20)",2,"{'NN__alpha': 0.0001, 'NN__hidden_layer_sizes': (20, 20), 'rp__n_components': 2}",9,0.666666666666667,0.6666666666666741,0.6666666666666669,0.6666666666666744,0.6666666666666657,0.6666666666666716,0.6666666666666659,0.6666666666666716,0.0,0.0,0.015178927862116292,0.00038196267821456276,0.26630853823673967,0.26666666666666916
99,0.02828989028930664,0.0009009361267089844,0.0,0.0,0.0001,"(20, 20)",3,"{'NN__alpha': 0.0001, 'NN__hidden_layer_sizes': (20, 20), 'rp__n_components': 3}",13,0.0,0.0,0.0,0.0,0.0,0.0,0.0,0.0,0.0,0.0,0.0016614676710744545,0.00019309540592093416,0.0,0.0
100,0.02891263961791992,0.0011946678161621094,0.0,0.0,0.0001,"(20, 20)",4,"{'NN__alpha': 0.0001, 'NN__hidden_layer_sizes': (20, 20), 'rp__n_components': 4}",13,0.0,0.0,0.0,0.0,0.0,0.0,0.0,0.0,0.0,0.0,0.0018030905801739374,0.00039987159802471736,0.0,0.0
101,0.052982664108276366,0.0011970043182373048,0.0,0.0,0.0001,"(20, 20)",5,"{'NN__alpha': 0.0001, 'NN__hidden_layer_sizes': (20, 20), 'rp__n_components': 5}",13,0.0,0.0,0.0,0.0,0.0,0.0,0.0,0.0,0.0,0.0,0.003979714458851626,0.0003991605132985345,0.0,0.0
102,0.030105161666870116,0.00110015869140625,0.0,0.0,0.0001,"(20, 20)",6,"{'NN__alpha': 0.0001, 'NN__hidden_layer_sizes': (20, 20), 'rp__n_components': 6}",13,0.0,0.0,0.0,0.0,0.0,0.0,0.0,0.0,0.0,0.0,0.002906767908030505,0.0004853573066987463,0.0,0.0
103,0.031197643280029295,0.0009974956512451172,0.0,0.0,0.0001,"(20, 20)",7,"{'NN__alpha': 0.0001, 'NN__hidden_layer_sizes': (20, 20), 'rp__n_components': 7}",13,0.0,0.0,0.0,0.0,0.0,0.0,0.0,0.0,0.0,0.0,0.0031837213032700567,2.78041453115716e-07,0.0,0.0
104,0.045068216323852536,0.0016005516052246093,0.0,0.006421812088149977,0.0001,"(20, 20)",8,"{'NN__alpha': 0.0001, 'NN__hidden_layer_sizes': (20, 20), 'rp__n_components': 8}",13,0.0,0.0,0.0,0.0,0.0,0.01601390354416234,0.0,0.0,0.0,0.016095156896587543,0.0036250749448824547,0.001206493519029254,0.0,0.007865123390894246
105,0.03177766799926758,0.0017937660217285157,0.6666666666666663,0.6666666666666726,0.0001,"(20, 5)",2,"{'NN__alpha': 0.0001, 'NN__hidden_layer_sizes': (20, 5), 'rp__n_components': 2}",1,0.666666666666667,0.6666666666666741,0.6666666666666669,0.6666666666666744,0.6666666666666657,0.6666666666666716,0.6666666666666659,0.6666666666666716,0.6666666666666661,0.6666666666666716,0.010520411290163198,0.00159626262762362,5.11585709724549e-16,1.2832564590325902e-15
106,0.02639288902282715,0.0007963180541992188,0.0,0.0,0.0001,"(20, 5)",3,"{'NN__alpha': 0.0001, 'NN__hidden_layer_sizes': (20, 5), 'rp__n_components': 3}",13,0.0,0.0,0.0,0.0,0.0,0.0,0.0,0.0,0.0,0.0,0.0020565393668404122,0.0003981751592874297,0.0,0.0
107,0.02520017623901367,0.0007979869842529297,0.0,0.0,0.0001,"(20, 5)",4,"{'NN__alpha': 0.0001, 'NN__hidden_layer_sizes': (20, 5), 'rp__n_components': 4}",13,0.0,0.0,0.0,0.0,0.0,0.0,0.0,0.0,0.0,0.0,0.000747618842975117,0.0003989935313048969,0.0,0.0
108,0.02579188346862793,0.0010991573333740234,0.0,0.0,0.0001,"(20, 5)",5,"{'NN__alpha': 0.0001, 'NN__hidden_layer_sizes': (20, 5), 'rp__n_components': 5}",13,0.0,0.0,0.0,0.0,0.0,0.0,0.0,0.0,0.0,0.0,0.0014792198582846516,0.00020742972136319948,0.0,0.0
109,0.02589716911315918,0.0010038852691650391,0.0,0.0,0.0001,"(20, 5)",6,"{'NN__alpha': 0.0001, 'NN__hidden_layer_sizes': (20, 5), 'rp__n_components': 6}",13,0.0,0.0,0.0,0.0,0.0,0.0,0.0,0.0,0.0,0.0,0.0011071303122621896,0.00031408690633682985,0.0,0.0
110,0.027507638931274413,0.001102590560913086,0.0,0.0,0.0001,"(20, 5)",7,"{'NN__alpha': 0.0001, 'NN__hidden_layer_sizes': (20, 5), 'rp__n_components': 7}",13,0.0,0.0,0.0,0.0,0.0,0.0,0.0,0.0,0.0,0.0,0.001620054014120303,0.00048199403313870106,0.0,0.0
111,0.028000068664550782,0.0010989189147949218,0.0,0.0,0.0001,"(20, 5)",8,"{'NN__alpha': 0.0001, 'NN__hidden_layer_sizes': (20, 5), 'rp__n_components': 8}",13,0.0,0.0,0.0,0.0,0.0,0.0,0.0,0.0,0.0,0.0,0.0019346457253725427,0.00020251321826229192,0.0,0.0
112,0.05369024276733399,0.0016983985900878907,0.0,0.0,1e-05,"(200,)",2,"{'NN__alpha': 1e-05, 'NN__hidden_layer_sizes': (200,), 'rp__n_components': 2}",13,0.0,0.0,0.0,0.0,0.0,0.0,0.0,0.0,0.0,0.0,0.0027339901570825856,0.0007454163582440545,0.0,0.0
113,0.05514106750488281,0.0011971473693847656,0.0,0.0,1e-05,"(200,)",3,"{'NN__alpha': 1e-05, 'NN__hidden_layer_sizes': (200,), 'rp__n_components': 3}",13,0.0,0.0,0.0,0.0,0.0,0.0,0.0,0.0,0.0,0.0,0.008308042678410857,0.00039873126020159984,0.0,0.0
114,0.053058528900146486,0.0015956401824951173,0.0,0.0,1e-05,"(200,)",4,"{'NN__alpha': 1e-05, 'NN__hidden_layer_sizes': (200,), 'rp__n_components': 4}",13,0.0,0.0,0.0,0.0,0.0,0.0,0.0,0.0,0.0,0.0,0.0015950919150906997,0.0004889280814438333,0.0,0.0
115,0.055452489852905275,0.0013959407806396484,0.0,0.0,1e-05,"(200,)",5,"{'NN__alpha': 1e-05, 'NN__hidden_layer_sizes': (200,), 'rp__n_components': 5}",13,0.0,0.0,0.0,0.0,0.0,0.0,0.0,0.0,0.0,0.0,0.007425721754978659,0.0004888115132602699,0.0,0.0
116,0.051462411880493164,0.0013960838317871095,0.0,0.0,1e-05,"(200,)",6,"{'NN__alpha': 1e-05, 'NN__hidden_layer_sizes': (200,), 'rp__n_components': 6}",13,0.0,0.0,0.0,0.0,0.0,0.0,0.0,0.0,0.0,0.0,0.002569549433226441,0.0004887920367847797,0.0,0.0
117,0.05146279335021973,0.0013962745666503905,0.0,0.0,1e-05,"(200,)",7,"{'NN__alpha': 1e-05, 'NN__hidden_layer_sizes': (200,), 'rp__n_components': 7}",13,0.0,0.0,0.0,0.0,0.0,0.0,0.0,0.0,0.0,0.0,0.0033727206671593296,0.000488539218744114,0.0,0.0
118,0.048670053482055664,0.0015954971313476562,0.0,0.0,1e-05,"(200,)",8,"{'NN__alpha': 1e-05, 'NN__hidden_layer_sizes': (200,), 'rp__n_components': 8}",13,0.0,0.0,0.0,0.0,0.0,0.0,0.0,0.0,0.0,0.0,0.0014659795154725675,0.00048890860496139,0.0,0.0
119,0.03450798988342285,0.000997304916381836,0.0,0.0,1e-05,"(100,)",2,"{'NN__alpha': 1e-05, 'NN__hidden_layer_sizes': (100,), 'rp__n_components': 2}",13,0.0,0.0,0.0,0.0,0.0,0.0,0.0,0.0,0.0,0.0,0.0027925117947573247,4.523674478771752e-07,0.0,0.0
120,0.035505247116088864,0.0015955448150634765,0.0,0.0,1e-05,"(100,)",3,"{'NN__alpha': 1e-05, 'NN__hidden_layer_sizes': (100,), 'rp__n_components': 3}",13,0.0,0.0,0.0,0.0,0.0,0.0,0.0,0.0,0.0,0.0,0.002720390065520506,0.0004882662880736069,0.0,0.0
121,0.03171505928039551,0.0011967182159423827,0.0,0.0,1e-05,"(100,)",4,"{'NN__alpha': 1e-05, 'NN__hidden_layer_sizes': (100,), 'rp__n_components': 4}",13,0.0,0.0,0.0,0.0,0.0,0.0,0.0,0.0,0.0,0.0,0.00039894670249712483,0.00039811170034041894,0.0,0.0
122,0.035704755783081056,0.0009971141815185546,0.0,0.0,1e-05,"(100,)",5,"{'NN__alpha': 1e-05, 'NN__hidden_layer_sizes': (100,), 'rp__n_components': 5}",13,0.0,0.0,0.0,0.0,0.0,0.0,0.0,0.0,0.0,0.0,0.0019335071455502193,1.533311385232308e-06,0.0,0.0
123,0.03390908241271973,0.0015953540802001952,0.0,0.0,1e-05,"(100,)",6,"{'NN__alpha': 1e-05, 'NN__hidden_layer_sizes': (100,), 'rp__n_components': 6}",13,0.0,0.0,0.0,0.0,0.0,0.0,0.0,0.0,0.0,0.0,0.0012615024555571231,0.0004885972525974381,0.0,0.0
124,0.03151493072509766,0.0011972904205322266,0.0,0.0,1e-05,"(100,)",7,"{'NN__alpha': 1e-05, 'NN__hidden_layer_sizes': (100,), 'rp__n_components': 7}",13,0.0,0.0,0.0,0.0,0.0,0.0,0.0,0.0,0.0,0.0,0.00162109807262137,0.0003986600875339357,0.0,0.0
125,0.03530607223510742,0.0017951011657714843,0.0,0.0,1e-05,"(100,)",8,"{'NN__alpha': 1e-05, 'NN__hidden_layer_sizes': (100,), 'rp__n_components': 8}",13,0.0,0.0,0.0,0.0,0.0,0.0,0.0,0.0,0.0,0.0,0.003128158857529951,0.0007464299945029174,0.0,0.0
126,0.035306024551391604,0.0009973526000976562,0.533809949359547,0.5333333333333383,1e-05,"(20, 20)",2,"{'NN__alpha': 1e-05, 'NN__hidden_layer_sizes': (20, 20), 'rp__n_components': 2}",9,0.666666666666667,0.6666666666666741,0.6666666666666669,0.6666666666666744,0.6666666666666657,0.6666666666666716,0.6666666666666659,0.6666666666666716,0.0,0.0,0.01184402340367276,5.917393515582494e-07,0.26630853823673967,0.26666666666666916
127,0.02932119369506836,0.0009977340698242188,0.0,0.0,1e-05,"(20, 20)",3,"{'NN__alpha': 1e-05, 'NN__hidden_layer_sizes': (20, 20), 'rp__n_components': 3}",13,0.0,0.0,0.0,0.0,0.0,0.0,0.0,0.0,0.0,0.0,0.0018499668102585642,3.814697265625e-07,0.0,0.0
128,0.028523826599121095,0.0011966228485107422,0.0,0.0,1e-05,"(20, 20)",4,"{'NN__alpha': 1e-05, 'NN__hidden_layer_sizes': (20, 20), 'rp__n_components': 4}",13,0.0,0.0,0.0,0.0,0.0,0.0,0.0,0.0,0.0,0.0,0.00119686930870303,0.0003989936452784955,0.0,0.0
129,0.05385532379150391,0.000997447967529297,0.0,0.0,1e-05,"(20, 20)",5,"{'NN__alpha': 1e-05, 'NN__hidden_layer_sizes': (20, 20), 'rp__n_components': 5}",13,0.0,0.0,0.0,0.0,0.0,0.0,0.0,0.0,0.0,0.0,0.0038884672359644806,5.761645304486548e-07,0.0,0.0
130,0.028524160385131836,0.0011965274810791016,0.0,0.0,1e-05,"(20, 20)",6,"{'NN__alpha': 1e-05, 'NN__hidden_layer_sizes': (20, 20), 'rp__n_components': 6}",13,0.0,0.0,0.0,0.0,0.0,0.0,0.0,0.0,0.0,0.0,0.0016206458817015488,0.0003992800037204036,0.0,0.0
131,0.03091773986816406,0.0009972095489501954,0.0,0.0,1e-05,"(20, 20)",7,"{'NN__alpha': 1e-05, 'NN__hidden_layer_sizes': (20, 20), 'rp__n_components': 7}",13,0.0,0.0,0.0,0.0,0.0,0.0,0.0,0.0,0.0,0.0,0.0027492588736060465,3.2340669551493016e-07,0.0,0.0
132,0.04368295669555664,0.0011966228485107422,0.0,0.006421812088149977,1e-05,"(20, 20)",8,"{'NN__alpha': 1e-05, 'NN__hidden_layer_sizes': (20, 20), 'rp__n_components': 8}",13,0.0,0.0,0.0,0.0,0.0,0.01601390354416234,0.0,0.0,0.0,0.016095156896587543,0.0022206582226801026,0.0003991130432346206,0.0,0.007865123390894246
133,0.026728248596191405,0.001396322250366211,0.6666666666666663,0.6666666666666726,1e-05,"(20, 5)",2,"{'NN__alpha': 1e-05, 'NN__hidden_layer_sizes': (20, 5), 'rp__n_components': 2}",1,0.666666666666667,0.6666666666666741,0.6666666666666669,0.6666666666666744,0.6666666666666657,0.6666666666666716,0.6666666666666659,0.6666666666666716,0.6666666666666661,0.6666666666666716,0.0017157728506422875,0.0007981539395745922,5.11585709724549e-16,1.2832564590325902e-15
134,0.02672858238220215,0.0009974956512451172,0.0,0.0,1e-05,"(20, 5)",3,"{'NN__alpha': 1e-05, 'NN__hidden_layer_sizes': (20, 5), 'rp__n_components': 3}",13,0.0,0.0,0.0,0.0,0.0,0.0,0.0,0.0,0.0,0.0,0.0034776171598213477,2.78041453115716e-07,0.0,0.0
135,0.02632913589477539,0.0009975910186767578,0.0,0.0,1e-05,"(20, 5)",4,"{'NN__alpha': 1e-05, 'NN__hidden_layer_sizes': (20, 5), 'rp__n_components': 4}",13,0.0,0.0,0.0,0.0,0.0,0.0,0.0,0.0,0.0,0.0,0.0010168965846664335,2.78041453115716e-07,0.0,0.0
136,0.0252286434173584,0.0009975433349609375,0.0,0.0,1e-05,"(20, 5)",5,"{'NN__alpha': 1e-05, 'NN__hidden_layer_sizes': (20, 5), 'rp__n_components': 5}",13,0.0,0.0,0.0,0.0,0.0,0.0,0.0,0.0,0.0,0.0,0.0009772961136209765,1.5078914929239175e-07,0.0,0.0
137,0.02493133544921875,0.0011972904205322266,0.0,0.0,1e-05,"(20, 5)",6,"{'NN__alpha': 1e-05, 'NN__hidden_layer_sizes': (20, 5), 'rp__n_components': 6}",13,0.0,0.0,0.0,0.0,0.0,0.0,0.0,0.0,0.0,0.0,0.0006278154100321153,0.00039865991643048336,0.0,0.0
138,0.026824569702148436,0.0009974002838134765,0.0,0.0,1e-05,"(20, 5)",7,"{'NN__alpha': 1e-05, 'NN__hidden_layer_sizes': (20, 5), 'rp__n_components': 7}",13,0.0,0.0,0.0,0.0,0.0,0.0,0.0,0.0,0.0,0.0,0.0015586581128013348,3.2340669551493016e-07,0.0,0.0
139,0.02682666778564453,0.0009979724884033204,0.0,0.0,1e-05,"(20, 5)",8,"{'NN__alpha': 1e-05, 'NN__hidden_layer_sizes': (20, 5), 'rp__n_components': 8}",13,0.0,0.0,0.0,0.0,0.0,0.0,0.0,0.0,0.0,0.0,0.0011988555907757655,8.714517060516866e-07,0.0,0.0
140,0.058045578002929685,0.0011960506439208985,0.0,0.0,1e-06,"(200,)",2,"{'NN__alpha': 1e-06, 'NN__hidden_layer_sizes': (200,), 'rp__n_components': 2}",13,0.0,0.0,0.0,0.0,0.0,0.0,0.0,0.0,0.0,0.0,0.00750009566596038,0.000399041727835686,0.0,0.0
141,0.052060842514038086,0.0021942138671875,0.0,0.0,1e-06,"(200,)",3,"{'NN__alpha': 1e-06, 'NN__hidden_layer_sizes': (200,), 'rp__n_components': 3}",13,0.0,0.0,0.0,0.0,0.0,0.0,0.0,0.0,0.0,0.0,0.007202734204528965,0.0007465951840987047,0.0,0.0
142,0.05226078033447266,0.001196575164794922,0.0,0.0,1e-06,"(200,)",4,"{'NN__alpha': 1e-06, 'NN__hidden_layer_sizes': (200,), 'rp__n_components': 4}",13,0.0,0.0,0.0,0.0,0.0,0.0,0.0,0.0,0.0,0.0,0.004212654884523827,0.0003990177613597062,0.0,0.0
143,0.05704774856567383,0.0015958786010742188,0.0,0.0,1e-06,"(200,)",5,"{'NN__alpha': 1e-06, 'NN__hidden_layer_sizes': (200,), 'rp__n_components': 5}",13,0.0,0.0,0.0,0.0,0.0,0.0,0.0,0.0,0.0,0.0,0.0032410041204207598,0.00048824685038897334,0.0,0.0
144,0.05764584541320801,0.0013962268829345703,0.0,0.0,1e-06,"(200,)",6,"{'NN__alpha': 1e-06, 'NN__hidden_layer_sizes': (200,), 'rp__n_components': 6}",13,0.0,0.0,0.0,0.0,0.0,0.0,0.0,0.0,0.0,0.0,0.002130460137739613,0.0004883836009370445,0.0,0.0
145,0.05984048843383789,0.0013959407806396484,0.0,0.0,1e-06,"(200,)",7,"{'NN__alpha': 1e-06, 'NN__hidden_layer_sizes': (200,), 'rp__n_components': 7}",13,0.0,0.0,0.0,0.0,0.0,0.0,0.0,0.0,0.0,0.0,0.005883827716124288,0.00048803319907548084,0.0,0.0
146,0.05206141471862793,0.0015950679779052734,0.0,0.0,1e-06,"(200,)",8,"{'NN__alpha': 1e-06, 'NN__hidden_layer_sizes': (200,), 'rp__n_components': 8}",13,0.0,0.0,0.0,0.0,0.0,0.0,0.0,0.0,0.0,0.0,0.002777933845119764,0.0004884609482206168,0.0,0.0
147,0.03610358238220215,0.000997447967529297,0.0,0.0,1e-06,"(100,)",2,"{'NN__alpha': 1e-06, 'NN__hidden_layer_sizes': (100,), 'rp__n_components': 2}",13,0.0,0.0,0.0,0.0,0.0,0.0,0.0,0.0,0.0,0.0,0.003534043305848814,7.478898592642843e-07,0.0,0.0
148,0.035505056381225586,0.0011968612670898438,0.0,0.0,1e-06,"(100,)",3,"{'NN__alpha': 1e-06, 'NN__hidden_layer_sizes': (100,), 'rp__n_components': 3}",13,0.0,0.0,0.0,0.0,0.0,0.0,0.0,0.0,0.0,0.0,0.0028625945106220906,0.00039839780237899873,0.0,0.0
149,0.03291263580322266,0.0011970043182373048,0.0,0.0,1e-06,"(100,)",4,"{'NN__alpha': 1e-06, 'NN__hidden_layer_sizes': (100,), 'rp__n_components': 4}",13,0.0,0.0,0.0,0.0,0.0,0.0,0.0,0.0,0.0,0.0,0.0012611253687770775,0.00039880316705158723,0.0,0.0
150,0.037898826599121097,0.0015953540802001952,0.0,0.0,1e-06,"(100,)",5,"{'NN__alpha': 1e-06, 'NN__hidden_layer_sizes': (100,), 'rp__n_components': 5}",13,0.0,0.0,0.0,0.0,0.0,0.0,0.0,0.0,0.0,0.0,0.001669209289351404,0.0004887919670085738,0.0,0.0
151,0.03909626007080078,0.0015956878662109375,0.0,0.0,1e-06,"(100,)",6,"{'NN__alpha': 1e-06, 'NN__hidden_layer_sizes': (100,), 'rp__n_components': 6}",13,0.0,0.0,0.0,0.0,0.0,0.0,0.0,0.0,0.0,0.0,0.002129638276680726,0.0007973674809072036,0.0,0.0
152,0.03949460983276367,0.0015952110290527344,0.0,0.0,1e-06,"(100,)",7,"{'NN__alpha': 1e-06, 'NN__hidden_layer_sizes': (100,), 'rp__n_components': 7}",13,0.0,0.0,0.0,0.0,0.0,0.0,0.0,0.0,0.0,0.0,0.0037104220751943483,0.0004882861254493377,0.0,0.0
153,0.040292215347290036,0.0011968135833740235,0.0,0.0,1e-06,"(100,)",8,"{'NN__alpha': 1e-06, 'NN__hidden_layer_sizes': (100,), 'rp__n_components': 8}",13,0.0,0.0,0.0,0.0,0.0,0.0,0.0,0.0,0.0,0.0,0.004306044788580295,0.00039901736247607795,0.0,0.0
154,0.03929424285888672,0.0011969566345214843,0.533809949359547,0.5333333333333383,1e-06,"(20, 20)",2,"{'NN__alpha': 1e-06, 'NN__hidden_layer_sizes': (20, 20), 'rp__n_components': 2}",9,0.666666666666667,0.6666666666666741,0.6666666666666669,0.6666666666666744,0.6666666666666657,0.6666666666666716,0.6666666666666659,0.6666666666666716,0.0,0.0,0.014813953226828616,0.000398826798658353,0.26630853823673967,0.26666666666666916
155,0.028922510147094727,0.0009972572326660157,0.0,0.0,1e-06,"(20, 20)",3,"{'NN__alpha': 1e-06, 'NN__hidden_layer_sizes': (20, 20), 'rp__n_components': 3}",13,0.0,0.0,0.0,0.0,0.0,0.0,0.0,0.0,0.0,0.0,0.000892123346889263,2.78041453115716e-07,0.0,0.0
156,0.02853221893310547,0.0007977485656738281,0.0,0.0,1e-06,"(20, 20)",4,"{'NN__alpha': 1e-06, 'NN__hidden_layer_sizes': (20, 20), 'rp__n_components': 4}",13,0.0,0.0,0.0,0.0,0.0,0.0,0.0,0.0,0.0,0.0,0.001617146478956268,0.00039887429708787493,0.0,0.0
157,0.05349974632263184,0.0009975910186767578,0.0,0.0,1e-06,"(20, 20)",5,"{'NN__alpha': 1e-06, 'NN__hidden_layer_sizes': (20, 20), 'rp__n_components': 5}",13,0.0,0.0,0.0,0.0,0.0,0.0,0.0,0.0,0.0,0.0,0.004796847115932987,5.917393515582494e-07,0.0,0.0
158,0.029347848892211915,0.0009974956512451172,0.0,0.0,1e-06,"(20, 20)",6,"{'NN__alpha': 1e-06, 'NN__hidden_layer_sizes': (20, 20), 'rp__n_components': 6}",13,0.0,0.0,0.0,0.0,0.0,0.0,0.0,0.0,0.0,0.0,0.001949043325629103,2.3360154559928684e-07,0.0,0.0
159,0.02778172492980957,0.0011928558349609375,0.0,0.0,1e-06,"(20, 20)",7,"{'NN__alpha': 1e-06, 'NN__hidden_layer_sizes': (20, 20), 'rp__n_components': 7}",13,0.0,0.0,0.0,0.0,0.0,0.0,0.0,0.0,0.0,0.0,0.0016101550330359486,0.00040155867873557945,0.0,0.0
160,0.04058070182800293,0.0009974002838134765,0.0,0.006421812088149977,1e-06,"(20, 20)",8,"{'NN__alpha': 1e-06, 'NN__hidden_layer_sizes': (20, 20), 'rp__n_components': 8}",13,0.0,0.0,0.0,0.0,0.0,0.01601390354416234,0.0,0.0,0.0,0.016095156896587543,0.001197764394082352,5.56082906231432e-07,0.0,0.007865123390894246
161,0.02397627830505371,0.0012084007263183593,0.6666666666666663,0.6666666666666726,1e-06,"(20, 5)",2,"{'NN__alpha': 1e-06, 'NN__hidden_layer_sizes': (20, 5), 'rp__n_components': 2}",1,0.666666666666667,0.6666666666666741,0.6666666666666669,0.6666666666666744,0.6666666666666657,0.6666666666666716,0.6666666666666659,0.6666666666666716,0.6666666666666661,0.6666666666666716,0.0006309040062511754,0.0004062643521258486,5.11585709724549e-16,1.2832564590325902e-15
162,0.026093196868896485,0.0013024330139160157,0.0,0.0,1e-06,"(20, 5)",3,"{'NN__alpha': 1e-06, 'NN__hidden_layer_sizes': (20, 5), 'rp__n_components': 3}",13,0.0,0.0,0.0,0.0,0.0,0.0,0.0,0.0,0.0,0.0,0.0011106347168768386,0.0006002709485383028,0.0,0.0
163,0.025396251678466798,0.0009975433349609375,0.0,0.0,1e-06,"(20, 5)",4,"{'NN__alpha': 1e-06, 'NN__hidden_layer_sizes': (20, 5), 'rp__n_components': 4}",13,0.0,0.0,0.0,0.0,0.0,0.0,0.0,0.0,0.0,0.0,0.0008099195371708311,4.76837158203125e-07,0.0,0.0
164,0.025205707550048827,0.00079803466796875,0.0,0.0,1e-06,"(20, 5)",5,"{'NN__alpha': 1e-06, 'NN__hidden_layer_sizes': (20, 5), 'rp__n_components': 5}",13,0.0,0.0,0.0,0.0,0.0,0.0,0.0,0.0,0.0,0.0,0.0012920787115432114,0.00039901741945947783,0.0,0.0
165,0.025304079055786133,0.0008041858673095703,0.0,0.0,1e-06,"(20, 5)",6,"{'NN__alpha': 1e-06, 'NN__hidden_layer_sizes': (20, 5), 'rp__n_components': 6}",13,0.0,0.0,0.0,0.0,0.0,0.0,0.0,0.0,0.0,0.0,0.0008741492790487542,0.00023652180524996407,0.0,0.0
166,0.025565242767333983,0.0009975910186767578,0.0,0.0,1e-06,"(20, 5)",7,"{'NN__alpha': 1e-06, 'NN__hidden_layer_sizes': (20, 5), 'rp__n_components': 7}",13,0.0,0.0,0.0,0.0,0.0,0.0,0.0,0.0,0.0,0.0,0.0008157336147714802,8.17605409597504e-07,0.0,0.0
167,0.024363327026367187,0.000997781753540039,0.0,0.0,1e-06,"(20, 5)",8,"{'NN__alpha': 1e-06, 'NN__hidden_layer_sizes': (20, 5), 'rp__n_components': 8}",13,0.0,0.0,0.0,0.0,0.0,0.0,0.0,0.0,0.0,0.0,0.001212184014797668,7.231593555499601e-07,0.0,0.0
