,mean_fit_time,mean_score_time,mean_test_score,mean_train_score,param_NN__alpha,param_NN__hidden_layer_sizes,param_filter__n,params,rank_test_score,split0_test_score,split0_train_score,split1_test_score,split1_train_score,split2_test_score,split2_train_score,split3_test_score,split3_train_score,split4_test_score,split4_train_score,std_fit_time,std_score_time,std_test_score,std_train_score
0,0.3234092712402344,0.10397439002990723,0.1324605821352544,0.12621034130376382,0.1,"(200,)",2,"{'NN__alpha': 0.1, 'NN__hidden_layer_sizes': (200,), 'filter__n': 2}",49,0.1764705882352942,0.12403100775193791,0.12121212121212133,0.13846153846153836,0.23529411764705874,0.09374999999999983,0.06451612903225805,0.1374045801526715,0.06451612903225805,0.1374045801526715,0.012408877170787718,0.0007618158142541993,0.06604740878627922,0.01708295671655473
1,0.31867008209228515,0.10456709861755371,0.0,0.0,0.1,"(200,)",3,"{'NN__alpha': 0.1, 'NN__hidden_layer_sizes': (200,), 'filter__n': 3}",55,0.0,0.0,0.0,0.0,0.0,0.0,0.0,0.0,0.0,0.0,0.00670241427950206,0.0007387227276773705,0.0,0.0
2,0.3077362060546875,0.10356526374816895,0.0,0.0,0.1,"(200,)",4,"{'NN__alpha': 0.1, 'NN__hidden_layer_sizes': (200,), 'filter__n': 4}",55,0.0,0.0,0.0,0.0,0.0,0.0,0.0,0.0,0.0,0.0,0.016050355947511353,0.0004931510289754966,0.0,0.0
3,0.28850560188293456,0.10402946472167969,0.0,0.0,0.1,"(200,)",5,"{'NN__alpha': 0.1, 'NN__hidden_layer_sizes': (200,), 'filter__n': 5}",55,0.0,0.0,0.0,0.0,0.0,0.0,0.0,0.0,0.0,0.0,0.01277284563875218,0.0004923548451706392,0.0,0.0
4,0.3144070148468018,0.10714488029479981,0.0,0.0,0.1,"(200,)",6,"{'NN__alpha': 0.1, 'NN__hidden_layer_sizes': (200,), 'filter__n': 6}",55,0.0,0.0,0.0,0.0,0.0,0.0,0.0,0.0,0.0,0.0,0.011249580314920397,0.0025241908726895378,0.0,0.0
5,0.28964929580688475,0.1050487995147705,0.0,0.0,0.1,"(200,)",7,"{'NN__alpha': 0.1, 'NN__hidden_layer_sizes': (200,), 'filter__n': 7}",55,0.0,0.0,0.0,0.0,0.0,0.0,0.0,0.0,0.0,0.0,0.011599075947997344,0.0009705961333123261,0.0,0.0
6,0.2984298229217529,0.10466670989990234,0.0,0.0,0.1,"(200,)",8,"{'NN__alpha': 0.1, 'NN__hidden_layer_sizes': (200,), 'filter__n': 8}",55,0.0,0.0,0.0,0.0,0.0,0.0,0.0,0.0,0.0,0.0,0.003673477151633601,0.000638554286539972,0.0,0.0
7,0.29161438941955564,0.10486116409301757,0.847854159113479,0.8594399732754414,0.1,"(200,)",9,"{'NN__alpha': 0.1, 'NN__hidden_layer_sizes': (200,), 'filter__n': 9}",6,0.8082567938642174,0.8690818238600866,0.778547975191536,0.8268235456490224,0.8446389496717723,0.8477086902773863,0.8914549653579675,0.9012020136296701,0.9173488249273832,0.8523837929610425,0.006256878285509635,0.0026607455344119647,0.0512293691219334,0.024852675227283072
8,0.29063868522644043,0.10609235763549804,0.0,0.0,0.1,"(200,)",10,"{'NN__alpha': 0.1, 'NN__hidden_layer_sizes': (200,), 'filter__n': 10}",55,0.0,0.0,0.0,0.0,0.0,0.0,0.0,0.0,0.0,0.0,0.014203808046502014,0.002768036896558812,0.0,0.0
9,0.29261269569396975,0.10405044555664063,0.0,0.0,0.1,"(200,)",11,"{'NN__alpha': 0.1, 'NN__hidden_layer_sizes': (200,), 'filter__n': 11}",55,0.0,0.0,0.0,0.0,0.0,0.0,0.0,0.0,0.0,0.0,0.009177758674692777,0.0003615375874506876,0.0,0.0
10,0.27130422592163084,0.10409812927246094,0.0,0.0,0.1,"(100,)",2,"{'NN__alpha': 0.1, 'NN__hidden_layer_sizes': (100,), 'filter__n': 2}",55,0.0,0.0,0.0,0.0,0.0,0.0,0.0,0.0,0.0,0.0,0.009970638668257282,0.0006749378480608537,0.0,0.0
11,0.2791743755340576,0.10417075157165527,0.0,0.0,0.1,"(100,)",3,"{'NN__alpha': 0.1, 'NN__hidden_layer_sizes': (100,), 'filter__n': 3}",55,0.0,0.0,0.0,0.0,0.0,0.0,0.0,0.0,0.0,0.0,0.009676365254851745,0.0010025559412711554,0.0,0.0
12,0.28895745277404783,0.10488638877868653,0.0,0.0,0.1,"(100,)",4,"{'NN__alpha': 0.1, 'NN__hidden_layer_sizes': (100,), 'filter__n': 4}",55,0.0,0.0,0.0,0.0,0.0,0.0,0.0,0.0,0.0,0.0,0.019705324701771134,0.0008078505080397478,0.0,0.0
13,0.2902782917022705,0.10508599281311035,0.568012129978097,0.600228514710083,0.1,"(100,)",5,"{'NN__alpha': 0.1, 'NN__hidden_layer_sizes': (100,), 'filter__n': 5}",25,0.6922027495015217,0.737082184367187,0.6563061634422244,0.750325173263962,0.7493613977725554,0.749528384938501,0.0,0.0,0.7402846472191379,0.7642068309807647,0.009467885942788782,0.001787167206040874,0.2853663777360329,0.30023708736127785
14,0.282211446762085,0.10404772758483886,0.0,0.013008130081300806,0.1,"(100,)",6,"{'NN__alpha': 0.1, 'NN__hidden_layer_sizes': (100,), 'filter__n': 6}",55,0.0,0.032520325203252015,0.0,0.032520325203252015,0.0,0.0,0.0,0.0,0.0,0.0,0.01578261574330692,0.0007103328312756571,0.0,0.015931640603467818
15,0.28243241310119627,0.10423803329467773,0.0,0.0,0.1,"(100,)",7,"{'NN__alpha': 0.1, 'NN__hidden_layer_sizes': (100,), 'filter__n': 7}",55,0.0,0.0,0.0,0.0,0.0,0.0,0.0,0.0,0.0,0.0,0.011535875583266712,0.0007597081929161094,0.0,0.0
16,0.3126368999481201,0.10425710678100586,0.15521123821202826,0.16429743948427183,0.1,"(100,)",8,"{'NN__alpha': 0.1, 'NN__hidden_layer_sizes': (100,), 'filter__n': 8}",43,0.0,0.0,0.0,0.0,0.778840249144662,0.7893109346901183,0.0,0.0,0.0,0.03217626273124084,0.03403092064306611,0.0010179692714164272,0.3111177124044797,0.3127551183911458
17,0.28009796142578125,0.10398898124694825,0.45093956875461894,0.46373279715754423,0.1,"(100,)",9,"{'NN__alpha': 0.1, 'NN__hidden_layer_sizes': (100,), 'filter__n': 9}",26,0.7026156941649901,0.745074603847784,0.0,0.01639344262295081,0.7895128300483452,0.7440587011280254,0.0,0.03225806451612896,0.7643564356435644,0.7808791736728318,0.008090561135912201,0.0007480072110014806,0.3695505429527915,0.35905447825887915
18,0.26908197402954104,0.10359854698181152,0.28880081255292284,0.29672034355238947,0.1,"(100,)",10,"{'NN__alpha': 0.1, 'NN__hidden_layer_sizes': (100,), 'filter__n': 10}",32,0.0,0.0,0.0,0.06399999999999997,0.0,0.0,0.8111678174722304,0.6967157777689524,0.6380165289256199,0.7228859399929949,0.0033619878681163213,0.00035236321809895417,0.3589489082446522,0.33818874784431013
19,0.27610340118408205,0.11981987953186035,0.0,0.0,0.1,"(100,)",11,"{'NN__alpha': 0.1, 'NN__hidden_layer_sizes': (100,), 'filter__n': 11}",55,0.0,0.0,0.0,0.0,0.0,0.0,0.0,0.0,0.0,0.0,0.011968870828511615,0.01950332505041136,0.0,0.0
20,0.27398242950439455,0.11022319793701171,0.0,0.0,0.1,"(20, 20)",2,"{'NN__alpha': 0.1, 'NN__hidden_layer_sizes': (20, 20), 'filter__n': 2}",55,0.0,0.0,0.0,0.0,0.0,0.0,0.0,0.0,0.0,0.0,0.005729307013319379,0.008268513787452057,0.0,0.0
21,0.2750513553619385,0.10421700477600097,0.0,0.0,0.1,"(20, 20)",3,"{'NN__alpha': 0.1, 'NN__hidden_layer_sizes': (20, 20), 'filter__n': 3}",55,0.0,0.0,0.0,0.0,0.0,0.0,0.0,0.0,0.0,0.0,0.008716698715949808,0.00047210978320346125,0.0,0.0
22,0.2653522968292236,0.10617446899414062,0.0,0.0,0.1,"(20, 20)",4,"{'NN__alpha': 0.1, 'NN__hidden_layer_sizes': (20, 20), 'filter__n': 4}",55,0.0,0.0,0.0,0.0,0.0,0.0,0.0,0.0,0.0,0.0,0.004599616885724853,0.004759571445099802,0.0,0.0
23,0.2725546360015869,0.1035731315612793,0.0,0.0,0.1,"(20, 20)",5,"{'NN__alpha': 0.1, 'NN__hidden_layer_sizes': (20, 20), 'filter__n': 5}",55,0.0,0.0,0.0,0.0,0.0,0.0,0.0,0.0,0.0,0.0,0.004539182929581551,0.00040467333749189227,0.0,0.0
24,0.2646129608154297,0.10473513603210449,0.0,0.0,0.1,"(20, 20)",6,"{'NN__alpha': 0.1, 'NN__hidden_layer_sizes': (20, 20), 'filter__n': 6}",55,0.0,0.0,0.0,0.0,0.0,0.0,0.0,0.0,0.0,0.0,0.0016154364758486236,0.0010978840844584547,0.0,0.0
25,0.264017391204834,0.10358357429504395,0.0,0.0,0.1,"(20, 20)",7,"{'NN__alpha': 0.1, 'NN__hidden_layer_sizes': (20, 20), 'filter__n': 7}",55,0.0,0.0,0.0,0.0,0.0,0.0,0.0,0.0,0.0,0.0,0.0027679611797842806,0.0004411284954783113,0.0,0.0
26,0.2740665912628174,0.10332388877868652,0.0,0.0,0.1,"(20, 20)",8,"{'NN__alpha': 0.1, 'NN__hidden_layer_sizes': (20, 20), 'filter__n': 8}",55,0.0,0.0,0.0,0.0,0.0,0.0,0.0,0.0,0.0,0.0,0.007631809149946309,0.0004890644555423029,0.0,0.0
27,0.27976112365722655,0.10315618515014649,0.0,0.0,0.1,"(20, 20)",9,"{'NN__alpha': 0.1, 'NN__hidden_layer_sizes': (20, 20), 'filter__n': 9}",55,0.0,0.0,0.0,0.0,0.0,0.0,0.0,0.0,0.0,0.0,0.003028566611209976,0.00038414389159434787,0.0,0.0
28,0.28321256637573244,0.10389652252197265,0.0,0.0,0.1,"(20, 20)",10,"{'NN__alpha': 0.1, 'NN__hidden_layer_sizes': (20, 20), 'filter__n': 10}",55,0.0,0.0,0.0,0.0,0.0,0.0,0.0,0.0,0.0,0.0,0.0026778750292287866,0.0008812640702904728,0.0,0.0
29,0.2649167537689209,0.10360617637634277,0.6666666666666665,0.6666666666666721,0.1,"(20, 20)",11,"{'NN__alpha': 0.1, 'NN__hidden_layer_sizes': (20, 20), 'filter__n': 11}",7,0.6666666666666669,0.6666666666666732,0.666666666666667,0.6666666666666732,0.6666666666666659,0.6666666666666716,0.6666666666666662,0.6666666666666716,0.6666666666666657,0.6666666666666716,0.0018564088792599727,0.00044339080518587527,5.411651914136522e-16,7.818997388068909e-16
30,0.2838444709777832,0.10331935882568359,0.0,0.0,0.1,"(20, 5)",2,"{'NN__alpha': 0.1, 'NN__hidden_layer_sizes': (20, 5), 'filter__n': 2}",55,0.0,0.0,0.0,0.0,0.0,0.0,0.0,0.0,0.0,0.0,0.00919564049920265,0.0004851347996575993,0.0,0.0
31,0.26549444198608396,0.10441837310791016,0.6666666666666665,0.6666666666666721,0.1,"(20, 5)",3,"{'NN__alpha': 0.1, 'NN__hidden_layer_sizes': (20, 5), 'filter__n': 3}",7,0.6666666666666669,0.6666666666666732,0.666666666666667,0.6666666666666732,0.6666666666666659,0.6666666666666716,0.6666666666666662,0.6666666666666716,0.6666666666666657,0.6666666666666716,0.008590942147442455,0.0005768965560198116,5.411651914136522e-16,7.818997388068909e-16
32,0.2716518402099609,0.10364112854003907,0.0,0.0,0.1,"(20, 5)",4,"{'NN__alpha': 0.1, 'NN__hidden_layer_sizes': (20, 5), 'filter__n': 4}",55,0.0,0.0,0.0,0.0,0.0,0.0,0.0,0.0,0.0,0.0,0.0021863754720622894,0.00025428651332425983,0.0,0.0
33,0.2591458797454834,0.10394678115844727,0.6666666666666665,0.6666666666666721,0.1,"(20, 5)",5,"{'NN__alpha': 0.1, 'NN__hidden_layer_sizes': (20, 5), 'filter__n': 5}",7,0.6666666666666669,0.6666666666666732,0.666666666666667,0.6666666666666732,0.6666666666666659,0.6666666666666716,0.6666666666666662,0.6666666666666716,0.6666666666666657,0.6666666666666716,0.002916010915845004,0.0003874669307014773,5.411651914136522e-16,7.818997388068909e-16
34,0.26070404052734375,0.1049354076385498,0.0,0.0,0.1,"(20, 5)",6,"{'NN__alpha': 0.1, 'NN__hidden_layer_sizes': (20, 5), 'filter__n': 6}",55,0.0,0.0,0.0,0.0,0.0,0.0,0.0,0.0,0.0,0.0,0.0031250526753063895,0.001993678859690021,0.0,0.0
35,0.26260972023010254,0.10339746475219727,0.0,0.0,0.1,"(20, 5)",7,"{'NN__alpha': 0.1, 'NN__hidden_layer_sizes': (20, 5), 'filter__n': 7}",55,0.0,0.0,0.0,0.0,0.0,0.0,0.0,0.0,0.0,0.0,0.0024858959256278683,0.0007526160400533864,0.0,0.0
36,0.25974187850952146,0.10328536033630371,0.0,0.0,0.1,"(20, 5)",8,"{'NN__alpha': 0.1, 'NN__hidden_layer_sizes': (20, 5), 'filter__n': 8}",55,0.0,0.0,0.0,0.0,0.0,0.0,0.0,0.0,0.0,0.0,0.0014018490239881595,0.00048663388110572017,0.0,0.0
37,0.26169190406799314,0.10379500389099121,0.0,0.009575850052580553,0.1,"(20, 5)",9,"{'NN__alpha': 0.1, 'NN__hidden_layer_sizes': (20, 5), 'filter__n': 9}",55,0.0,0.0,0.0,0.0,0.0,0.04787925026290277,0.0,0.0,0.0,0.0,0.0007924556803908458,8.880820366204275e-05,0.0,0.019151700105161106
38,0.25875029563903806,0.10359396934509277,0.0,0.0,0.1,"(20, 5)",10,"{'NN__alpha': 0.1, 'NN__hidden_layer_sizes': (20, 5), 'filter__n': 10}",55,0.0,0.0,0.0,0.0,0.0,0.0,0.0,0.0,0.0,0.0,0.0011486607750884883,0.00034509857185386917,0.0,0.0
39,0.26261301040649415,0.10379128456115723,0.0,0.0,0.1,"(20, 5)",11,"{'NN__alpha': 0.1, 'NN__hidden_layer_sizes': (20, 5), 'filter__n': 11}",55,0.0,0.0,0.0,0.0,0.0,0.0,0.0,0.0,0.0,0.0,0.0051448316035798735,0.000616733268721259,0.0,0.0
40,0.28270845413208007,0.10371651649475097,0.1324605821352544,0.12621034130376382,0.01,"(200,)",2,"{'NN__alpha': 0.01, 'NN__hidden_layer_sizes': (200,), 'filter__n': 2}",49,0.1764705882352942,0.12403100775193791,0.12121212121212133,0.13846153846153836,0.23529411764705874,0.09374999999999983,0.06451612903225805,0.1374045801526715,0.06451612903225805,0.1374045801526715,0.0021026897876151055,1.2235868188745355e-05,0.06604740878627922,0.01708295671655473
41,0.28170223236083985,0.1035604476928711,0.0,0.0,0.01,"(200,)",3,"{'NN__alpha': 0.01, 'NN__hidden_layer_sizes': (200,), 'filter__n': 3}",55,0.0,0.0,0.0,0.0,0.0,0.0,0.0,0.0,0.0,0.0,0.002467877414525848,0.0007324601824001185,0.0,0.0
42,0.28818202018737793,0.10345354080200195,0.0,0.0,0.01,"(200,)",4,"{'NN__alpha': 0.01, 'NN__hidden_layer_sizes': (200,), 'filter__n': 4}",55,0.0,0.0,0.0,0.0,0.0,0.0,0.0,0.0,0.0,0.0,0.0056543771924283046,0.00047849967574007686,0.0,0.0
43,0.2783310890197754,0.10387277603149414,0.0,0.0,0.01,"(200,)",5,"{'NN__alpha': 0.01, 'NN__hidden_layer_sizes': (200,), 'filter__n': 5}",55,0.0,0.0,0.0,0.0,0.0,0.0,0.0,0.0,0.0,0.0,0.0017432128634850272,0.0005639880258679574,0.0,0.0
44,0.2820024013519287,0.10343017578125,0.0,0.0,0.01,"(200,)",6,"{'NN__alpha': 0.01, 'NN__hidden_layer_sizes': (200,), 'filter__n': 6}",55,0.0,0.0,0.0,0.0,0.0,0.0,0.0,0.0,0.0,0.0,0.004751259352375516,0.0003643791197823917,0.0,0.0
45,0.28130192756652833,0.10347352027893067,0.0,0.0,0.01,"(200,)",7,"{'NN__alpha': 0.01, 'NN__hidden_layer_sizes': (200,), 'filter__n': 7}",55,0.0,0.0,0.0,0.0,0.0,0.0,0.0,0.0,0.0,0.0,0.0034819713487194005,0.0003859034194992528,0.0,0.0
46,0.2815798282623291,0.10357060432434081,0.0,0.0,0.01,"(200,)",8,"{'NN__alpha': 0.01, 'NN__hidden_layer_sizes': (200,), 'filter__n': 8}",55,0.0,0.0,0.0,0.0,0.0,0.0,0.0,0.0,0.0,0.0,0.0018716765861625077,0.0004167155087141611,0.0,0.0
47,0.2796072483062744,0.10369281768798828,0.8559672187762158,0.8605449508920545,0.01,"(200,)",9,"{'NN__alpha': 0.01, 'NN__hidden_layer_sizes': (200,), 'filter__n': 9}",1,0.8273688114222142,0.8684851132888076,0.7997849076895501,0.8360086520947166,0.8446389496717723,0.8471483219367355,0.8914549653579675,0.8986988741789702,0.9173488249273832,0.8523837929610425,0.0019383808216763994,0.0003897460941857217,0.042737837541447034,0.021757169695915485
48,0.28098506927490235,0.10342307090759277,0.0,0.0,0.01,"(200,)",10,"{'NN__alpha': 0.01, 'NN__hidden_layer_sizes': (200,), 'filter__n': 10}",55,0.0,0.0,0.0,0.0,0.0,0.0,0.0,0.0,0.0,0.0,0.0044112441820306075,0.0006507722076104742,0.0,0.0
49,0.2869772434234619,0.10370316505432128,0.0,0.0,0.01,"(200,)",11,"{'NN__alpha': 0.01, 'NN__hidden_layer_sizes': (200,), 'filter__n': 11}",55,0.0,0.0,0.0,0.0,0.0,0.0,0.0,0.0,0.0,0.0,0.005742212296061557,0.0004954763858625036,0.0,0.0
50,0.2659475326538086,0.1036801815032959,0.0,0.0,0.01,"(100,)",2,"{'NN__alpha': 0.01, 'NN__hidden_layer_sizes': (100,), 'filter__n': 2}",55,0.0,0.0,0.0,0.0,0.0,0.0,0.0,0.0,0.0,0.0,0.001115596657127499,0.0004750694745540503,0.0,0.0
51,0.2618440628051758,0.10372786521911621,0.0,0.0,0.01,"(100,)",3,"{'NN__alpha': 0.01, 'NN__hidden_layer_sizes': (100,), 'filter__n': 3}",55,0.0,0.0,0.0,0.0,0.0,0.0,0.0,0.0,0.0,0.0,0.0014011355388244304,0.00033226564060072355,0.0,0.0
52,0.266835355758667,0.10401735305786133,0.0,0.0,0.01,"(100,)",4,"{'NN__alpha': 0.01, 'NN__hidden_layer_sizes': (100,), 'filter__n': 4}",55,0.0,0.0,0.0,0.0,0.0,0.0,0.0,0.0,0.0,0.0,0.004238575723260031,0.0008042553485154221,0.0,0.0
53,0.2774174213409424,0.10416932106018066,0.4244449502136295,0.45541969140302807,0.01,"(100,)",5,"{'NN__alpha': 0.01, 'NN__hidden_layer_sizes': (100,), 'filter__n': 5}",27,0.6922027495015217,0.7611677449897417,0.6520323495431153,0.7603456755427518,0.7735470941883766,0.7555850364826471,0.0,0.0,0.0,0.0,0.005442156142405931,0.0004944313295609042,0.34773787255558647,0.37185350693456376
54,0.2669986248016357,0.1033973217010498,0.0,0.013008130081300806,0.01,"(100,)",6,"{'NN__alpha': 0.01, 'NN__hidden_layer_sizes': (100,), 'filter__n': 6}",55,0.0,0.032520325203252015,0.0,0.032520325203252015,0.0,0.0,0.0,0.0,0.0,0.0,0.0025457809671085704,0.00047545108568337077,0.0,0.015931640603467818
55,0.2656830310821533,0.1043154239654541,0.0,0.0,0.01,"(100,)",7,"{'NN__alpha': 0.01, 'NN__hidden_layer_sizes': (100,), 'filter__n': 7}",55,0.0,0.0,0.0,0.0,0.0,0.0,0.0,0.0,0.0,0.0,0.0014694337501431599,0.0013809610345697628,0.0,0.0
56,0.2770659923553467,0.10334134101867676,0.15521123821202826,0.16489844964514072,0.01,"(100,)",8,"{'NN__alpha': 0.01, 'NN__hidden_layer_sizes': (100,), 'filter__n': 8}",43,0.0,0.0,0.0,0.0,0.778840249144662,0.7923159854944628,0.0,0.0,0.0,0.03217626273124084,0.0054209130228730544,0.0005813244592344205,0.3111177124044797,0.3139561877958632
57,0.28556170463562014,0.10589847564697266,0.201125504641617,0.20612008800784004,0.01,"(100,)",9,"{'NN__alpha': 0.01, 'NN__hidden_layer_sizes': (100,), 'filter__n': 9}",42,0.0,0.0,0.06250000000000006,0.0793650793650793,0.18181818181818177,0.12292787516626606,0.0,0.04799999999999991,0.7643564356435644,0.7803074855078549,0.006799310932345023,0.0036671329156517723,0.2887081072007791,0.2898849416072905
58,0.28377442359924315,0.10406036376953125,0.2878360041964811,0.28384629512819115,0.01,"(100,)",10,"{'NN__alpha': 0.01, 'NN__hidden_layer_sizes': (100,), 'filter__n': 10}",33,0.0,0.0,0.0,0.0,0.0,0.0,0.8063264697105341,0.7033583563808767,0.6380165289256199,0.715873119260079,0.010340037030369007,0.0012574716845797944,0.35754732658025684,0.3476618196120945
59,0.26857562065124513,0.103737211227417,0.0,0.0,0.01,"(100,)",11,"{'NN__alpha': 0.01, 'NN__hidden_layer_sizes': (100,), 'filter__n': 11}",55,0.0,0.0,0.0,0.0,0.0,0.0,0.0,0.0,0.0,0.0,0.001973976752995239,0.0003833767371389692,0.0,0.0
60,0.2667348861694336,0.10501246452331543,0.0,0.0,0.01,"(20, 20)",2,"{'NN__alpha': 0.01, 'NN__hidden_layer_sizes': (20, 20), 'filter__n': 2}",55,0.0,0.0,0.0,0.0,0.0,0.0,0.0,0.0,0.0,0.0,0.005324326806228366,0.0011569391337830687,0.0,0.0
61,0.2686265468597412,0.10364670753479004,0.0,0.0,0.01,"(20, 20)",3,"{'NN__alpha': 0.01, 'NN__hidden_layer_sizes': (20, 20), 'filter__n': 3}",55,0.0,0.0,0.0,0.0,0.0,0.0,0.0,0.0,0.0,0.0,0.005040268232975435,0.0006486302901107935,0.0,0.0
62,0.2605759143829346,0.10407958030700684,0.0,0.0,0.01,"(20, 20)",4,"{'NN__alpha': 0.01, 'NN__hidden_layer_sizes': (20, 20), 'filter__n': 4}",55,0.0,0.0,0.0,0.0,0.0,0.0,0.0,0.0,0.0,0.0,0.0021074315597261074,0.0004206728269818653,0.0,0.0
63,0.270291805267334,0.10388274192810058,0.0,0.0,0.01,"(20, 20)",5,"{'NN__alpha': 0.01, 'NN__hidden_layer_sizes': (20, 20), 'filter__n': 5}",55,0.0,0.0,0.0,0.0,0.0,0.0,0.0,0.0,0.0,0.0,0.0017755006197474157,0.000728996710106395,0.0,0.0
64,0.26660861968994143,0.10402927398681641,0.0,0.0,0.01,"(20, 20)",6,"{'NN__alpha': 0.01, 'NN__hidden_layer_sizes': (20, 20), 'filter__n': 6}",55,0.0,0.0,0.0,0.0,0.0,0.0,0.0,0.0,0.0,0.0,0.0040001655070565825,0.0007487972744316006,0.0,0.0
65,0.2664703369140625,0.1041961669921875,0.0,0.0,0.01,"(20, 20)",7,"{'NN__alpha': 0.01, 'NN__hidden_layer_sizes': (20, 20), 'filter__n': 7}",55,0.0,0.0,0.0,0.0,0.0,0.0,0.0,0.0,0.0,0.0,0.003396281074990169,0.0009731421489416954,0.0,0.0
66,0.2738979339599609,0.10326938629150391,0.0,0.0,0.01,"(20, 20)",8,"{'NN__alpha': 0.01, 'NN__hidden_layer_sizes': (20, 20), 'filter__n': 8}",55,0.0,0.0,0.0,0.0,0.0,0.0,0.0,0.0,0.0,0.0,0.0036644551511549705,0.0004794924571699712,0.0,0.0
67,0.28148956298828126,0.10358715057373047,0.0,0.0,0.01,"(20, 20)",9,"{'NN__alpha': 0.01, 'NN__hidden_layer_sizes': (20, 20), 'filter__n': 9}",55,0.0,0.0,0.0,0.0,0.0,0.0,0.0,0.0,0.0,0.0,0.004189261773286485,0.0006470536867829037,0.0,0.0
68,0.2874762058258057,0.1037337303161621,0.0,0.0,0.01,"(20, 20)",10,"{'NN__alpha': 0.01, 'NN__hidden_layer_sizes': (20, 20), 'filter__n': 10}",55,0.0,0.0,0.0,0.0,0.0,0.0,0.0,0.0,0.0,0.0,0.002523989703729522,0.0007058764842578929,0.0,0.0
69,0.2648176670074463,0.1042677879333496,0.6666666666666665,0.6666666666666721,0.01,"(20, 20)",11,"{'NN__alpha': 0.01, 'NN__hidden_layer_sizes': (20, 20), 'filter__n': 11}",7,0.6666666666666669,0.6666666666666732,0.666666666666667,0.6666666666666732,0.6666666666666659,0.6666666666666716,0.6666666666666662,0.6666666666666716,0.6666666666666657,0.6666666666666716,0.0016954071553810185,0.0009354309900704186,5.411651914136522e-16,7.818997388068909e-16
70,0.2765944957733154,0.103643798828125,0.0,0.0,0.01,"(20, 5)",2,"{'NN__alpha': 0.01, 'NN__hidden_layer_sizes': (20, 5), 'filter__n': 2}",55,0.0,0.0,0.0,0.0,0.0,0.0,0.0,0.0,0.0,0.0,0.0013331870876819448,0.000385119195011246,0.0,0.0
71,0.26146974563598635,0.10410690307617188,0.6666666666666665,0.6666666666666721,0.01,"(20, 5)",3,"{'NN__alpha': 0.01, 'NN__hidden_layer_sizes': (20, 5), 'filter__n': 3}",7,0.6666666666666669,0.6666666666666732,0.666666666666667,0.6666666666666732,0.6666666666666659,0.6666666666666716,0.6666666666666662,0.6666666666666716,0.6666666666666657,0.6666666666666716,0.0036281298109678973,0.0002992315211980546,5.411651914136522e-16,7.818997388068909e-16
72,0.2763774871826172,0.1044848918914795,0.0,0.0,0.01,"(20, 5)",4,"{'NN__alpha': 0.01, 'NN__hidden_layer_sizes': (20, 5), 'filter__n': 4}",55,0.0,0.0,0.0,0.0,0.0,0.0,0.0,0.0,0.0,0.0,0.003179166230160023,0.0009301059711878962,0.0,0.0
73,0.2592761516571045,0.10362324714660645,0.6666666666666665,0.6666666666666721,0.01,"(20, 5)",5,"{'NN__alpha': 0.01, 'NN__hidden_layer_sizes': (20, 5), 'filter__n': 5}",7,0.6666666666666669,0.6666666666666732,0.666666666666667,0.6666666666666732,0.6666666666666659,0.6666666666666716,0.6666666666666662,0.6666666666666716,0.6666666666666657,0.6666666666666716,0.001919652480079824,0.000687729731188707,5.411651914136522e-16,7.818997388068909e-16
74,0.26276311874389646,0.10444140434265137,0.0,0.0,0.01,"(20, 5)",6,"{'NN__alpha': 0.01, 'NN__hidden_layer_sizes': (20, 5), 'filter__n': 6}",55,0.0,0.0,0.0,0.0,0.0,0.0,0.0,0.0,0.0,0.0,0.0035510640231223366,0.001807930515729862,0.0,0.0
75,0.27384095191955565,0.10371136665344238,0.0,0.0,0.01,"(20, 5)",7,"{'NN__alpha': 0.01, 'NN__hidden_layer_sizes': (20, 5), 'filter__n': 7}",55,0.0,0.0,0.0,0.0,0.0,0.0,0.0,0.0,0.0,0.0,0.006876148761421156,1.894790314322045e-05,0.0,0.0
76,0.26503562927246094,0.1039212703704834,0.0,0.0,0.01,"(20, 5)",8,"{'NN__alpha': 0.01, 'NN__hidden_layer_sizes': (20, 5), 'filter__n': 8}",55,0.0,0.0,0.0,0.0,0.0,0.0,0.0,0.0,0.0,0.0,0.0018800248120583848,0.0006730805138059979,0.0,0.0
77,0.26400198936462405,0.10415606498718262,0.0,0.015689613232790042,0.01,"(20, 5)",9,"{'NN__alpha': 0.01, 'NN__hidden_layer_sizes': (20, 5), 'filter__n': 9}",55,0.0,0.0,0.0,0.0,0.0,0.07844806616395021,0.0,0.0,0.0,0.0,0.0028363235628253904,0.00047103565044005096,0.0,0.031379226465580085
78,0.2610865592956543,0.1052884578704834,0.0,0.0,0.01,"(20, 5)",10,"{'NN__alpha': 0.01, 'NN__hidden_layer_sizes': (20, 5), 'filter__n': 10}",55,0.0,0.0,0.0,0.0,0.0,0.0,0.0,0.0,0.0,0.0,0.0018572684068479026,0.002351837326154181,0.0,0.0
79,0.2622389793395996,0.10372953414916992,0.0,0.0,0.01,"(20, 5)",11,"{'NN__alpha': 0.01, 'NN__hidden_layer_sizes': (20, 5), 'filter__n': 11}",55,0.0,0.0,0.0,0.0,0.0,0.0,0.0,0.0,0.0,0.0,0.0023633691156882135,0.0006758114885976461,0.0,0.0
80,0.28227758407592773,0.10366601943969726,0.1324605821352544,0.12621034130376382,0.001,"(200,)",2,"{'NN__alpha': 0.001, 'NN__hidden_layer_sizes': (200,), 'filter__n': 2}",49,0.1764705882352942,0.12403100775193791,0.12121212121212133,0.13846153846153836,0.23529411764705874,0.09374999999999983,0.06451612903225805,0.1374045801526715,0.06451612903225805,0.1374045801526715,0.003882881767344701,0.0008613354497765556,0.06604740878627922,0.01708295671655473
81,0.28633842468261717,0.10410094261169434,0.0,0.0,0.001,"(200,)",3,"{'NN__alpha': 0.001, 'NN__hidden_layer_sizes': (200,), 'filter__n': 3}",55,0.0,0.0,0.0,0.0,0.0,0.0,0.0,0.0,0.0,0.0,0.0017575182227064065,0.000721960133319405,0.0,0.0
82,0.28951249122619627,0.10402679443359375,0.0,0.0,0.001,"(200,)",4,"{'NN__alpha': 0.001, 'NN__hidden_layer_sizes': (200,), 'filter__n': 4}",55,0.0,0.0,0.0,0.0,0.0,0.0,0.0,0.0,0.0,0.0,0.0019119406235887488,0.00045904875717349116,0.0,0.0
83,0.28550243377685547,0.10474486351013183,0.0,0.0,0.001,"(200,)",5,"{'NN__alpha': 0.001, 'NN__hidden_layer_sizes': (200,), 'filter__n': 5}",55,0.0,0.0,0.0,0.0,0.0,0.0,0.0,0.0,0.0,0.0,0.0035071746511693967,0.000603938260375268,0.0,0.0
84,0.286117696762085,0.10387039184570312,0.0,0.0,0.001,"(200,)",6,"{'NN__alpha': 0.001, 'NN__hidden_layer_sizes': (200,), 'filter__n': 6}",55,0.0,0.0,0.0,0.0,0.0,0.0,0.0,0.0,0.0,0.0,0.006438114317351871,0.0005429768610421249,0.0,0.0
85,0.2808991432189941,0.1038238525390625,0.0,0.0,0.001,"(200,)",7,"{'NN__alpha': 0.001, 'NN__hidden_layer_sizes': (200,), 'filter__n': 7}",55,0.0,0.0,0.0,0.0,0.0,0.0,0.0,0.0,0.0,0.0,0.004462046940487329,0.00021126487563135,0.0,0.0
86,0.27947678565979006,0.10383486747741699,0.0,0.0,0.001,"(200,)",8,"{'NN__alpha': 0.001, 'NN__hidden_layer_sizes': (200,), 'filter__n': 8}",55,0.0,0.0,0.0,0.0,0.0,0.0,0.0,0.0,0.0,0.0,0.0011590323247210206,0.0007956630617089417,0.0,0.0
87,0.2799820899963379,0.10391511917114257,0.8559672187762158,0.8603138148794975,0.001,"(200,)",9,"{'NN__alpha': 0.001, 'NN__hidden_layer_sizes': (200,), 'filter__n': 9}",1,0.8273688114222142,0.8684851132888076,0.7997849076895501,0.8360086520947166,0.8446389496717723,0.8465886939571151,0.8914549653579675,0.8986988741789702,0.9173488249273832,0.8517877408778789,0.002045689834302791,0.000662505895985228,0.042737837541447034,0.021872341965723845
88,0.2832766056060791,0.10404853820800782,0.0,0.0,0.001,"(200,)",10,"{'NN__alpha': 0.001, 'NN__hidden_layer_sizes': (200,), 'filter__n': 10}",55,0.0,0.0,0.0,0.0,0.0,0.0,0.0,0.0,0.0,0.0,0.0031882851322265373,0.00045247013368579584,0.0,0.0
89,0.2836442470550537,0.10372328758239746,0.0,0.0,0.001,"(200,)",11,"{'NN__alpha': 0.001, 'NN__hidden_layer_sizes': (200,), 'filter__n': 11}",55,0.0,0.0,0.0,0.0,0.0,0.0,0.0,0.0,0.0,0.0,0.003372077896124162,2.2161388470882895e-06,0.0,0.0
90,0.2642188549041748,0.10378203392028809,0.0,0.0,0.001,"(100,)",2,"{'NN__alpha': 0.001, 'NN__hidden_layer_sizes': (100,), 'filter__n': 2}",55,0.0,0.0,0.0,0.0,0.0,0.0,0.0,0.0,0.0,0.0,0.0012428871472974173,0.0003731784264446022,0.0,0.0
91,0.26565937995910643,0.10388531684875488,0.0,0.0,0.001,"(100,)",3,"{'NN__alpha': 0.001, 'NN__hidden_layer_sizes': (100,), 'filter__n': 3}",55,0.0,0.0,0.0,0.0,0.0,0.0,0.0,0.0,0.0,0.0,0.0017886762664859994,0.0006547856011011813,0.0,0.0
92,0.2678061962127686,0.10380468368530274,0.0,0.0,0.001,"(100,)",4,"{'NN__alpha': 0.001, 'NN__hidden_layer_sizes': (100,), 'filter__n': 4}",55,0.0,0.0,0.0,0.0,0.0,0.0,0.0,0.0,0.0,0.0,0.0052493931348520486,0.00010154500030234653,0.0,0.0
93,0.2755936622619629,0.10322151184082032,0.4244449502136295,0.45541969140302807,0.001,"(100,)",5,"{'NN__alpha': 0.001, 'NN__hidden_layer_sizes': (100,), 'filter__n': 5}",27,0.6922027495015217,0.7611677449897417,0.6520323495431153,0.7603456755427518,0.7735470941883766,0.7555850364826471,0.0,0.0,0.0,0.0,0.002986712846741202,0.00041983906316091023,0.34773787255558647,0.37185350693456376
94,0.2677163600921631,0.10377826690673828,0.0,0.013008130081300806,0.001,"(100,)",6,"{'NN__alpha': 0.001, 'NN__hidden_layer_sizes': (100,), 'filter__n': 6}",55,0.0,0.032520325203252015,0.0,0.032520325203252015,0.0,0.0,0.0,0.0,0.0,0.0,0.0027030017638973287,0.00045707349106483664,0.0,0.015931640603467818
95,0.26690011024475097,0.10387506484985351,0.0,0.0,0.001,"(100,)",7,"{'NN__alpha': 0.001, 'NN__hidden_layer_sizes': (100,), 'filter__n': 7}",55,0.0,0.0,0.0,0.0,0.0,0.0,0.0,0.0,0.0,0.0,0.002129045228824756,0.0004377854024888921,0.0,0.0
96,0.27553954124450686,0.10410175323486329,0.154803823989755,0.16489844964514072,0.001,"(100,)",8,"{'NN__alpha': 0.001, 'NN__hidden_layer_sizes': (100,), 'filter__n': 8}",45,0.0,0.0,0.0,0.0,0.7767958701548693,0.7923159854944628,0.0,0.0,0.0,0.03217626273124084,0.0023449361233331086,0.0009762205120202908,0.3103010590339194,0.3139561877958632
97,0.27863407135009766,0.10400762557983398,0.21247978088409056,0.21212207213482417,0.001,"(100,)",9,"{'NN__alpha': 0.001, 'NN__hidden_layer_sizes': (100,), 'filter__n': 9}",38,0.0,0.0,0.12121212121212133,0.10937499999999992,0.18181818181818177,0.12292787516626606,0.0,0.04799999999999991,0.7620927936821322,0.7803074855078549,0.005192598460023594,0.0004724760321869032,0.28308369513602716,0.2874992374332936
98,0.2731516361236572,0.10352935791015624,0.2873579059169055,0.28384629512819115,0.001,"(100,)",10,"{'NN__alpha': 0.001, 'NN__hidden_layer_sizes': (100,), 'filter__n': 10}",34,0.0,0.0,0.0,0.0,0.0,0.0,0.8039274025587624,0.7033583563808767,0.6380165289256199,0.715873119260079,0.0022172823054568457,0.0005588034820944602,0.35685463477097296,0.3476618196120945
99,0.2676751136779785,0.10354118347167969,0.0,0.0,0.001,"(100,)",11,"{'NN__alpha': 0.001, 'NN__hidden_layer_sizes': (100,), 'filter__n': 11}",55,0.0,0.0,0.0,0.0,0.0,0.0,0.0,0.0,0.0,0.0,0.003296376631433116,0.0005703140937267185,0.0,0.0
100,0.2651618003845215,0.10482673645019532,0.0,0.0,0.001,"(20, 20)",2,"{'NN__alpha': 0.001, 'NN__hidden_layer_sizes': (20, 20), 'filter__n': 2}",55,0.0,0.0,0.0,0.0,0.0,0.0,0.0,0.0,0.0,0.0,0.0075229069052343885,0.0025501446190005273,0.0,0.0
101,0.26635189056396485,0.10370121002197266,0.0,0.0,0.001,"(20, 20)",3,"{'NN__alpha': 0.001, 'NN__hidden_layer_sizes': (20, 20), 'filter__n': 3}",55,0.0,0.0,0.0,0.0,0.0,0.0,0.0,0.0,0.0,0.0,0.0018240852475960843,0.0003509530425060328,0.0,0.0
102,0.2625846862792969,0.1043097972869873,0.0,0.0,0.001,"(20, 20)",4,"{'NN__alpha': 0.001, 'NN__hidden_layer_sizes': (20, 20), 'filter__n': 4}",55,0.0,0.0,0.0,0.0,0.0,0.0,0.0,0.0,0.0,0.0,0.0028759328481314157,0.0011621455419972124,0.0,0.0
103,0.2743997097015381,0.10361332893371582,0.0,0.0,0.001,"(20, 20)",5,"{'NN__alpha': 0.001, 'NN__hidden_layer_sizes': (20, 20), 'filter__n': 5}",55,0.0,0.0,0.0,0.0,0.0,0.0,0.0,0.0,0.0,0.0,0.004879126157015515,0.0001343535043378923,0.0,0.0
104,0.26276493072509766,0.10409202575683593,0.0,0.0,0.001,"(20, 20)",6,"{'NN__alpha': 0.001, 'NN__hidden_layer_sizes': (20, 20), 'filter__n': 6}",55,0.0,0.0,0.0,0.0,0.0,0.0,0.0,0.0,0.0,0.0,0.0016049393471904852,0.0014190351334491353,0.0,0.0
105,0.26596689224243164,0.10297994613647461,0.0,0.0,0.001,"(20, 20)",7,"{'NN__alpha': 0.001, 'NN__hidden_layer_sizes': (20, 20), 'filter__n': 7}",55,0.0,0.0,0.0,0.0,0.0,0.0,0.0,0.0,0.0,0.0,0.00400403541951814,0.00041930757320131405,0.0,0.0
106,0.27271451950073244,0.10434255599975586,0.0,0.0,0.001,"(20, 20)",8,"{'NN__alpha': 0.001, 'NN__hidden_layer_sizes': (20, 20), 'filter__n': 8}",55,0.0,0.0,0.0,0.0,0.0,0.0,0.0,0.0,0.0,0.0,0.002287125500848407,0.0009371251275716153,0.0,0.0
107,0.2775575160980225,0.1038597583770752,0.0,0.0,0.001,"(20, 20)",9,"{'NN__alpha': 0.001, 'NN__hidden_layer_sizes': (20, 20), 'filter__n': 9}",55,0.0,0.0,0.0,0.0,0.0,0.0,0.0,0.0,0.0,0.0,0.004769025182275392,0.0003577212084715535,0.0,0.0
108,0.28033156394958497,0.10403652191162109,0.0,0.0,0.001,"(20, 20)",10,"{'NN__alpha': 0.001, 'NN__hidden_layer_sizes': (20, 20), 'filter__n': 10}",55,0.0,0.0,0.0,0.0,0.0,0.0,0.0,0.0,0.0,0.0,0.002550869587314658,0.0007517764550922567,0.0,0.0
109,0.2639634609222412,0.1040226936340332,0.6666666666666665,0.6666666666666721,0.001,"(20, 20)",11,"{'NN__alpha': 0.001, 'NN__hidden_layer_sizes': (20, 20), 'filter__n': 11}",7,0.6666666666666669,0.6666666666666732,0.666666666666667,0.6666666666666732,0.6666666666666659,0.6666666666666716,0.6666666666666662,0.6666666666666716,0.6666666666666657,0.6666666666666716,0.003398814177643005,0.0004976876999997099,5.411651914136522e-16,7.818997388068909e-16
110,0.28036088943481446,0.10427331924438477,0.0,0.0,0.001,"(20, 5)",2,"{'NN__alpha': 0.001, 'NN__hidden_layer_sizes': (20, 5), 'filter__n': 2}",55,0.0,0.0,0.0,0.0,0.0,0.0,0.0,0.0,0.0,0.0,0.0030899061479683215,0.0017312258324759977,0.0,0.0
111,0.26685242652893065,0.10351977348327637,0.6666666666666665,0.6666666666666721,0.001,"(20, 5)",3,"{'NN__alpha': 0.001, 'NN__hidden_layer_sizes': (20, 5), 'filter__n': 3}",7,0.6666666666666669,0.6666666666666732,0.666666666666667,0.6666666666666732,0.6666666666666659,0.6666666666666716,0.6666666666666662,0.6666666666666716,0.6666666666666657,0.6666666666666716,0.012115752589169946,0.00039790952597350667,5.411651914136522e-16,7.818997388068909e-16
112,0.27098684310913085,0.10446376800537109,0.0,0.0,0.001,"(20, 5)",4,"{'NN__alpha': 0.001, 'NN__hidden_layer_sizes': (20, 5), 'filter__n': 4}",55,0.0,0.0,0.0,0.0,0.0,0.0,0.0,0.0,0.0,0.0,0.003458595979314228,0.001977513255498044,0.0,0.0
113,0.2634894847869873,0.10364313125610351,0.6666666666666665,0.6666666666666721,0.001,"(20, 5)",5,"{'NN__alpha': 0.001, 'NN__hidden_layer_sizes': (20, 5), 'filter__n': 5}",7,0.6666666666666669,0.6666666666666732,0.666666666666667,0.6666666666666732,0.6666666666666659,0.6666666666666716,0.6666666666666662,0.6666666666666716,0.6666666666666657,0.6666666666666716,0.003603031443724726,0.0006336186500522631,5.411651914136522e-16,7.818997388068909e-16
114,0.2602952003479004,0.10440421104431152,0.0,0.0,0.001,"(20, 5)",6,"{'NN__alpha': 0.001, 'NN__hidden_layer_sizes': (20, 5), 'filter__n': 6}",55,0.0,0.0,0.0,0.0,0.0,0.0,0.0,0.0,0.0,0.0,0.003261959729095813,0.00048756563284564435,0.0,0.0
115,0.25911245346069334,0.10367279052734375,0.0,0.0,0.001,"(20, 5)",7,"{'NN__alpha': 0.001, 'NN__hidden_layer_sizes': (20, 5), 'filter__n': 7}",55,0.0,0.0,0.0,0.0,0.0,0.0,0.0,0.0,0.0,0.0,0.0019257218591857842,0.0005078134936485748,0.0,0.0
116,0.26005096435546876,0.10420045852661133,0.0,0.0,0.001,"(20, 5)",8,"{'NN__alpha': 0.001, 'NN__hidden_layer_sizes': (20, 5), 'filter__n': 8}",55,0.0,0.0,0.0,0.0,0.0,0.0,0.0,0.0,0.0,0.0,0.001351245481510894,0.001034499567536056,0.0,0.0
117,0.2662306785583496,0.10378541946411132,0.0,0.015689613232790042,0.001,"(20, 5)",9,"{'NN__alpha': 0.001, 'NN__hidden_layer_sizes': (20, 5), 'filter__n': 9}",55,0.0,0.0,0.0,0.0,0.0,0.07844806616395021,0.0,0.0,0.0,0.0,0.004430652875782328,0.0006413541070075475,0.0,0.031379226465580085
118,0.2598151206970215,0.10421166419982911,0.0,0.0,0.001,"(20, 5)",10,"{'NN__alpha': 0.001, 'NN__hidden_layer_sizes': (20, 5), 'filter__n': 10}",55,0.0,0.0,0.0,0.0,0.0,0.0,0.0,0.0,0.0,0.0,0.0033438967327209467,0.0009661671463680948,0.0,0.0
119,0.2600996017456055,0.10454783439636231,0.0,0.0,0.001,"(20, 5)",11,"{'NN__alpha': 0.001, 'NN__hidden_layer_sizes': (20, 5), 'filter__n': 11}",55,0.0,0.0,0.0,0.0,0.0,0.0,0.0,0.0,0.0,0.0,0.004277368579413035,0.0014020273466551411,0.0,0.0
120,0.285051965713501,0.10325164794921875,0.1324605821352544,0.12621034130376382,0.0001,"(200,)",2,"{'NN__alpha': 0.0001, 'NN__hidden_layer_sizes': (200,), 'filter__n': 2}",49,0.1764705882352942,0.12403100775193791,0.12121212121212133,0.13846153846153836,0.23529411764705874,0.09374999999999983,0.06451612903225805,0.1374045801526715,0.06451612903225805,0.1374045801526715,0.005131295840399211,0.0005385547225175872,0.06604740878627922,0.01708295671655473
121,0.2820583820343018,0.10436286926269531,0.0,0.0,0.0001,"(200,)",3,"{'NN__alpha': 0.0001, 'NN__hidden_layer_sizes': (200,), 'filter__n': 3}",55,0.0,0.0,0.0,0.0,0.0,0.0,0.0,0.0,0.0,0.0,0.004287457181275807,0.0011078559108271453,0.0,0.0
122,0.28719563484191896,0.10396480560302734,0.0,0.0,0.0001,"(200,)",4,"{'NN__alpha': 0.0001, 'NN__hidden_layer_sizes': (200,), 'filter__n': 4}",55,0.0,0.0,0.0,0.0,0.0,0.0,0.0,0.0,0.0,0.0,0.005867252173713342,0.00034380504720223353,0.0,0.0
123,0.2784117698669434,0.10360584259033204,0.0,0.0,0.0001,"(200,)",5,"{'NN__alpha': 0.0001, 'NN__hidden_layer_sizes': (200,), 'filter__n': 5}",55,0.0,0.0,0.0,0.0,0.0,0.0,0.0,0.0,0.0,0.0,0.004697085066099642,0.0005921514390618577,0.0,0.0
124,0.2854653835296631,0.10424909591674805,0.0,0.0,0.0001,"(200,)",6,"{'NN__alpha': 0.0001, 'NN__hidden_layer_sizes': (200,), 'filter__n': 6}",55,0.0,0.0,0.0,0.0,0.0,0.0,0.0,0.0,0.0,0.0,0.0073764191090144905,0.0007095959146452118,0.0,0.0
125,0.28145413398742675,0.10450067520141601,0.0,0.0,0.0001,"(200,)",7,"{'NN__alpha': 0.0001, 'NN__hidden_layer_sizes': (200,), 'filter__n': 7}",55,0.0,0.0,0.0,0.0,0.0,0.0,0.0,0.0,0.0,0.0,0.004647909671568379,0.0007377674007446985,0.0,0.0
126,0.28277106285095216,0.10472607612609863,0.0,0.0,0.0001,"(200,)",8,"{'NN__alpha': 0.0001, 'NN__hidden_layer_sizes': (200,), 'filter__n': 8}",55,0.0,0.0,0.0,0.0,0.0,0.0,0.0,0.0,0.0,0.0,0.0022409927262357467,0.0012468358035900885,0.0,0.0
127,0.2826103687286377,0.10324211120605468,0.8559672187762158,0.8603138148794975,0.0001,"(200,)",9,"{'NN__alpha': 0.0001, 'NN__hidden_layer_sizes': (200,), 'filter__n': 9}",1,0.8273688114222142,0.8684851132888076,0.7997849076895501,0.8360086520947166,0.8446389496717723,0.8465886939571151,0.8914549653579675,0.8986988741789702,0.9173488249273832,0.8517877408778789,0.003710772915108059,0.00045151829606081544,0.042737837541447034,0.021872341965723845
128,0.27765612602233886,0.10392251014709472,0.0,0.0,0.0001,"(200,)",10,"{'NN__alpha': 0.0001, 'NN__hidden_layer_sizes': (200,), 'filter__n': 10}",55,0.0,0.0,0.0,0.0,0.0,0.0,0.0,0.0,0.0,0.0,0.0014925656243433452,0.00039904121501603557,0.0,0.0
129,0.28545489311218264,0.10426359176635742,0.0,0.0,0.0001,"(200,)",11,"{'NN__alpha': 0.0001, 'NN__hidden_layer_sizes': (200,), 'filter__n': 11}",55,0.0,0.0,0.0,0.0,0.0,0.0,0.0,0.0,0.0,0.0,0.004840092780946869,0.00037737780809496136,0.0,0.0
130,0.26778697967529297,0.10375485420227051,0.0,0.0,0.0001,"(100,)",2,"{'NN__alpha': 0.0001, 'NN__hidden_layer_sizes': (100,), 'filter__n': 2}",55,0.0,0.0,0.0,0.0,0.0,0.0,0.0,0.0,0.0,0.0,0.0022513570943151957,0.0007325210944909911,0.0,0.0
131,0.2677931785583496,0.10441145896911622,0.0,0.0,0.0001,"(100,)",3,"{'NN__alpha': 0.0001, 'NN__hidden_layer_sizes': (100,), 'filter__n': 3}",55,0.0,0.0,0.0,0.0,0.0,0.0,0.0,0.0,0.0,0.0,0.0034569005365896175,0.0008502235799961918,0.0,0.0
132,0.26517486572265625,0.10510272979736328,0.0,0.0,0.0001,"(100,)",4,"{'NN__alpha': 0.0001, 'NN__hidden_layer_sizes': (100,), 'filter__n': 4}",55,0.0,0.0,0.0,0.0,0.0,0.0,0.0,0.0,0.0,0.0,0.0021963948055297015,0.002425791584798608,0.0,0.0
133,0.275999927520752,0.10342292785644532,0.4244449502136295,0.45541969140302807,0.0001,"(100,)",5,"{'NN__alpha': 0.0001, 'NN__hidden_layer_sizes': (100,), 'filter__n': 5}",27,0.6922027495015217,0.7611677449897417,0.6520323495431153,0.7603456755427518,0.7735470941883766,0.7555850364826471,0.0,0.0,0.0,0.0,0.005756795714303709,0.0007417228496973803,0.34773787255558647,0.37185350693456376
134,0.2722777843475342,0.10354533195495605,0.0,0.013008130081300806,0.0001,"(100,)",6,"{'NN__alpha': 0.0001, 'NN__hidden_layer_sizes': (100,), 'filter__n': 6}",55,0.0,0.032520325203252015,0.0,0.032520325203252015,0.0,0.0,0.0,0.0,0.0,0.0,0.005481136294016847,0.0006072624008722442,0.0,0.015931640603467818
135,0.2670712947845459,0.1037182331085205,0.0,0.0,0.0001,"(100,)",7,"{'NN__alpha': 0.0001, 'NN__hidden_layer_sizes': (100,), 'filter__n': 7}",55,0.0,0.0,0.0,0.0,0.0,0.0,0.0,0.0,0.0,0.0,0.0032076701214575195,0.0003817477524394075,0.0,0.0
136,0.273142147064209,0.10399203300476074,0.154803823989755,0.16489844964514072,0.0001,"(100,)",8,"{'NN__alpha': 0.0001, 'NN__hidden_layer_sizes': (100,), 'filter__n': 8}",45,0.0,0.0,0.0,0.0,0.7767958701548693,0.7923159854944628,0.0,0.0,0.0,0.03217626273124084,0.003266813526395065,0.0005051426238620209,0.3103010590339194,0.3139561877958632
137,0.28105149269104,0.10383353233337403,0.21247978088409056,0.21212207213482417,0.0001,"(100,)",9,"{'NN__alpha': 0.0001, 'NN__hidden_layer_sizes': (100,), 'filter__n': 9}",38,0.0,0.0,0.12121212121212133,0.10937499999999992,0.18181818181818177,0.12292787516626606,0.0,0.04799999999999991,0.7620927936821322,0.7803074855078549,0.0021306434793874874,0.0002193037595366483,0.28308369513602716,0.2874992374332936
138,0.28501091003417967,0.10434250831604004,0.2873579059169055,0.28384629512819115,0.0001,"(100,)",10,"{'NN__alpha': 0.0001, 'NN__hidden_layer_sizes': (100,), 'filter__n': 10}",34,0.0,0.0,0.0,0.0,0.0,0.0,0.8039274025587624,0.7033583563808767,0.6380165289256199,0.715873119260079,0.009544834791426619,0.0010955327057862365,0.35685463477097296,0.3476618196120945
139,0.27278718948364256,0.10399913787841797,0.0,0.0,0.0001,"(100,)",11,"{'NN__alpha': 0.0001, 'NN__hidden_layer_sizes': (100,), 'filter__n': 11}",55,0.0,0.0,0.0,0.0,0.0,0.0,0.0,0.0,0.0,0.0,0.005032032675805006,0.0007660814793465831,0.0,0.0
140,0.26438255310058595,0.10320682525634765,0.0,0.0,0.0001,"(20, 20)",2,"{'NN__alpha': 0.0001, 'NN__hidden_layer_sizes': (20, 20), 'filter__n': 2}",55,0.0,0.0,0.0,0.0,0.0,0.0,0.0,0.0,0.0,0.0,0.005089333950910931,0.00043689373953027745,0.0,0.0
141,0.2665825843811035,0.10390844345092773,0.0,0.0,0.0001,"(20, 20)",3,"{'NN__alpha': 0.0001, 'NN__hidden_layer_sizes': (20, 20), 'filter__n': 3}",55,0.0,0.0,0.0,0.0,0.0,0.0,0.0,0.0,0.0,0.0,0.004561239425137405,0.0003962987167220952,0.0,0.0
142,0.2636979579925537,0.10374684333801269,0.0,0.0,0.0001,"(20, 20)",4,"{'NN__alpha': 0.0001, 'NN__hidden_layer_sizes': (20, 20), 'filter__n': 4}",55,0.0,0.0,0.0,0.0,0.0,0.0,0.0,0.0,0.0,0.0,0.0021924358932201957,0.0005026301648998063,0.0,0.0
143,0.26721792221069335,0.10337181091308593,0.0,0.0,0.0001,"(20, 20)",5,"{'NN__alpha': 0.0001, 'NN__hidden_layer_sizes': (20, 20), 'filter__n': 5}",55,0.0,0.0,0.0,0.0,0.0,0.0,0.0,0.0,0.0,0.0,0.0018996723163987846,0.0003159772645442094,0.0,0.0
144,0.2643186092376709,0.10344552993774414,0.0,0.0,0.0001,"(20, 20)",6,"{'NN__alpha': 0.0001, 'NN__hidden_layer_sizes': (20, 20), 'filter__n': 6}",55,0.0,0.0,0.0,0.0,0.0,0.0,0.0,0.0,0.0,0.0,0.0022502654151969697,0.00013482843635756798,0.0,0.0
145,0.27047171592712405,0.10370821952819824,0.0,0.0,0.0001,"(20, 20)",7,"{'NN__alpha': 0.0001, 'NN__hidden_layer_sizes': (20, 20), 'filter__n': 7}",55,0.0,0.0,0.0,0.0,0.0,0.0,0.0,0.0,0.0,0.0,0.007218803482470784,0.0005956426855112251,0.0,0.0
146,0.2763971328735352,0.10395088195800781,0.0,0.0,0.0001,"(20, 20)",8,"{'NN__alpha': 0.0001, 'NN__hidden_layer_sizes': (20, 20), 'filter__n': 8}",55,0.0,0.0,0.0,0.0,0.0,0.0,0.0,0.0,0.0,0.0,0.006077680247094149,0.0011232555346355065,0.0,0.0
147,0.27871999740600584,0.10343718528747559,0.0,0.0,0.0001,"(20, 20)",9,"{'NN__alpha': 0.0001, 'NN__hidden_layer_sizes': (20, 20), 'filter__n': 9}",55,0.0,0.0,0.0,0.0,0.0,0.0,0.0,0.0,0.0,0.0,0.0024243267349236108,0.0006020705973110482,0.0,0.0
148,0.2827716827392578,0.1044346809387207,0.0,0.0,0.0001,"(20, 20)",10,"{'NN__alpha': 0.0001, 'NN__hidden_layer_sizes': (20, 20), 'filter__n': 10}",55,0.0,0.0,0.0,0.0,0.0,0.0,0.0,0.0,0.0,0.0,0.005937133484809439,0.0011461530789463293,0.0,0.0
149,0.26094422340393064,0.10419516563415528,0.6666666666666665,0.6666666666666721,0.0001,"(20, 20)",11,"{'NN__alpha': 0.0001, 'NN__hidden_layer_sizes': (20, 20), 'filter__n': 11}",7,0.6666666666666669,0.6666666666666732,0.666666666666667,0.6666666666666732,0.6666666666666659,0.6666666666666716,0.6666666666666662,0.6666666666666716,0.6666666666666657,0.6666666666666716,0.0020994006357419963,0.000453238682867696,5.411651914136522e-16,7.818997388068909e-16
150,0.2749329566955566,0.10332403182983399,0.0,0.0,0.0001,"(20, 5)",2,"{'NN__alpha': 0.0001, 'NN__hidden_layer_sizes': (20, 5), 'filter__n': 2}",55,0.0,0.0,0.0,0.0,0.0,0.0,0.0,0.0,0.0,0.0,0.0014006271184071595,0.0004833700083716931,0.0,0.0
151,0.26064391136169435,0.10378923416137695,0.6666666666666665,0.6666666666666721,0.0001,"(20, 5)",3,"{'NN__alpha': 0.0001, 'NN__hidden_layer_sizes': (20, 5), 'filter__n': 3}",7,0.6666666666666669,0.6666666666666732,0.666666666666667,0.6666666666666732,0.6666666666666659,0.6666666666666716,0.6666666666666662,0.6666666666666716,0.6666666666666657,0.6666666666666716,0.006370671096487673,0.0006377322123553588,5.411651914136522e-16,7.818997388068909e-16
152,0.27193703651428225,0.10344471931457519,0.0,0.0,0.0001,"(20, 5)",4,"{'NN__alpha': 0.0001, 'NN__hidden_layer_sizes': (20, 5), 'filter__n': 4}",55,0.0,0.0,0.0,0.0,0.0,0.0,0.0,0.0,0.0,0.0,0.0039764988537036635,0.0004488964761528863,0.0,0.0
153,0.2619004249572754,0.10375142097473145,0.6666666666666665,0.6666666666666721,0.0001,"(20, 5)",5,"{'NN__alpha': 0.0001, 'NN__hidden_layer_sizes': (20, 5), 'filter__n': 5}",7,0.6666666666666669,0.6666666666666732,0.666666666666667,0.6666666666666732,0.6666666666666659,0.6666666666666716,0.6666666666666662,0.6666666666666716,0.6666666666666657,0.6666666666666716,0.007494568646339997,0.0006568206066674848,5.411651914136522e-16,7.818997388068909e-16
154,0.26471967697143556,0.10352363586425781,0.0,0.0,0.0001,"(20, 5)",6,"{'NN__alpha': 0.0001, 'NN__hidden_layer_sizes': (20, 5), 'filter__n': 6}",55,0.0,0.0,0.0,0.0,0.0,0.0,0.0,0.0,0.0,0.0,0.008934605734153679,0.000397515565054961,0.0,0.0
155,0.2813384532928467,0.10398807525634765,0.0,0.0,0.0001,"(20, 5)",7,"{'NN__alpha': 0.0001, 'NN__hidden_layer_sizes': (20, 5), 'filter__n': 7}",55,0.0,0.0,0.0,0.0,0.0,0.0,0.0,0.0,0.0,0.0,0.011783586339712807,0.0005248078428216567,0.0,0.0
156,0.26217360496520997,0.10363588333129883,0.0,0.0,0.0001,"(20, 5)",8,"{'NN__alpha': 0.0001, 'NN__hidden_layer_sizes': (20, 5), 'filter__n': 8}",55,0.0,0.0,0.0,0.0,0.0,0.0,0.0,0.0,0.0,0.0,0.0030406853684716703,0.0006454199864021856,0.0,0.0
157,0.26642332077026365,0.10426521301269531,0.0,0.015689613232790042,0.0001,"(20, 5)",9,"{'NN__alpha': 0.0001, 'NN__hidden_layer_sizes': (20, 5), 'filter__n': 9}",55,0.0,0.0,0.0,0.0,0.0,0.07844806616395021,0.0,0.0,0.0,0.0,0.0026576274672387985,0.0018821121255411999,0.0,0.031379226465580085
158,0.26151261329650877,0.10318222045898437,0.0,0.0,0.0001,"(20, 5)",10,"{'NN__alpha': 0.0001, 'NN__hidden_layer_sizes': (20, 5), 'filter__n': 10}",55,0.0,0.0,0.0,0.0,0.0,0.0,0.0,0.0,0.0,0.0,0.003483895615003374,0.0003962314970108044,0.0,0.0
159,0.26126961708068847,0.1042264461517334,0.0,0.0,0.0001,"(20, 5)",11,"{'NN__alpha': 0.0001, 'NN__hidden_layer_sizes': (20, 5), 'filter__n': 11}",55,0.0,0.0,0.0,0.0,0.0,0.0,0.0,0.0,0.0,0.0,0.002791572554514684,0.0008198573779866386,0.0,0.0
160,0.28344192504882815,0.1047713279724121,0.1324605821352544,0.12621034130376382,1e-05,"(200,)",2,"{'NN__alpha': 1e-05, 'NN__hidden_layer_sizes': (200,), 'filter__n': 2}",49,0.1764705882352942,0.12403100775193791,0.12121212121212133,0.13846153846153836,0.23529411764705874,0.09374999999999983,0.06451612903225805,0.1374045801526715,0.06451612903225805,0.1374045801526715,0.0062857251493100355,0.002032567926401628,0.06604740878627922,0.01708295671655473
161,0.28019008636474607,0.1036156177520752,0.0,0.0,1e-05,"(200,)",3,"{'NN__alpha': 1e-05, 'NN__hidden_layer_sizes': (200,), 'filter__n': 3}",55,0.0,0.0,0.0,0.0,0.0,0.0,0.0,0.0,0.0,0.0,0.005702058555032068,0.00034135851306114055,0.0,0.0
162,0.2900393009185791,0.10394783020019531,0.0,0.0,1e-05,"(200,)",4,"{'NN__alpha': 1e-05, 'NN__hidden_layer_sizes': (200,), 'filter__n': 4}",55,0.0,0.0,0.0,0.0,0.0,0.0,0.0,0.0,0.0,0.0,0.006805640951619842,0.000520308123216609,0.0,0.0
163,0.30992779731750486,0.10408658981323242,0.0,0.0,1e-05,"(200,)",5,"{'NN__alpha': 1e-05, 'NN__hidden_layer_sizes': (200,), 'filter__n': 5}",55,0.0,0.0,0.0,0.0,0.0,0.0,0.0,0.0,0.0,0.0,0.01973467766836601,0.00041225106463138367,0.0,0.0
164,0.28792471885681153,0.10322203636169433,0.0,0.0,1e-05,"(200,)",6,"{'NN__alpha': 1e-05, 'NN__hidden_layer_sizes': (200,), 'filter__n': 6}",55,0.0,0.0,0.0,0.0,0.0,0.0,0.0,0.0,0.0,0.0,0.008949719379448572,0.00033142304524056576,0.0,0.0
165,0.30934581756591795,0.10526981353759765,0.0,0.0,1e-05,"(200,)",7,"{'NN__alpha': 1e-05, 'NN__hidden_layer_sizes': (200,), 'filter__n': 7}",55,0.0,0.0,0.0,0.0,0.0,0.0,0.0,0.0,0.0,0.0,0.021374348610089567,0.0013804237301706503,0.0,0.0
166,0.30928759574890136,0.10389137268066406,0.0,0.0,1e-05,"(200,)",8,"{'NN__alpha': 1e-05, 'NN__hidden_layer_sizes': (200,), 'filter__n': 8}",55,0.0,0.0,0.0,0.0,0.0,0.0,0.0,0.0,0.0,0.0,0.014935808154089611,0.00034353948083893385,0.0,0.0
167,0.29637775421142576,0.1044198989868164,0.8559672187762158,0.8603138148794975,1e-05,"(200,)",9,"{'NN__alpha': 1e-05, 'NN__hidden_layer_sizes': (200,), 'filter__n': 9}",1,0.8273688114222142,0.8684851132888076,0.7997849076895501,0.8360086520947166,0.8446389496717723,0.8465886939571151,0.8914549653579675,0.8986988741789702,0.9173488249273832,0.8517877408778789,0.006424127786737356,0.0011960609712608438,0.042737837541447034,0.021872341965723845
168,0.2818589210510254,0.10345053672790527,0.0,0.0,1e-05,"(200,)",10,"{'NN__alpha': 1e-05, 'NN__hidden_layer_sizes': (200,), 'filter__n': 10}",55,0.0,0.0,0.0,0.0,0.0,0.0,0.0,0.0,0.0,0.0,0.0028187496241448224,0.0007686579937298837,0.0,0.0
169,0.28606719970703126,0.10365471839904786,0.0,0.0,1e-05,"(200,)",11,"{'NN__alpha': 1e-05, 'NN__hidden_layer_sizes': (200,), 'filter__n': 11}",55,0.0,0.0,0.0,0.0,0.0,0.0,0.0,0.0,0.0,0.0,0.002901091732337715,0.000505109318549673,0.0,0.0
170,0.26729393005371094,0.10323882102966309,0.0,0.0,1e-05,"(100,)",2,"{'NN__alpha': 1e-05, 'NN__hidden_layer_sizes': (100,), 'filter__n': 2}",55,0.0,0.0,0.0,0.0,0.0,0.0,0.0,0.0,0.0,0.0,0.006739862812193618,0.00035771257668877626,0.0,0.0
171,0.26540570259094237,0.10358691215515137,0.0,0.0,1e-05,"(100,)",3,"{'NN__alpha': 1e-05, 'NN__hidden_layer_sizes': (100,), 'filter__n': 3}",55,0.0,0.0,0.0,0.0,0.0,0.0,0.0,0.0,0.0,0.0,0.0022226140220633485,0.0007478224093262762,0.0,0.0
172,0.2678504467010498,0.10413599014282227,0.0,0.0,1e-05,"(100,)",4,"{'NN__alpha': 1e-05, 'NN__hidden_layer_sizes': (100,), 'filter__n': 4}",55,0.0,0.0,0.0,0.0,0.0,0.0,0.0,0.0,0.0,0.0,0.006035954971089525,0.0018391269641636688,0.0,0.0
173,0.2794633388519287,0.10431866645812989,0.4244449502136295,0.45541969140302807,1e-05,"(100,)",5,"{'NN__alpha': 1e-05, 'NN__hidden_layer_sizes': (100,), 'filter__n': 5}",27,0.6922027495015217,0.7611677449897417,0.6520323495431153,0.7603456755427518,0.7735470941883766,0.7555850364826471,0.0,0.0,0.0,0.0,0.006512959327383383,0.0013484561235249251,0.34773787255558647,0.37185350693456376
174,0.2702766418457031,0.1036196231842041,0.0,0.013008130081300806,1e-05,"(100,)",6,"{'NN__alpha': 1e-05, 'NN__hidden_layer_sizes': (100,), 'filter__n': 6}",55,0.0,0.032520325203252015,0.0,0.032520325203252015,0.0,0.0,0.0,0.0,0.0,0.0,0.0036782796484951014,0.0005531291180607908,0.0,0.015931640603467818
175,0.2647974491119385,0.10352787971496583,0.0,0.0,1e-05,"(100,)",7,"{'NN__alpha': 1e-05, 'NN__hidden_layer_sizes': (100,), 'filter__n': 7}",55,0.0,0.0,0.0,0.0,0.0,0.0,0.0,0.0,0.0,0.0,0.00216419864262618,0.00031634034749998275,0.0,0.0
176,0.2783151626586914,0.10372271537780761,0.154803823989755,0.16489844964514072,1e-05,"(100,)",8,"{'NN__alpha': 1e-05, 'NN__hidden_layer_sizes': (100,), 'filter__n': 8}",45,0.0,0.0,0.0,0.0,0.7767958701548693,0.7923159854944628,0.0,0.0,0.0,0.03217626273124084,0.002432629329123974,3.234066955149302e-07,0.3103010590339194,0.3139561877958632
177,0.28284320831298826,0.10354962348937988,0.21247978088409056,0.21212207213482417,1e-05,"(100,)",9,"{'NN__alpha': 1e-05, 'NN__hidden_layer_sizes': (100,), 'filter__n': 9}",38,0.0,0.0,0.12121212121212133,0.10937499999999992,0.18181818181818177,0.12292787516626606,0.0,0.04799999999999991,0.7620927936821322,0.7803074855078549,0.006263605887086872,0.0004137107884604752,0.28308369513602716,0.2874992374332936
178,0.26852803230285643,0.10322294235229493,0.2873579059169055,0.28384629512819115,1e-05,"(100,)",10,"{'NN__alpha': 1e-05, 'NN__hidden_layer_sizes': (100,), 'filter__n': 10}",34,0.0,0.0,0.0,0.0,0.0,0.0,0.8039274025587624,0.7033583563808767,0.6380165289256199,0.715873119260079,0.002604844659629807,0.0004263274500575271,0.35685463477097296,0.3476618196120945
179,0.26707892417907714,0.10406074523925782,0.0,0.0,1e-05,"(100,)",11,"{'NN__alpha': 1e-05, 'NN__hidden_layer_sizes': (100,), 'filter__n': 11}",55,0.0,0.0,0.0,0.0,0.0,0.0,0.0,0.0,0.0,0.0,0.00451876377833737,0.000451730785252209,0.0,0.0
180,0.2667398929595947,0.10380816459655762,0.0,0.0,1e-05,"(20, 20)",2,"{'NN__alpha': 1e-05, 'NN__hidden_layer_sizes': (20, 20), 'filter__n': 2}",55,0.0,0.0,0.0,0.0,0.0,0.0,0.0,0.0,0.0,0.0,0.009793465598705545,0.0005146833265380734,0.0,0.0
181,0.2685266017913818,0.10370926856994629,0.0,0.0,1e-05,"(20, 20)",3,"{'NN__alpha': 1e-05, 'NN__hidden_layer_sizes': (20, 20), 'filter__n': 3}",55,0.0,0.0,0.0,0.0,0.0,0.0,0.0,0.0,0.0,0.0,0.004450467136511643,0.00037247430094199775,0.0,0.0
182,0.2613510608673096,0.10362539291381836,0.0,0.0,1e-05,"(20, 20)",4,"{'NN__alpha': 1e-05, 'NN__hidden_layer_sizes': (20, 20), 'filter__n': 4}",55,0.0,0.0,0.0,0.0,0.0,0.0,0.0,0.0,0.0,0.0,0.0018561180439495807,0.0007650226167390458,0.0,0.0
183,0.2687952518463135,0.10370240211486817,0.0,0.0,1e-05,"(20, 20)",5,"{'NN__alpha': 1e-05, 'NN__hidden_layer_sizes': (20, 20), 'filter__n': 5}",55,0.0,0.0,0.0,0.0,0.0,0.0,0.0,0.0,0.0,0.0,0.002328122410215497,0.0005993752907535251,0.0,0.0
184,0.2626067638397217,0.10388355255126953,0.0,0.0,1e-05,"(20, 20)",6,"{'NN__alpha': 1e-05, 'NN__hidden_layer_sizes': (20, 20), 'filter__n': 6}",55,0.0,0.0,0.0,0.0,0.0,0.0,0.0,0.0,0.0,0.0,0.004430381254968264,0.0002762273825638958,0.0,0.0
185,0.26471810340881347,0.10470819473266602,0.0,0.0,1e-05,"(20, 20)",7,"{'NN__alpha': 1e-05, 'NN__hidden_layer_sizes': (20, 20), 'filter__n': 7}",55,0.0,0.0,0.0,0.0,0.0,0.0,0.0,0.0,0.0,0.0,0.001310358986194944,0.000954084403559451,0.0,0.0
186,0.27428312301635743,0.10338897705078125,0.0,0.0,1e-05,"(20, 20)",8,"{'NN__alpha': 1e-05, 'NN__hidden_layer_sizes': (20, 20), 'filter__n': 8}",55,0.0,0.0,0.0,0.0,0.0,0.0,0.0,0.0,0.0,0.0,0.0038586463132658875,0.0005742457541211149,0.0,0.0
187,0.2791553497314453,0.10369806289672852,0.0,0.0,1e-05,"(20, 20)",9,"{'NN__alpha': 1e-05, 'NN__hidden_layer_sizes': (20, 20), 'filter__n': 9}",55,0.0,0.0,0.0,0.0,0.0,0.0,0.0,0.0,0.0,0.0,0.0024951176335870707,0.00046287772936647666,0.0,0.0
188,0.28208003044128416,0.1035576343536377,0.0,0.0,1e-05,"(20, 20)",10,"{'NN__alpha': 1e-05, 'NN__hidden_layer_sizes': (20, 20), 'filter__n': 10}",55,0.0,0.0,0.0,0.0,0.0,0.0,0.0,0.0,0.0,0.0,0.004572180836023415,0.000594131089274388,0.0,0.0
189,0.2602850914001465,0.10406351089477539,0.6666666666666665,0.6666666666666721,1e-05,"(20, 20)",11,"{'NN__alpha': 1e-05, 'NN__hidden_layer_sizes': (20, 20), 'filter__n': 11}",7,0.6666666666666669,0.6666666666666732,0.666666666666667,0.6666666666666732,0.6666666666666659,0.6666666666666716,0.6666666666666662,0.6666666666666716,0.6666666666666657,0.6666666666666716,0.002326180975664649,0.0005436086443647278,5.411651914136522e-16,7.818997388068909e-16
190,0.2776785850524902,0.10372247695922851,0.0,0.0,1e-05,"(20, 5)",2,"{'NN__alpha': 1e-05, 'NN__hidden_layer_sizes': (20, 5), 'filter__n': 2}",55,0.0,0.0,0.0,0.0,0.0,0.0,0.0,0.0,0.0,0.0,0.0041938186262291495,1.7797974875824865e-05,0.0,0.0
191,0.2615558624267578,0.1037973403930664,0.6666666666666665,0.6666666666666721,1e-05,"(20, 5)",3,"{'NN__alpha': 1e-05, 'NN__hidden_layer_sizes': (20, 5), 'filter__n': 3}",7,0.6666666666666669,0.6666666666666732,0.666666666666667,0.6666666666666732,0.6666666666666659,0.6666666666666716,0.6666666666666662,0.6666666666666716,0.6666666666666657,0.6666666666666716,0.002262780401775183,0.0006878759631296589,5.411651914136522e-16,7.818997388068909e-16
192,0.2682675361633301,0.10372934341430665,0.0,0.0,1e-05,"(20, 5)",4,"{'NN__alpha': 1e-05, 'NN__hidden_layer_sizes': (20, 5), 'filter__n': 4}",55,0.0,0.0,0.0,0.0,0.0,0.0,0.0,0.0,0.0,0.0,0.002617703951265579,0.00016508992158480496,0.0,0.0
193,0.25823235511779785,0.10366754531860352,0.6666666666666665,0.6666666666666721,1e-05,"(20, 5)",5,"{'NN__alpha': 1e-05, 'NN__hidden_layer_sizes': (20, 5), 'filter__n': 5}",7,0.6666666666666669,0.6666666666666732,0.666666666666667,0.6666666666666732,0.6666666666666659,0.6666666666666716,0.6666666666666662,0.6666666666666716,0.6666666666666657,0.6666666666666716,0.0017497819454377608,0.0007725184835232875,5.411651914136522e-16,7.818997388068909e-16
194,0.2668765544891357,0.1038100242614746,0.0,0.0,1e-05,"(20, 5)",6,"{'NN__alpha': 1e-05, 'NN__hidden_layer_sizes': (20, 5), 'filter__n': 6}",55,0.0,0.0,0.0,0.0,0.0,0.0,0.0,0.0,0.0,0.0,0.010670788028688564,7.252023817746685e-05,0.0,0.0
195,0.2686102867126465,0.1037376880645752,0.0,0.0,1e-05,"(20, 5)",7,"{'NN__alpha': 1e-05, 'NN__hidden_layer_sizes': (20, 5), 'filter__n': 7}",55,0.0,0.0,0.0,0.0,0.0,0.0,0.0,0.0,0.0,0.0,0.010058188116706336,0.0004333327980205776,0.0,0.0
196,0.2612663745880127,0.10523591041564942,0.0,0.0,1e-05,"(20, 5)",8,"{'NN__alpha': 1e-05, 'NN__hidden_layer_sizes': (20, 5), 'filter__n': 8}",55,0.0,0.0,0.0,0.0,0.0,0.0,0.0,0.0,0.0,0.0,0.002779832401066325,0.0026319396012679445,0.0,0.0
197,0.26218533515930176,0.10411686897277832,0.0,0.015689613232790042,1e-05,"(20, 5)",9,"{'NN__alpha': 1e-05, 'NN__hidden_layer_sizes': (20, 5), 'filter__n': 9}",55,0.0,0.0,0.0,0.0,0.0,0.07844806616395021,0.0,0.0,0.0,0.0,0.0027147507780600146,0.0010279119393371442,0.0,0.031379226465580085
198,0.2601150989532471,0.10348005294799804,0.0,0.0,1e-05,"(20, 5)",10,"{'NN__alpha': 1e-05, 'NN__hidden_layer_sizes': (20, 5), 'filter__n': 10}",55,0.0,0.0,0.0,0.0,0.0,0.0,0.0,0.0,0.0,0.0,0.004057251935889254,0.0006760794142595582,0.0,0.0
199,0.25806055068969724,0.10446343421936036,0.0,0.0,1e-05,"(20, 5)",11,"{'NN__alpha': 1e-05, 'NN__hidden_layer_sizes': (20, 5), 'filter__n': 11}",55,0.0,0.0,0.0,0.0,0.0,0.0,0.0,0.0,0.0,0.0,0.0024627022565532277,0.0009262718913686265,0.0,0.0
200,0.28433003425598147,0.1034785270690918,0.1324605821352544,0.12621034130376382,1e-06,"(200,)",2,"{'NN__alpha': 1e-06, 'NN__hidden_layer_sizes': (200,), 'filter__n': 2}",49,0.1764705882352942,0.12403100775193791,0.12121212121212133,0.13846153846153836,0.23529411764705874,0.09374999999999983,0.06451612903225805,0.1374045801526715,0.06451612903225805,0.1374045801526715,0.0029802772388875546,0.0005382135083508404,0.06604740878627922,0.01708295671655473
201,0.2836462020874023,0.10405611991882324,0.0,0.0,1e-06,"(200,)",3,"{'NN__alpha': 1e-06, 'NN__hidden_layer_sizes': (200,), 'filter__n': 3}",55,0.0,0.0,0.0,0.0,0.0,0.0,0.0,0.0,0.0,0.0,0.0066626044493659515,0.0009169129972152976,0.0,0.0
202,0.2830476760864258,0.10348315238952636,0.0,0.0,1e-06,"(200,)",4,"{'NN__alpha': 1e-06, 'NN__hidden_layer_sizes': (200,), 'filter__n': 4}",55,0.0,0.0,0.0,0.0,0.0,0.0,0.0,0.0,0.0,0.0,0.00254759174069293,0.00043510201581618683,0.0,0.0
203,0.27894320487976076,0.10377945899963378,0.0,0.0,1e-06,"(200,)",5,"{'NN__alpha': 1e-06, 'NN__hidden_layer_sizes': (200,), 'filter__n': 5}",55,0.0,0.0,0.0,0.0,0.0,0.0,0.0,0.0,0.0,0.0,0.002975660604153371,7.23336350723495e-05,0.0,0.0
204,0.2796451568603516,0.10372066497802734,0.0,0.0,1e-06,"(200,)",6,"{'NN__alpha': 1e-06, 'NN__hidden_layer_sizes': (200,), 'filter__n': 6}",55,0.0,0.0,0.0,0.0,0.0,0.0,0.0,0.0,0.0,0.0,0.0016267479043357489,1.0270279842249449e-05,0.0,0.0
205,0.2810489654541016,0.10416278839111329,0.0,0.0,1e-06,"(200,)",7,"{'NN__alpha': 1e-06, 'NN__hidden_layer_sizes': (200,), 'filter__n': 7}",55,0.0,0.0,0.0,0.0,0.0,0.0,0.0,0.0,0.0,0.0,0.0011645788008752384,0.0007783680472286043,0.0,0.0
206,0.2794769287109375,0.1040797233581543,0.0,0.0,1e-06,"(200,)",8,"{'NN__alpha': 1e-06, 'NN__hidden_layer_sizes': (200,), 'filter__n': 8}",55,0.0,0.0,0.0,0.0,0.0,0.0,0.0,0.0,0.0,0.0,0.0023735229252144835,0.0005883093106196834,0.0,0.0
207,0.28009791374206544,0.10383334159851074,0.8559672187762158,0.8603138148794975,1e-06,"(200,)",9,"{'NN__alpha': 1e-06, 'NN__hidden_layer_sizes': (200,), 'filter__n': 9}",1,0.8273688114222142,0.8684851132888076,0.7997849076895501,0.8360086520947166,0.8446389496717723,0.8465886939571151,0.8914549653579675,0.8986988741789702,0.9173488249273832,0.8517877408778789,0.0027399215737650326,0.0003936148380406241,0.042737837541447034,0.021872341965723845
208,0.27999224662780764,0.10353131294250488,0.0,0.0,1e-06,"(200,)",10,"{'NN__alpha': 1e-06, 'NN__hidden_layer_sizes': (200,), 'filter__n': 10}",55,0.0,0.0,0.0,0.0,0.0,0.0,0.0,0.0,0.0,0.0,0.00291355351702912,0.000385417283869794,0.0,0.0
209,0.2827572822570801,0.10367832183837891,0.0,0.0,1e-06,"(200,)",11,"{'NN__alpha': 1e-06, 'NN__hidden_layer_sizes': (200,), 'filter__n': 11}",55,0.0,0.0,0.0,0.0,0.0,0.0,0.0,0.0,0.0,0.0,0.003650810090967857,0.0005442314764404604,0.0,0.0
210,0.262604284286499,0.1035226821899414,0.0,0.0,1e-06,"(100,)",2,"{'NN__alpha': 1e-06, 'NN__hidden_layer_sizes': (100,), 'filter__n': 2}",55,0.0,0.0,0.0,0.0,0.0,0.0,0.0,0.0,0.0,0.0,0.0019717894972598364,0.0007274762865249814,0.0,0.0
211,0.2660703182220459,0.10388174057006835,0.0,0.0,1e-06,"(100,)",3,"{'NN__alpha': 1e-06, 'NN__hidden_layer_sizes': (100,), 'filter__n': 3}",55,0.0,0.0,0.0,0.0,0.0,0.0,0.0,0.0,0.0,0.0,0.003928823925501429,0.0010287375360000382,0.0,0.0
212,0.2646322250366211,0.10362424850463867,0.0,0.0,1e-06,"(100,)",4,"{'NN__alpha': 1e-06, 'NN__hidden_layer_sizes': (100,), 'filter__n': 4}",55,0.0,0.0,0.0,0.0,0.0,0.0,0.0,0.0,0.0,0.0,0.0016822940840541967,0.0004911366156835561,0.0,0.0
213,0.27216711044311526,0.10335125923156738,0.4244449502136295,0.45541969140302807,1e-06,"(100,)",5,"{'NN__alpha': 1e-06, 'NN__hidden_layer_sizes': (100,), 'filter__n': 5}",27,0.6922027495015217,0.7611677449897417,0.6520323495431153,0.7603456755427518,0.7735470941883766,0.7555850364826471,0.0,0.0,0.0,0.0,0.002995335454340901,0.0003669278694446689,0.34773787255558647,0.37185350693456376
214,0.26816372871398925,0.10359349250793456,0.0,0.013008130081300806,1e-06,"(100,)",6,"{'NN__alpha': 1e-06, 'NN__hidden_layer_sizes': (100,), 'filter__n': 6}",55,0.0,0.032520325203252015,0.0,0.032520325203252015,0.0,0.0,0.0,0.0,0.0,0.0,0.0036894899526604017,0.00039186527561314724,0.0,0.015931640603467818
215,0.2653756618499756,0.10361213684082031,0.0,0.0,1e-06,"(100,)",7,"{'NN__alpha': 1e-06, 'NN__hidden_layer_sizes': (100,), 'filter__n': 7}",55,0.0,0.0,0.0,0.0,0.0,0.0,0.0,0.0,0.0,0.0,0.00203873825876591,0.0007911453650715207,0.0,0.0
216,0.27310667037963865,0.10390229225158691,0.154803823989755,0.16489844964514072,1e-06,"(100,)",8,"{'NN__alpha': 1e-06, 'NN__hidden_layer_sizes': (100,), 'filter__n': 8}",45,0.0,0.0,0.0,0.0,0.7767958701548693,0.7923159854944628,0.0,0.0,0.0,0.03217626273124084,0.0031446194809613653,0.00035919745919196143,0.3103010590339194,0.3139561877958632
217,0.27213468551635744,0.10336189270019532,0.21247978088409056,0.21212207213482417,1e-06,"(100,)",9,"{'NN__alpha': 1e-06, 'NN__hidden_layer_sizes': (100,), 'filter__n': 9}",38,0.0,0.0,0.12121212121212133,0.10937499999999992,0.18181818181818177,0.12292787516626606,0.0,0.04799999999999991,0.7620927936821322,0.7803074855078549,0.0020889131266042887,0.00056382451137675,0.28308369513602716,0.2874992374332936
218,0.2709981918334961,0.1035536289215088,0.2873579059169055,0.28384629512819115,1e-06,"(100,)",10,"{'NN__alpha': 1e-06, 'NN__hidden_layer_sizes': (100,), 'filter__n': 10}",34,0.0,0.0,0.0,0.0,0.0,0.0,0.8039274025587624,0.7033583563808767,0.6380165289256199,0.715873119260079,0.002855602913678969,0.0007613562548492281,0.35685463477097296,0.3476618196120945
219,0.2649514198303223,0.10394339561462403,0.0,0.0,1e-06,"(100,)",11,"{'NN__alpha': 1e-06, 'NN__hidden_layer_sizes': (100,), 'filter__n': 11}",55,0.0,0.0,0.0,0.0,0.0,0.0,0.0,0.0,0.0,0.0,0.0022197556015658053,0.0005966333056074846,0.0,0.0
220,0.2632317543029785,0.10384716987609863,0.0,0.0,1e-06,"(20, 20)",2,"{'NN__alpha': 1e-06, 'NN__hidden_layer_sizes': (20, 20), 'filter__n': 2}",55,0.0,0.0,0.0,0.0,0.0,0.0,0.0,0.0,0.0,0.0,0.002884491655949052,0.0008068973608402765,0.0,0.0
221,0.26561365127563474,0.10410122871398926,0.0,0.0,1e-06,"(20, 20)",3,"{'NN__alpha': 1e-06, 'NN__hidden_layer_sizes': (20, 20), 'filter__n': 3}",55,0.0,0.0,0.0,0.0,0.0,0.0,0.0,0.0,0.0,0.0,0.0012018749728360469,0.000488522342490255,0.0,0.0
222,0.2611887454986572,0.10402178764343262,0.0,0.0,1e-06,"(20, 20)",4,"{'NN__alpha': 1e-06, 'NN__hidden_layer_sizes': (20, 20), 'filter__n': 4}",55,0.0,0.0,0.0,0.0,0.0,0.0,0.0,0.0,0.0,0.0,0.001521506833378055,0.0007217039004120695,0.0,0.0
223,0.2686495304107666,0.10370292663574218,0.0,0.0,1e-06,"(20, 20)",5,"{'NN__alpha': 1e-06, 'NN__hidden_layer_sizes': (20, 20), 'filter__n': 5}",55,0.0,0.0,0.0,0.0,0.0,0.0,0.0,0.0,0.0,0.0,0.003558965582971748,0.0006367560932946306,0.0,0.0
224,0.25952873229980467,0.10324735641479492,0.0,0.0,1e-06,"(20, 20)",6,"{'NN__alpha': 1e-06, 'NN__hidden_layer_sizes': (20, 20), 'filter__n': 6}",55,0.0,0.0,0.0,0.0,0.0,0.0,0.0,0.0,0.0,0.0,0.0009420138445559328,0.00047336922805784807,0.0,0.0
225,0.2637200355529785,0.10342202186584473,0.0,0.0,1e-06,"(20, 20)",7,"{'NN__alpha': 1e-06, 'NN__hidden_layer_sizes': (20, 20), 'filter__n': 7}",55,0.0,0.0,0.0,0.0,0.0,0.0,0.0,0.0,0.0,0.0,0.0016115930405067296,0.0005304551085941676,0.0,0.0
226,0.27550597190856935,0.10411696434020996,0.0,0.0,1e-06,"(20, 20)",8,"{'NN__alpha': 1e-06, 'NN__hidden_layer_sizes': (20, 20), 'filter__n': 8}",55,0.0,0.0,0.0,0.0,0.0,0.0,0.0,0.0,0.0,0.0,0.004090084802763994,0.0003687516628932282,0.0,0.0
227,0.2804971694946289,0.10432758331298828,0.0,0.0,1e-06,"(20, 20)",9,"{'NN__alpha': 1e-06, 'NN__hidden_layer_sizes': (20, 20), 'filter__n': 9}",55,0.0,0.0,0.0,0.0,0.0,0.0,0.0,0.0,0.0,0.0,0.0038189591221936886,0.0007865845202935292,0.0,0.0
228,0.2802594661712646,0.10349564552307129,0.0,0.0,1e-06,"(20, 20)",10,"{'NN__alpha': 1e-06, 'NN__hidden_layer_sizes': (20, 20), 'filter__n': 10}",55,0.0,0.0,0.0,0.0,0.0,0.0,0.0,0.0,0.0,0.0,0.005154480821373333,0.000338640047706242,0.0,0.0
229,0.2619509220123291,0.10369668006896973,0.6666666666666665,0.6666666666666721,1e-06,"(20, 20)",11,"{'NN__alpha': 1e-06, 'NN__hidden_layer_sizes': (20, 20), 'filter__n': 11}",7,0.6666666666666669,0.6666666666666732,0.666666666666667,0.6666666666666732,0.6666666666666659,0.6666666666666716,0.6666666666666662,0.6666666666666716,0.6666666666666657,0.6666666666666716,0.0019488045739537692,0.00048025088482746866,5.411651914136522e-16,7.818997388068909e-16
230,0.2775003910064697,0.10364046096801757,0.0,0.0,1e-06,"(20, 5)",2,"{'NN__alpha': 1e-06, 'NN__hidden_layer_sizes': (20, 5), 'filter__n': 2}",55,0.0,0.0,0.0,0.0,0.0,0.0,0.0,0.0,0.0,0.0,0.002702189926059974,0.00042833898931797824,0.0,0.0
231,0.2589456081390381,0.10413537025451661,0.6666666666666665,0.6666666666666721,1e-06,"(20, 5)",3,"{'NN__alpha': 1e-06, 'NN__hidden_layer_sizes': (20, 5), 'filter__n': 3}",7,0.6666666666666669,0.6666666666666732,0.666666666666667,0.6666666666666732,0.6666666666666659,0.6666666666666716,0.6666666666666662,0.6666666666666716,0.6666666666666657,0.6666666666666716,0.0011307075715912328,0.0008593964760302245,5.411651914136522e-16,7.818997388068909e-16
232,0.2748879432678223,0.1037379264831543,0.0,0.0,1e-06,"(20, 5)",4,"{'NN__alpha': 1e-06, 'NN__hidden_layer_sizes': (20, 5), 'filter__n': 4}",55,0.0,0.0,0.0,0.0,0.0,0.0,0.0,0.0,0.0,0.0,0.00492961130511219,2.7200038742209816e-05,0.0,0.0
233,0.25901284217834475,0.10360450744628906,0.6666666666666665,0.6666666666666721,1e-06,"(20, 5)",5,"{'NN__alpha': 1e-06, 'NN__hidden_layer_sizes': (20, 5), 'filter__n': 5}",7,0.6666666666666669,0.6666666666666732,0.666666666666667,0.6666666666666732,0.6666666666666659,0.6666666666666716,0.6666666666666662,0.6666666666666716,0.6666666666666657,0.6666666666666716,0.002308613257521569,0.000518106654478512,5.411651914136522e-16,7.818997388068909e-16
234,0.25927958488464353,0.10342926979064941,0.0,0.0,1e-06,"(20, 5)",6,"{'NN__alpha': 1e-06, 'NN__hidden_layer_sizes': (20, 5), 'filter__n': 6}",55,0.0,0.0,0.0,0.0,0.0,0.0,0.0,0.0,0.0,0.0,0.001463936349901582,0.0003883518670648446,0.0,0.0
235,0.25722270011901854,0.1037966251373291,0.0,0.0,1e-06,"(20, 5)",7,"{'NN__alpha': 1e-06, 'NN__hidden_layer_sizes': (20, 5), 'filter__n': 7}",55,0.0,0.0,0.0,0.0,0.0,0.0,0.0,0.0,0.0,0.0,0.0015033641462635847,0.00041131395596384255,0.0,0.0
236,0.2618203639984131,0.1037210464477539,0.0,0.0,1e-06,"(20, 5)",8,"{'NN__alpha': 1e-06, 'NN__hidden_layer_sizes': (20, 5), 'filter__n': 8}",55,0.0,0.0,0.0,0.0,0.0,0.0,0.0,0.0,0.0,0.0,0.002960968861503599,0.000609537856276154,0.0,0.0
237,0.2608012676239014,0.10352249145507812,0.0,0.015689613232790042,1e-06,"(20, 5)",9,"{'NN__alpha': 1e-06, 'NN__hidden_layer_sizes': (20, 5), 'filter__n': 9}",55,0.0,0.0,0.0,0.0,0.0,0.07844806616395021,0.0,0.0,0.0,0.0,0.0014087465712958756,0.0003851434537088201,0.0,0.031379226465580085
238,0.25949935913085936,0.10376539230346679,0.0,0.0,1e-06,"(20, 5)",10,"{'NN__alpha': 1e-06, 'NN__hidden_layer_sizes': (20, 5), 'filter__n': 10}",55,0.0,0.0,0.0,0.0,0.0,0.0,0.0,0.0,0.0,0.0,0.002268316212986753,0.00022573037943131587,0.0,0.0
239,0.2595646381378174,0.10430755615234374,0.0,0.0,1e-06,"(20, 5)",11,"{'NN__alpha': 1e-06, 'NN__hidden_layer_sizes': (20, 5), 'filter__n': 11}",55,0.0,0.0,0.0,0.0,0.0,0.0,0.0,0.0,0.0,0.0,0.0034350893780395854,0.0006348277734114135,0.0,0.0
