,mean_fit_time,mean_score_time,mean_test_score,mean_train_score,param_NN__alpha,param_NN__hidden_layer_sizes,param_km__n_clusters,params,rank_test_score,split0_test_score,split0_train_score,split1_test_score,split1_train_score,split2_test_score,split2_train_score,split3_test_score,split3_train_score,split4_test_score,split4_train_score,std_fit_time,std_score_time,std_test_score,std_train_score
0,0.08397622108459472,0.001396322250366211,0.0,0.0,0.1,"(200,)",2,"{'km__n_clusters': 2, 'NN__hidden_layer_sizes': (200,), 'NN__alpha': 0.1}",86,0.0,0.0,0.0,0.0,0.0,0.0,0.0,0.0,0.0,0.0,0.006658157226441575,0.0004885971129893826,0.0,0.0
1,0.08996028900146484,0.0015951633453369141,0.0,0.0,0.1,"(200,)",3,"{'km__n_clusters': 3, 'NN__hidden_layer_sizes': (200,), 'NN__alpha': 0.1}",86,0.0,0.0,0.0,0.0,0.0,0.0,0.0,0.0,0.0,0.0,0.005328314480990736,0.00048805303660775303,0.0,0.0
2,0.09833722114562989,0.001196908950805664,0.0,0.0,0.1,"(200,)",4,"{'km__n_clusters': 4, 'NN__hidden_layer_sizes': (200,), 'NN__alpha': 0.1}",86,0.0,0.0,0.0,0.0,0.0,0.0,0.0,0.0,0.0,0.0,0.006811025156690196,0.00039896966451610907,0.0,0.0
3,0.11190109252929688,0.0013957977294921874,0.0,0.0,0.1,"(200,)",5,"{'km__n_clusters': 5, 'NN__hidden_layer_sizes': (200,), 'NN__alpha': 0.1}",86,0.0,0.0,0.0,0.0,0.0,0.0,0.0,0.0,0.0,0.0,0.0020344475677143144,0.0004884417975875618,0.0,0.0
4,0.11430392265319825,0.000997447967529297,0.0,0.0,0.1,"(200,)",6,"{'km__n_clusters': 6, 'NN__hidden_layer_sizes': (200,), 'NN__alpha': 0.1}",86,0.0,0.0,0.0,0.0,0.0,0.0,0.0,0.0,0.0,0.0,0.006067242532716941,4.156969970265077e-07,0.0,0.0
5,0.13009610176086425,0.001100444793701172,0.0,0.0,0.1,"(200,)",7,"{'km__n_clusters': 7, 'NN__hidden_layer_sizes': (200,), 'NN__alpha': 0.1}",86,0.0,0.0,0.0,0.0,0.0,0.0,0.0,0.0,0.0,0.0,0.01152759238430618,0.0002059223130991478,0.0,0.0
6,0.12973780632019044,0.0011968135833740235,0.0,0.0,0.1,"(200,)",8,"{'km__n_clusters': 8, 'NN__hidden_layer_sizes': (200,), 'NN__alpha': 0.1}",86,0.0,0.0,0.0,0.0,0.0,0.0,0.0,0.0,0.0,0.0,0.006832939383162372,0.00039865974532695764,0.0,0.0
7,0.14563608169555664,0.0009009361267089844,0.0812506356702637,0.0858779186450632,0.1,"(200,)",9,"{'km__n_clusters': 9, 'NN__hidden_layer_sizes': (200,), 'NN__alpha': 0.1}",19,0.0,0.0,0.0,0.0,0.0,0.0,0.0,0.0,0.4077105888566147,0.429389593225316,0.019299366848052057,0.0001939301705336424,0.16286521641306823,0.1717558372901264
8,0.14507660865783692,0.0012054920196533203,0.024910634495084887,0.061044291885497,0.1,"(200,)",10,"{'km__n_clusters': 10, 'NN__hidden_layer_sizes': (200,), 'NN__alpha': 0.1}",61,0.0,0.0,0.0,0.0,0.12499999999999994,0.305221459427485,0.0,0.0,0.0,0.0,0.024541380056092483,0.0003954928726539546,0.04993285091938869,0.12208858377099402
9,0.14696969985961914,0.000997018814086914,0.0,0.0,0.1,"(200,)",11,"{'km__n_clusters': 11, 'NN__hidden_layer_sizes': (200,), 'NN__alpha': 0.1}",86,0.0,0.0,0.0,0.0,0.0,0.0,0.0,0.0,0.0,0.0,0.009697708344477876,6.97552625576391e-07,0.0,0.0
10,0.15668373107910155,0.0009007453918457031,0.0,0.0,0.1,"(200,)",12,"{'km__n_clusters': 12, 'NN__hidden_layer_sizes': (200,), 'NN__alpha': 0.1}",86,0.0,0.0,0.0,0.0,0.0,0.0,0.0,0.0,0.0,0.0,0.011301694290154606,0.000193834568741397,0.0,0.0
11,0.20894312858581543,0.0011923789978027343,0.3124139467225593,0.39041021851109653,0.1,"(200,)",13,"{'km__n_clusters': 13, 'NN__hidden_layer_sizes': (200,), 'NN__alpha': 0.1}",5,0.0,0.0,0.0,0.0,0.5413744740532961,0.7015226848974514,0.48492462311557794,0.6278753213897781,0.541374474053296,0.6226530862682531,0.049708580391444455,0.0004014989089461866,0.2570510605390987,0.31998677125344294
12,0.1569422721862793,0.0013012886047363281,0.0,0.0,0.1,"(200,)",14,"{'km__n_clusters': 14, 'NN__hidden_layer_sizes': (200,), 'NN__alpha': 0.1}",86,0.0,0.0,0.0,0.0,0.0,0.0,0.0,0.0,0.0,0.0,0.010349508109567912,0.00040144192258224855,0.0,0.0
13,0.16913299560546874,0.0011935234069824219,0.0,0.0,0.1,"(200,)",15,"{'km__n_clusters': 15, 'NN__hidden_layer_sizes': (200,), 'NN__alpha': 0.1}",86,0.0,0.0,0.0,0.0,0.0,0.0,0.0,0.0,0.0,0.0,0.004669417716291115,0.00039459267399223684,0.0,0.0
14,0.0678703784942627,0.0009963035583496094,0.0,0.0,0.1,"(100,)",2,"{'km__n_clusters': 2, 'NN__hidden_layer_sizes': (100,), 'NN__alpha': 0.1}",86,0.0,0.0,0.0,0.0,0.0,0.0,0.0,0.0,0.0,0.0,0.005392247256451508,3.210782216936574e-06,0.0,0.0
15,0.06955971717834472,0.000997304916381836,0.0,0.0,0.1,"(100,)",3,"{'km__n_clusters': 3, 'NN__hidden_layer_sizes': (100,), 'NN__alpha': 0.1}",86,0.0,0.0,0.0,0.0,0.0,0.0,0.0,0.0,0.0,0.0,0.006513813733194014,3.015782985847835e-07,0.0,0.0
16,0.08496041297912597,0.0009959220886230468,0.0,0.0,0.1,"(100,)",4,"{'km__n_clusters': 4, 'NN__hidden_layer_sizes': (100,), 'NN__alpha': 0.1}",86,0.0,0.0,0.0,0.0,0.0,0.0,0.0,0.0,0.0,0.0,0.003874003159375258,3.84260933263889e-06,0.0,0.0
17,0.09434804916381836,0.0010023117065429688,0.0,0.0,0.1,"(100,)",5,"{'km__n_clusters': 5, 'NN__hidden_layer_sizes': (100,), 'NN__alpha': 0.1}",86,0.0,0.0,0.0,0.0,0.0,0.0,0.0,0.0,0.0,0.0,0.0039821353487853465,0.000312493440800893,0.0,0.0
18,0.10232186317443848,0.0011950969696044923,0.0,0.0,0.1,"(100,)",6,"{'km__n_clusters': 6, 'NN__hidden_layer_sizes': (100,), 'NN__alpha': 0.1}",86,0.0,0.0,0.0,0.0,0.0,0.0,0.0,0.0,0.0,0.0,0.005457407210577208,0.000399896394630926,0.0,0.0
19,0.1054417610168457,0.000997304916381836,0.0,0.0,0.1,"(100,)",7,"{'km__n_clusters': 7, 'NN__hidden_layer_sizes': (100,), 'NN__alpha': 0.1}",86,0.0,0.0,0.0,0.0,0.0,0.0,0.0,0.0,0.0,0.0,0.007208438355598463,3.9895058943465975e-07,0.0,0.0
20,0.11822762489318847,0.000997304916381836,0.0,0.0,0.1,"(100,)",8,"{'km__n_clusters': 8, 'NN__hidden_layer_sizes': (100,), 'NN__alpha': 0.1}",86,0.0,0.0,0.0,0.0,0.0,0.0,0.0,0.0,0.0,0.0,0.009819800475056116,2.132480599880018e-07,0.0,0.0
21,0.12110223770141601,0.0011974334716796874,0.0,0.0,0.1,"(100,)",9,"{'km__n_clusters': 9, 'NN__hidden_layer_sizes': (100,), 'NN__alpha': 0.1}",86,0.0,0.0,0.0,0.0,0.0,0.0,0.0,0.0,0.0,0.0,0.005620306651454384,0.0003983515028656373,0.0,0.0
22,0.12607254981994628,0.000997304916381836,0.0,0.0,0.1,"(100,)",10,"{'km__n_clusters': 10, 'NN__hidden_layer_sizes': (100,), 'NN__alpha': 0.1}",86,0.0,0.0,0.0,0.0,0.0,0.0,0.0,0.0,0.0,0.0,0.011093095529639403,5.840038639982171e-07,0.0,0.0
23,0.1328425884246826,0.000997447967529297,0.0,0.0,0.1,"(100,)",11,"{'km__n_clusters': 11, 'NN__hidden_layer_sizes': (100,), 'NN__alpha': 0.1}",86,0.0,0.0,0.0,0.0,0.0,0.0,0.0,0.0,0.0,0.0,0.010002140339823983,2.86102294921875e-07,0.0,0.0
24,0.14263052940368653,0.0011967182159423827,0.06585962270618334,0.06780908326324628,0.1,"(100,)",12,"{'km__n_clusters': 12, 'NN__hidden_layer_sizes': (100,), 'NN__alpha': 0.1}",26,0.0,0.0,0.0,0.0,0.0,0.0,0.0,0.0,0.3304794520547944,0.33904541631623136,0.019890387783134848,0.00039870742903808847,0.13201424969098655,0.13561816652649256
25,0.1478046417236328,0.0013963699340820313,0.0,0.0,0.1,"(100,)",13,"{'km__n_clusters': 13, 'NN__hidden_layer_sizes': (100,), 'NN__alpha': 0.1}",86,0.0,0.0,0.0,0.0,0.0,0.0,0.0,0.0,0.0,0.0,0.01260610621003303,0.0004888503615571344,0.0,0.0
26,0.16710853576660156,0.0011005878448486328,0.09535162359263179,0.16671035717942456,0.1,"(100,)",14,"{'km__n_clusters': 14, 'NN__hidden_layer_sizes': (100,), 'NN__alpha': 0.1}",17,0.0,0.0,0.0,0.03247899159663864,0.06419424580076498,0.30323212536728633,0.41427421518647706,0.49784066893319784,0.0,0.0,0.03255463538144316,0.0004844490324066303,0.161031765690353,0.20094189331211823
27,0.15311188697814943,0.0010984420776367187,0.0,0.0,0.1,"(100,)",15,"{'km__n_clusters': 15, 'NN__hidden_layer_sizes': (100,), 'NN__alpha': 0.1}",86,0.0,0.0,0.0,0.0,0.0,0.0,0.0,0.0,0.0,0.0,0.011509336079788712,0.00020203615714825519,0.0,0.0
28,0.06622300148010254,0.000997304916381836,0.02565005682552648,0.022560662251056483,0.1,"(20, 20)",2,"{'km__n_clusters': 2, 'NN__hidden_layer_sizes': (20, 20), 'NN__alpha': 0.1}",55,0.0,0.031831658705320356,0.0,0.03247899159663863,0.06451612903225805,0.016218594807535118,0.0,0.01601390354416234,0.06419424580076498,0.016260162601625983,0.007868240665031546,4.76837158203125e-07,0.03150871503161379,0.007837126987861702
29,0.07587757110595703,0.0009975433349609375,0.0551194614885437,0.012610499913333396,0.1,"(20, 20)",3,"{'km__n_clusters': 3, 'NN__hidden_layer_sizes': (20, 20), 'NN__alpha': 0.1}",37,0.0,0.0,0.27412745513635733,0.06305249956666698,0.0,0.0,0.0,0.0,0.0,0.0,0.00641359586394056,3.693564745147149e-07,0.1098708454120286,0.02522099982666679
30,0.09759774208068847,0.0011951923370361328,0.0,0.003239578101456548,0.1,"(20, 20)",4,"{'km__n_clusters': 4, 'NN__hidden_layer_sizes': (20, 20), 'NN__alpha': 0.1}",86,0.0,0.0,0.0,0.0,0.0,0.0,0.0,0.01619789050728274,0.0,0.0,0.005000276046359019,0.00040007731612549583,0.0,0.006479156202913096
31,0.09178009033203124,0.000997304916381836,0.0,0.0,0.1,"(20, 20)",5,"{'km__n_clusters': 5, 'NN__hidden_layer_sizes': (20, 20), 'NN__alpha': 0.1}",86,0.0,0.0,0.0,0.0,0.0,0.0,0.0,0.0,0.0,0.0,0.0009799908459320187,2.132480599880018e-07,0.0,0.0
32,0.09889278411865235,0.0007962226867675781,0.0,0.015516930294099927,0.1,"(20, 20)",6,"{'km__n_clusters': 6, 'NN__hidden_layer_sizes': (20, 20), 'NN__alpha': 0.1}",86,0.0,0.0,0.0,0.0,0.0,0.0,0.0,0.0,0.0,0.07758465147049963,0.005972651828983302,0.00039812392234233864,0.0,0.031033860588199853
33,0.10517077445983887,0.000997447967529297,0.0,0.0,0.1,"(20, 20)",7,"{'km__n_clusters': 7, 'NN__hidden_layer_sizes': (20, 20), 'NN__alpha': 0.1}",86,0.0,0.0,0.0,0.0,0.0,0.0,0.0,0.0,0.0,0.0,0.0075522646393230385,1.9073486328125e-07,0.0,0.0
34,0.11539154052734375,0.0009976863861083985,0.0,0.0,0.1,"(20, 20)",8,"{'km__n_clusters': 8, 'NN__hidden_layer_sizes': (20, 20), 'NN__alpha': 0.1}",86,0.0,0.0,0.0,0.0,0.0,0.0,0.0,0.0,0.0,0.0,0.004208128751713368,2.431401974483864e-07,0.0,0.0
35,0.11735687255859376,0.000997447967529297,0.0,0.0,0.1,"(20, 20)",9,"{'km__n_clusters': 9, 'NN__hidden_layer_sizes': (20, 20), 'NN__alpha': 0.1}",86,0.0,0.0,0.0,0.0,0.0,0.0,0.0,0.0,0.0,0.0,0.0073096005499618455,6.143617022860111e-07,0.0,0.0
36,0.11747846603393555,0.0009010791778564453,0.012792955150643959,0.0,0.1,"(20, 20)",10,"{'km__n_clusters': 10, 'NN__hidden_layer_sizes': (20, 20), 'NN__alpha': 0.1}",67,0.0,0.0,0.0,0.0,0.0,0.0,0.0,0.0,0.06419424580076498,0.0,0.010096504705276546,0.00019316735075675445,0.025643213643617546,0.0
37,0.12475786209106446,0.000997447967529297,0.0,0.0,0.1,"(20, 20)",11,"{'km__n_clusters': 11, 'NN__hidden_layer_sizes': (20, 20), 'NN__alpha': 0.1}",86,0.0,0.0,0.0,0.0,0.0,0.0,0.0,0.0,0.0,0.0,0.0066597604362221095,6.675720214843751e-07,0.0,0.0
38,0.13153448104858398,0.0008081436157226562,0.0,0.0,0.1,"(20, 20)",12,"{'km__n_clusters': 12, 'NN__hidden_layer_sizes': (20, 20), 'NN__alpha': 0.1}",86,0.0,0.0,0.0,0.0,0.0,0.0,0.0,0.0,0.0,0.0,0.014175215745938795,0.0004045457504884727,0.0,0.0
39,0.14380741119384766,0.0009972572326660157,0.03623365017466893,0.04103379721669972,0.1,"(20, 20)",13,"{'km__n_clusters': 13, 'NN__hidden_layer_sizes': (20, 20), 'NN__alpha': 0.1}",49,0.0,0.0,0.0,0.0,0.0,0.0,0.18181818181818177,0.2051689860834986,0.0,0.0,0.013539751641057623,3.504023183989303e-07,0.07262960133729267,0.08206759443339944
40,0.13610777854919434,0.000997304916381836,0.0,0.0,0.1,"(20, 20)",14,"{'km__n_clusters': 14, 'NN__hidden_layer_sizes': (20, 20), 'NN__alpha': 0.1}",86,0.0,0.0,0.0,0.0,0.0,0.0,0.0,0.0,0.0,0.0,0.010729223503534495,5.223489356090222e-07,0.0,0.0
41,0.14726676940917968,0.0010026931762695313,0.0,0.0,0.1,"(20, 20)",15,"{'km__n_clusters': 15, 'NN__hidden_layer_sizes': (20, 20), 'NN__alpha': 0.1}",86,0.0,0.0,0.0,0.0,0.0,0.0,0.0,0.0,0.0,0.0,0.006317050319968873,1.453266362963791e-05,0.0,0.0
42,0.0585444450378418,0.0007983207702636719,0.0,0.0,0.1,"(20, 5)",2,"{'km__n_clusters': 2, 'NN__hidden_layer_sizes': (20, 5), 'NN__alpha': 0.1}",86,0.0,0.0,0.0,0.0,0.0,0.0,0.0,0.0,0.0,0.0,0.00636661883893864,0.0003991609120391113,0.0,0.0
43,0.062104082107543944,0.0009921073913574218,0.0,0.0,0.1,"(20, 5)",3,"{'km__n_clusters': 3, 'NN__hidden_layer_sizes': (20, 5), 'NN__alpha': 0.1}",86,0.0,0.0,0.0,0.0,0.0,0.0,0.0,0.0,0.0,0.0,0.0043114326081647985,8.792959945190052e-06,0.0,0.0
44,0.07302131652832031,0.0009973526000976562,0.0,0.0,0.1,"(20, 5)",4,"{'km__n_clusters': 4, 'NN__hidden_layer_sizes': (20, 5), 'NN__alpha': 0.1}",86,0.0,0.0,0.0,0.0,0.0,0.0,0.0,0.0,0.0,0.0,0.004005216111874932,2.3360154559928684e-07,0.0,0.0
45,0.08917465209960937,0.0009912490844726563,0.0,0.0,0.1,"(20, 5)",5,"{'km__n_clusters': 5, 'NN__hidden_layer_sizes': (20, 5), 'NN__alpha': 0.1}",86,0.0,0.0,0.0,0.0,0.0,0.0,0.0,0.0,0.0,0.0,0.004063413745135383,1.2470545258975367e-05,0.0,0.0
46,0.10173497200012208,0.0009974956512451172,0.012792955150643959,0.009609588469378812,0.1,"(20, 5)",6,"{'km__n_clusters': 6, 'NN__hidden_layer_sizes': (20, 5), 'NN__alpha': 0.1}",67,0.0,0.01639344262295081,0.0,0.0,0.0,0.0,0.0,0.031654499723943255,0.06419424580076498,0.0,0.005013626899967133,3.1629798797182086e-07,0.025643213643617546,0.012720309438461102
47,0.09893574714660644,0.0009978294372558593,0.0,0.0,0.1,"(20, 5)",7,"{'km__n_clusters': 7, 'NN__hidden_layer_sizes': (20, 5), 'NN__alpha': 0.1}",86,0.0,0.0,0.0,0.0,0.0,0.0,0.0,0.0,0.0,0.0,0.009677661942285726,1.0704967651674103e-06,0.0,0.0
48,0.11948018074035645,0.0009974002838134765,0.012542644598210034,0.009570883246629877,0.1,"(20, 5)",8,"{'km__n_clusters': 8, 'NN__hidden_layer_sizes': (20, 5), 'NN__alpha': 0.1}",84,0.0,0.0,0.0,0.0,0.06293820316321537,0.03161506412874759,0.0,0.0,0.0,0.016239352104401795,0.005896769563296221,4.422005889652111e-07,0.02514147132546426,0.012690309736428493
49,0.10811080932617187,0.0009975433349609375,0.0,0.0,0.1,"(20, 5)",9,"{'km__n_clusters': 9, 'NN__hidden_layer_sizes': (20, 5), 'NN__alpha': 0.1}",86,0.0,0.0,0.0,0.0,0.0,0.0,0.0,0.0,0.0,0.0,0.005662961888922857,2.132480599880018e-07,0.0,0.0
50,0.12466640472412109,0.0009980201721191406,0.0,0.00934086932035318,0.1,"(20, 5)",10,"{'km__n_clusters': 10, 'NN__hidden_layer_sizes': (20, 5), 'NN__alpha': 0.1}",86,0.0,0.0,0.0,0.0,0.0,0.0,0.0,0.0467043466017659,0.0,0.0,0.013049340787712077,5.642013342952362e-07,0.0,0.01868173864070636
51,0.15059704780578614,0.000997638702392578,0.11118026186519982,0.13514389897276932,0.1,"(20, 5)",11,"{'km__n_clusters': 11, 'NN__hidden_layer_sizes': (20, 5), 'NN__alpha': 0.1}",15,0.0,0.06153417514950692,0.0,0.031831658705320356,0.0,0.015993718229532553,0.3319002579535683,0.2901878168963788,0.22599531615925048,0.276172125883108,0.016168025890236595,6.843900725558913e-07,0.1406058811362243,0.12183279794221176
52,0.13286337852478028,0.0009974002838134765,0.0,0.0,0.1,"(20, 5)",12,"{'km__n_clusters': 12, 'NN__hidden_layer_sizes': (20, 5), 'NN__alpha': 0.1}",86,0.0,0.0,0.0,0.0,0.0,0.0,0.0,0.0,0.0,0.0,0.011965657401836765,6.503191803448608e-07,0.0,0.0
53,0.1350980281829834,0.0011971473693847656,0.0,0.0,0.1,"(20, 5)",13,"{'km__n_clusters': 13, 'NN__hidden_layer_sizes': (20, 5), 'NN__alpha': 0.1}",86,0.0,0.0,0.0,0.0,0.0,0.0,0.0,0.0,0.0,0.0,0.007828041915299986,0.0003988510787471242,0.0,0.0
54,0.13424835205078126,0.0009973526000976562,0.0,0.0,0.1,"(20, 5)",14,"{'km__n_clusters': 14, 'NN__hidden_layer_sizes': (20, 5), 'NN__alpha': 0.1}",86,0.0,0.0,0.0,0.0,0.0,0.0,0.0,0.0,0.0,0.0,0.003701281339832585,4.101908334275545e-07,0.0,0.0
55,0.1577770233154297,0.0007014751434326171,0.13095773887741904,0.14371138800890798,0.1,"(20, 5)",15,"{'km__n_clusters': 15, 'NN__hidden_layer_sizes': (20, 5), 'NN__alpha': 0.1}",7,0.0,0.0,0.0,0.0,0.17763460653474453,0.16214672049973305,0.4795031055900622,0.5564102195448068,0.0,0.0,0.006584098260326137,0.0003974101853896779,0.1869721652426828,0.2156937997094419
56,0.08111076354980469,0.0011966228485107422,0.0,0.0,0.01,"(200,)",2,"{'km__n_clusters': 2, 'NN__hidden_layer_sizes': (200,), 'NN__alpha': 0.01}",86,0.0,0.0,0.0,0.0,0.0,0.0,0.0,0.0,0.0,0.0,0.0070068880472380505,0.00039899404418583436,0.0,0.0
57,0.08646736145019532,0.0011965274810791016,0.0,0.0,0.01,"(200,)",3,"{'km__n_clusters': 3, 'NN__hidden_layer_sizes': (200,), 'NN__alpha': 0.01}",86,0.0,0.0,0.0,0.0,0.0,0.0,0.0,0.0,0.0,0.0,0.006828917593367164,0.00039868379035580076,0.0,0.0
58,0.09895510673522949,0.000997304916381836,0.0,0.0,0.01,"(200,)",4,"{'km__n_clusters': 4, 'NN__hidden_layer_sizes': (200,), 'NN__alpha': 0.01}",86,0.0,0.0,0.0,0.0,0.0,0.0,0.0,0.0,0.0,0.0,0.004880684654387792,4.264961199760036e-07,0.0,0.0
59,0.11405653953552246,0.0011972427368164063,0.0,0.0,0.01,"(200,)",5,"{'km__n_clusters': 5, 'NN__hidden_layer_sizes': (200,), 'NN__alpha': 0.01}",86,0.0,0.0,0.0,0.0,0.0,0.0,0.0,0.0,0.0,0.0,0.0012622207738935925,0.0003989221660422917,0.0,0.0
60,0.11461343765258789,0.0013002872467041016,0.0,0.0,0.01,"(200,)",6,"{'km__n_clusters': 6, 'NN__hidden_layer_sizes': (200,), 'NN__alpha': 0.01}",86,0.0,0.0,0.0,0.0,0.0,0.0,0.0,0.0,0.0,0.0,0.003130451300409772,0.0004007001523960425,0.0,0.0
61,0.13198394775390626,0.0013939380645751954,0.0,0.0,0.01,"(200,)",7,"{'km__n_clusters': 7, 'NN__hidden_layer_sizes': (200,), 'NN__alpha': 0.01}",86,0.0,0.0,0.0,0.0,0.0,0.0,0.0,0.0,0.0,0.0,0.00830061403948257,0.00048520392993106344,0.0,0.0
62,0.13041377067565918,0.0010106086730957032,0.0,0.0,0.01,"(200,)",8,"{'km__n_clusters': 8, 'NN__hidden_layer_sizes': (200,), 'NN__alpha': 0.01}",86,0.0,0.0,0.0,0.0,0.0,0.0,0.0,0.0,0.0,0.0,0.005054111006594777,2.685334186368028e-05,0.0,0.0
63,0.14751114845275878,0.0011968135833740235,0.0812506356702637,0.08579252787376913,0.01,"(200,)",9,"{'km__n_clusters': 9, 'NN__hidden_layer_sizes': (200,), 'NN__alpha': 0.01}",19,0.0,0.0,0.0,0.0,0.0,0.0,0.0,0.0,0.4077105888566147,0.42896263936884566,0.02082335727174496,0.00039889816388262293,0.16286521641306823,0.17158505574753827
64,0.15348830223083496,0.0011970996856689453,0.024910634495084887,0.06331063179045811,0.01,"(200,)",10,"{'km__n_clusters': 10, 'NN__hidden_layer_sizes': (200,), 'NN__alpha': 0.01}",61,0.0,0.0,0.0,0.0,0.12499999999999994,0.3165531589522905,0.0,0.0,0.0,0.0,0.03612194170119467,0.00039899404418583436,0.04993285091938869,0.12662126358091622
65,0.17982540130615235,0.0011969566345214843,0.04646574407781464,0.08604921115016739,0.01,"(200,)",11,"{'km__n_clusters': 11, 'NN__hidden_layer_sizes': (200,), 'NN__alpha': 0.01}",48,0.0,0.0,0.0,0.0,0.23316218665055866,0.43024605575083696,0.0,0.0,0.0,0.0,0.04037400362969889,0.000398708084856096,0.09313962164848825,0.17209842230033479
66,0.1544931411743164,0.0009976863861083985,0.0,0.0,0.01,"(200,)",12,"{'km__n_clusters': 12, 'NN__hidden_layer_sizes': (200,), 'NN__alpha': 0.01}",86,0.0,0.0,0.0,0.0,0.0,0.0,0.0,0.0,0.0,0.0,0.014506693789412032,7.008046367978606e-07,0.0,0.0
67,0.20655746459960939,0.0015861988067626953,0.22712352086552054,0.2797183105114066,0.01,"(200,)",13,"{'km__n_clusters': 13, 'NN__hidden_layer_sizes': (200,), 'NN__alpha': 0.01}",6,0.0,0.0,0.0,0.0,0.5413744740532961,0.7074407826982488,0.0,0.0,0.5983170947741365,0.6911507698587843,0.04880448581828646,0.0004810430291684653,0.27957713483847013,0.34262229394022875
68,0.16598258018493653,0.0011954307556152344,0.0,0.0,0.01,"(200,)",14,"{'km__n_clusters': 14, 'NN__hidden_layer_sizes': (200,), 'NN__alpha': 0.01}",86,0.0,0.0,0.0,0.0,0.0,0.0,0.0,0.0,0.0,0.0,0.0058159029098110385,0.000399838434922579,0.0,0.0
69,0.17348556518554686,0.001396512985229492,0.0,0.0,0.01,"(200,)",15,"{'km__n_clusters': 15, 'NN__hidden_layer_sizes': (200,), 'NN__alpha': 0.01}",86,0.0,0.0,0.0,0.0,0.0,0.0,0.0,0.0,0.0,0.0,0.005868137857261024,0.000489025405725396,0.0,0.0
70,0.07522320747375488,0.0013957023620605469,0.0,0.0,0.01,"(100,)",2,"{'km__n_clusters': 2, 'NN__hidden_layer_sizes': (100,), 'NN__alpha': 0.01}",86,0.0,0.0,0.0,0.0,0.0,0.0,0.0,0.0,0.0,0.0,0.011662670638240813,0.000489008606696345,0.0,0.0
71,0.0714383602142334,0.0015792369842529297,0.0,0.0,0.01,"(100,)",3,"{'km__n_clusters': 3, 'NN__hidden_layer_sizes': (100,), 'NN__alpha': 0.01}",86,0.0,0.0,0.0,0.0,0.0,0.0,0.0,0.0,0.0,0.0,0.008024281598011619,0.00047566970484117324,0.0,0.0
72,0.0853771686553955,0.0015937328338623048,0.0,0.0,0.01,"(100,)",4,"{'km__n_clusters': 4, 'NN__hidden_layer_sizes': (100,), 'NN__alpha': 0.01}",86,0.0,0.0,0.0,0.0,0.0,0.0,0.0,0.0,0.0,0.0,0.006308149466340781,0.0011915445363538035,0.0,0.0
73,0.09534797668457032,0.0013962268829345703,0.0,0.0,0.01,"(100,)",5,"{'km__n_clusters': 5, 'NN__hidden_layer_sizes': (100,), 'NN__alpha': 0.01}",86,0.0,0.0,0.0,0.0,0.0,0.0,0.0,0.0,0.0,0.0,0.0027728880274587287,0.0004886751662834906,0.0,0.0
74,0.10302896499633789,0.000997018814086914,0.0,0.0,0.01,"(100,)",6,"{'km__n_clusters': 6, 'NN__hidden_layer_sizes': (100,), 'NN__alpha': 0.01}",86,0.0,0.0,0.0,0.0,0.0,0.0,0.0,0.0,0.0,0.0,0.003741213658155044,5.917393515582494e-07,0.0,0.0
75,0.10970950126647949,0.0011963844299316406,0.0,0.0,0.01,"(100,)",7,"{'km__n_clusters': 7, 'NN__hidden_layer_sizes': (100,), 'NN__alpha': 0.01}",86,0.0,0.0,0.0,0.0,0.0,0.0,0.0,0.0,0.0,0.0,0.011444632923723972,0.00039839757409085134,0.0,0.0
76,0.12746191024780273,0.000997161865234375,0.0,0.0,0.01,"(100,)",8,"{'km__n_clusters': 8, 'NN__hidden_layer_sizes': (100,), 'NN__alpha': 0.01}",86,0.0,0.0,0.0,0.0,0.0,0.0,0.0,0.0,0.0,0.0,0.013455711725148665,4.672030911985737e-07,0.0,0.0
77,0.14122185707092286,0.0021942138671875,0.0,0.0,0.01,"(100,)",9,"{'km__n_clusters': 9, 'NN__hidden_layer_sizes': (100,), 'NN__alpha': 0.01}",86,0.0,0.0,0.0,0.0,0.0,0.0,0.0,0.0,0.0,0.0,0.010826030646936803,0.0023935794854070555,0.0,0.0
78,0.1350390911102295,0.0011965274810791016,0.0,0.0,0.01,"(100,)",10,"{'km__n_clusters': 10, 'NN__hidden_layer_sizes': (100,), 'NN__alpha': 0.01}",86,0.0,0.0,0.0,0.0,0.0,0.0,0.0,0.0,0.0,0.0,0.016873224459660257,0.0003992800606663205,0.0,0.0
79,0.13842988014221191,0.0009971141815185546,0.0,0.0,0.01,"(100,)",11,"{'km__n_clusters': 11, 'NN__hidden_layer_sizes': (100,), 'NN__alpha': 0.01}",86,0.0,0.0,0.0,0.0,0.0,0.0,0.0,0.0,0.0,0.0,0.011924207012558783,4.6231077741778654e-07,0.0,0.0
80,0.17273778915405275,0.0009978294372558593,0.06557889115159604,0.06773668457808958,0.01,"(100,)",12,"{'km__n_clusters': 12, 'NN__hidden_layer_sizes': (100,), 'NN__alpha': 0.01}",27,0.0,0.0,0.0,0.0,0.0,0.0,0.0,0.0,0.3290707587382779,0.3386834228904479,0.024359221621502943,5.917393515582494e-07,0.13145152910406852,0.13547336915617916
81,0.14979972839355468,0.0011970996856689453,0.0,0.0,0.01,"(100,)",13,"{'km__n_clusters': 13, 'NN__hidden_layer_sizes': (100,), 'NN__alpha': 0.01}",86,0.0,0.0,0.0,0.0,0.0,0.0,0.0,0.0,0.0,0.0,0.008588815241812398,0.0003988747816202405,0.0,0.0
82,0.16057047843933106,0.0011967658996582032,0.10722962396502252,0.15379088170567382,0.01,"(100,)",14,"{'km__n_clusters': 14, 'NN__hidden_layer_sizes': (100,), 'NN__alpha': 0.01}",16,0.0,0.0,0.0,0.03247899159663864,0.12379730596536237,0.2297843915834782,0.41427421518647706,0.5066910253482523,0.0,0.0,0.02786162649691841,0.00039892222303928974,0.1604927822343046,0.1961292279085115
83,0.15978221893310546,0.000997638702392578,0.0,0.0,0.01,"(100,)",15,"{'km__n_clusters': 15, 'NN__hidden_layer_sizes': (100,), 'NN__alpha': 0.01}",86,0.0,0.0,0.0,0.0,0.0,0.0,0.0,0.0,0.0,0.0,0.010380927920535727,6.325959759436417e-07,0.0,0.0
84,0.06722006797790528,0.000997447967529297,0.02565005682552648,0.022560662251056483,0.01,"(20, 20)",2,"{'km__n_clusters': 2, 'NN__hidden_layer_sizes': (20, 20), 'NN__alpha': 0.01}",55,0.0,0.031831658705320356,0.0,0.03247899159663863,0.06451612903225805,0.016218594807535118,0.0,0.01601390354416234,0.06419424580076498,0.016260162601625983,0.004618108981401437,0.0006307510403285439,0.03150871503161379,0.007837126987861702
85,0.08178110122680664,0.001197052001953125,0.0551194614885437,0.012610499913333396,0.01,"(20, 20)",3,"{'km__n_clusters': 3, 'NN__hidden_layer_sizes': (20, 20), 'NN__alpha': 0.01}",37,0.0,0.0,0.27412745513635733,0.06305249956666698,0.0,0.0,0.0,0.0,0.0,0.0,0.007543176870451612,0.00039913675333742957,0.1098708454120286,0.02522099982666679
86,0.10073966979980468,0.0009972095489501954,0.0,0.003239578101456548,0.01,"(20, 20)",4,"{'km__n_clusters': 4, 'NN__hidden_layer_sizes': (20, 20), 'NN__alpha': 0.01}",86,0.0,0.0,0.0,0.0,0.0,0.0,0.0,0.01619789050728274,0.0,0.0,0.006311625931178083,2.4314019744838644e-07,0.0,0.006479156202913096
87,0.0900637149810791,0.0009974956512451172,0.0,0.0,0.01,"(20, 20)",5,"{'km__n_clusters': 5, 'NN__hidden_layer_sizes': (20, 20), 'NN__alpha': 0.01}",86,0.0,0.0,0.0,0.0,0.0,0.0,0.0,0.0,0.0,0.0,0.0019779285250955646,1.784161275279017e-07,0.0,0.0
88,0.10083551406860351,0.0009967327117919923,0.0,0.015516930294099927,0.01,"(20, 20)",6,"{'km__n_clusters': 6, 'NN__hidden_layer_sizes': (20, 20), 'NN__alpha': 0.01}",86,0.0,0.0,0.0,0.0,0.0,0.0,0.0,0.0,0.0,0.07758465147049963,0.00448425459114537,4.422005889652111e-07,0.0,0.031033860588199853
89,0.10651473999023438,0.000997447967529297,0.0,0.0,0.01,"(20, 20)",7,"{'km__n_clusters': 7, 'NN__hidden_layer_sizes': (20, 20), 'NN__alpha': 0.01}",86,0.0,0.0,0.0,0.0,0.0,0.0,0.0,0.0,0.0,0.0,0.0073117348414126065,1.9073486328124998e-07,0.0,0.0
90,0.11409525871276856,0.000996875762939453,0.0,0.0,0.01,"(20, 20)",8,"{'km__n_clusters': 8, 'NN__hidden_layer_sizes': (20, 20), 'NN__alpha': 0.01}",86,0.0,0.0,0.0,0.0,0.0,0.0,0.0,0.0,0.0,0.0,0.004212923563197229,5.091227651611e-07,0.0,0.0
91,0.11569051742553711,0.0009978771209716796,0.0,0.0,0.01,"(20, 20)",9,"{'km__n_clusters': 9, 'NN__hidden_layer_sizes': (20, 20), 'NN__alpha': 0.01}",86,0.0,0.0,0.0,0.0,0.0,0.0,0.0,0.0,0.0,0.0,0.007383247314523752,3.8738433859996607e-07,0.0,0.0
92,0.11708722114562989,0.0009973526000976562,0.012792955150643959,0.0,0.01,"(20, 20)",10,"{'km__n_clusters': 10, 'NN__hidden_layer_sizes': (20, 20), 'NN__alpha': 0.01}",67,0.0,0.0,0.0,0.0,0.0,0.0,0.0,0.0,0.06419424580076498,0.0,0.008593006736725138,4.101908334275545e-07,0.025643213643617546,0.0
93,0.12490253448486328,0.000997447967529297,0.0,0.0,0.01,"(20, 20)",11,"{'km__n_clusters': 11, 'NN__hidden_layer_sizes': (20, 20), 'NN__alpha': 0.01}",86,0.0,0.0,0.0,0.0,0.0,0.0,0.0,0.0,0.0,0.0,0.006192936286690837,1.9073486328125e-07,0.0,0.0
94,0.13037405014038086,0.000993490219116211,0.0,0.0,0.01,"(20, 20)",12,"{'km__n_clusters': 12, 'NN__hidden_layer_sizes': (20, 20), 'NN__alpha': 0.01}",86,0.0,0.0,0.0,0.0,0.0,0.0,0.0,0.0,0.0,0.0,0.013741288783740533,4.581112336912326e-06,0.0,0.0
95,0.13955883979797362,0.0009955406188964845,0.03623365017466893,0.046218440351564596,0.01,"(20, 20)",13,"{'km__n_clusters': 13, 'NN__hidden_layer_sizes': (20, 20), 'NN__alpha': 0.01}",49,0.0,0.0,0.0,0.0,0.0,0.0,0.18181818181818177,0.23109220175782297,0.0,0.0,0.01555411231438433,3.183044294028976e-06,0.07262960133729267,0.09243688070312919
96,0.1474165439605713,0.0010026454925537109,0.046890606108395086,0.038428781484522626,0.01,"(20, 20)",14,"{'km__n_clusters': 14, 'NN__hidden_layer_sizes': (20, 20), 'NN__alpha': 0.01}",43,0.0,0.0,0.0,0.0,0.0,0.0,0.0,0.0,0.23529411764705874,0.1921439074226131,0.01884492986039596,1.4959773186507729e-05,0.09399124878943754,0.07685756296904525
97,0.14930987358093262,0.0012023448944091797,0.0,0.0,0.01,"(20, 20)",15,"{'km__n_clusters': 15, 'NN__hidden_layer_sizes': (20, 20), 'NN__alpha': 0.01}",86,0.0,0.0,0.0,0.0,0.0,0.0,0.0,0.0,0.0,0.0,0.005791518469661915,0.0002545491008140599,0.0,0.0
98,0.0595395565032959,0.0009974956512451172,0.0,0.0,0.01,"(20, 5)",2,"{'km__n_clusters': 2, 'NN__hidden_layer_sizes': (20, 5), 'NN__alpha': 0.01}",86,0.0,0.0,0.0,0.0,0.0,0.0,0.0,0.0,0.0,0.0,0.004499225216875593,0.0006309018979459329,0.0,0.0
99,0.06420674324035644,0.0005984783172607421,0.0,0.0,0.01,"(20, 5)",3,"{'km__n_clusters': 3, 'NN__hidden_layer_sizes': (20, 5), 'NN__alpha': 0.01}",86,0.0,0.0,0.0,0.0,0.0,0.0,0.0,0.0,0.0,0.0,0.006952992662354737,0.0004886555308230838,0.0,0.0
100,0.0758166790008545,0.000797891616821289,0.0,0.0,0.01,"(20, 5)",4,"{'km__n_clusters': 4, 'NN__hidden_layer_sizes': (20, 5), 'NN__alpha': 0.01}",86,0.0,0.0,0.0,0.0,0.0,0.0,0.0,0.0,0.0,0.0,0.004679940181276552,0.0007463911429113378,0.0,0.0
101,0.08816499710083008,0.000996875762939453,0.0,0.0,0.01,"(20, 5)",5,"{'km__n_clusters': 5, 'NN__hidden_layer_sizes': (20, 5), 'NN__alpha': 0.01}",86,0.0,0.0,0.0,0.0,0.0,0.0,0.0,0.0,0.0,0.0,0.0013517837952644672,6.641573084442196e-07,0.0,0.0
102,0.10112943649291992,0.0009971141815185546,0.012792955150643959,0.009609588469378812,0.01,"(20, 5)",6,"{'km__n_clusters': 6, 'NN__hidden_layer_sizes': (20, 5), 'NN__alpha': 0.01}",67,0.0,0.01639344262295081,0.0,0.0,0.0,0.0,0.0,0.031654499723943255,0.06419424580076498,0.0,0.0075056796267246855,3.504023183989303e-07,0.025643213643617546,0.012720309438461102
103,0.0997392177581787,0.0011908054351806641,0.0,0.0,0.01,"(20, 5)",7,"{'km__n_clusters': 7, 'NN__hidden_layer_sizes': (20, 5), 'NN__alpha': 0.01}",86,0.0,0.0,0.0,0.0,0.0,0.0,0.0,0.0,0.0,0.0,0.004773521523843939,0.00038723970572204406,0.0,0.0
104,0.11948041915893555,0.0009973526000976562,0.0,0.003247870420880359,0.01,"(20, 5)",8,"{'km__n_clusters': 8, 'NN__hidden_layer_sizes': (20, 5), 'NN__alpha': 0.01}",86,0.0,0.0,0.0,0.0,0.0,0.0,0.0,0.0,0.0,0.016239352104401795,0.00415534767348952,4.862803948967729e-07,0.0,0.006495740841760718
105,0.10612430572509765,0.0009975433349609375,0.0,0.0,0.01,"(20, 5)",9,"{'km__n_clusters': 9, 'NN__hidden_layer_sizes': (20, 5), 'NN__alpha': 0.01}",86,0.0,0.0,0.0,0.0,0.0,0.0,0.0,0.0,0.0,0.0,0.004979544756228799,2.132480599880018e-07,0.0,0.0
106,0.12756590843200682,0.0009973526000976562,0.012604299413537955,0.012539612966259692,0.01,"(20, 5)",10,"{'km__n_clusters': 10, 'NN__hidden_layer_sizes': (20, 5), 'NN__alpha': 0.01}",81,0.0,0.0,0.0,0.0,0.0,0.0,0.0,0.0467043466017659,0.06324758315582499,0.015993718229532553,0.010948366881956698,3.504023183989303e-07,0.0252650571258516,0.01817077624971274
107,0.14469923973083496,0.0005985736846923828,0.057894595422436454,0.0959165113348765,0.01,"(20, 5)",11,"{'km__n_clusters': 11, 'NN__hidden_layer_sizes': (20, 5), 'NN__alpha': 0.01}",32,0.0,0.06153417514950692,0.0,0.031831658705320356,0.0,0.015993718229532553,0.06451612903225805,0.09374999999999983,0.22599531615925048,0.27647300459002283,0.009382884341962713,0.0004887334910460959,0.08749839364244752,0.09410845579844053
108,0.1313565731048584,0.0010137557983398438,0.0,0.0,0.01,"(20, 5)",12,"{'km__n_clusters': 12, 'NN__hidden_layer_sizes': (20, 5), 'NN__alpha': 0.01}",86,0.0,0.0,0.0,0.0,0.0,0.0,0.0,0.0,0.0,0.0,0.01232609699375972,0.0003345941909357277,0.0,0.0
109,0.1340573787689209,0.0010046005249023438,0.0,0.0,0.01,"(20, 5)",13,"{'km__n_clusters': 13, 'NN__hidden_layer_sizes': (20, 5), 'NN__alpha': 0.01}",86,0.0,0.0,0.0,0.0,0.0,0.0,0.0,0.0,0.0,0.0,0.011363301945828205,0.00031816030258642163,0.0,0.0
110,0.1326740264892578,0.0009979248046875,0.0,0.0,0.01,"(20, 5)",14,"{'km__n_clusters': 14, 'NN__hidden_layer_sizes': (20, 5), 'NN__alpha': 0.01}",86,0.0,0.0,0.0,0.0,0.0,0.0,0.0,0.0,0.0,0.0,0.005504947513187034,7.776978697919889e-07,0.0,0.0
111,0.159783935546875,0.0011970996856689453,0.13095773887741904,0.14371138800890798,0.01,"(20, 5)",15,"{'km__n_clusters': 15, 'NN__hidden_layer_sizes': (20, 5), 'NN__alpha': 0.01}",7,0.0,0.0,0.0,0.0,0.17763460653474453,0.16214672049973305,0.4795031055900622,0.5564102195448068,0.0,0.0,0.0034206692557192954,0.0003992321207188908,0.1869721652426828,0.2156937997094419
112,0.08365535736083984,0.000997018814086914,0.0,0.0,0.001,"(200,)",2,"{'km__n_clusters': 2, 'NN__hidden_layer_sizes': (200,), 'NN__alpha': 0.001}",86,0.0,0.0,0.0,0.0,0.0,0.0,0.0,0.0,0.0,0.0,0.006361468098648322,3.1629798797182086e-07,0.0,0.0
113,0.08639564514160156,0.0009974956512451172,0.0,0.0,0.001,"(200,)",3,"{'km__n_clusters': 3, 'NN__hidden_layer_sizes': (200,), 'NN__alpha': 0.001}",86,0.0,0.0,0.0,0.0,0.0,0.0,0.0,0.0,0.0,0.0,0.006857872752946992,4.6231077741778654e-07,0.0,0.0
114,0.0987363338470459,0.0011967182159423827,0.0,0.0,0.001,"(200,)",4,"{'km__n_clusters': 4, 'NN__hidden_layer_sizes': (200,), 'NN__alpha': 0.001}",86,0.0,0.0,0.0,0.0,0.0,0.0,0.0,0.0,0.0,0.0,0.001994323735029167,0.0003994226562423946,0.0,0.0
115,0.11110343933105468,0.001396036148071289,0.0,0.0,0.001,"(200,)",5,"{'km__n_clusters': 5, 'NN__hidden_layer_sizes': (200,), 'NN__alpha': 0.001}",86,0.0,0.0,0.0,0.0,0.0,0.0,0.0,0.0,0.0,0.0,0.0031290192300015016,0.0004888310401248935,0.0,0.0
116,0.11808433532714843,0.0011967658996582032,0.0,0.0,0.001,"(200,)",6,"{'km__n_clusters': 6, 'NN__hidden_layer_sizes': (200,), 'NN__alpha': 0.001}",86,0.0,0.0,0.0,0.0,0.0,0.0,0.0,0.0,0.0,0.0,0.004660898877179032,0.0003989221660422917,0.0,0.0
117,0.12686057090759278,0.0009973526000976562,0.0,0.0,0.001,"(200,)",7,"{'km__n_clusters': 7, 'NN__hidden_layer_sizes': (200,), 'NN__alpha': 0.001}",86,0.0,0.0,0.0,0.0,0.0,0.0,0.0,0.0,0.0,0.0,0.009921479429323329,7.294205923451594e-07,0.0,0.0
118,0.13045148849487304,0.001197481155395508,0.0,0.0,0.001,"(200,)",8,"{'km__n_clusters': 8, 'NN__hidden_layer_sizes': (200,), 'NN__alpha': 0.001}",86,0.0,0.0,0.0,0.0,0.0,0.0,0.0,0.0,0.0,0.0,0.0027061970347788096,0.00039868367629362244,0.0,0.0
119,0.14579920768737792,0.001795816421508789,0.0812506356702637,0.0858779186450632,0.001,"(200,)",9,"{'km__n_clusters': 9, 'NN__hidden_layer_sizes': (200,), 'NN__alpha': 0.001}",19,0.0,0.0,0.0,0.0,0.0,0.0,0.0,0.0,0.4077105888566147,0.429389593225316,0.021007218006596367,0.0003986598879132342,0.16286521641306823,0.1717558372901264
120,0.14329934120178223,0.001497507095336914,0.024790215701199526,0.06324203346477658,0.001,"(200,)",10,"{'km__n_clusters': 10, 'NN__hidden_layer_sizes': (200,), 'NN__alpha': 0.001}",66,0.0,0.0,0.0,0.0,0.12439574605220749,0.3162101673238829,0.0,0.0,0.0,0.0,0.027964206815825142,0.00044602087103788287,0.049691473941048114,0.12648406692955316
121,0.1509181499481201,0.0012999534606933593,0.0,0.0,0.001,"(200,)",11,"{'km__n_clusters': 11, 'NN__hidden_layer_sizes': (200,), 'NN__alpha': 0.001}",86,0.0,0.0,0.0,0.0,0.0,0.0,0.0,0.0,0.0,0.0,0.005127128713107956,0.0004008294002742527,0.0,0.0
122,0.15606212615966797,0.0010987281799316405,0.0,0.0,0.001,"(200,)",12,"{'km__n_clusters': 12, 'NN__hidden_layer_sizes': (200,), 'NN__alpha': 0.001}",86,0.0,0.0,0.0,0.0,0.0,0.0,0.0,0.0,0.0,0.0,0.012353713518050603,0.0002026082487996891,0.0,0.0
123,0.2125861644744873,0.001402902603149414,0.32339891425828926,0.40916594853323646,0.001,"(200,)",13,"{'km__n_clusters': 13, 'NN__hidden_layer_sizes': (200,), 'NN__alpha': 0.001}",1,0.0,0.0,0.0,0.0,0.5413744740532961,0.7009690398871821,0.48310387984981235,0.6346082892633126,0.5983170947741365,0.7102524135156874,0.053214458185664504,0.0005005377479347758,0.26771743759701555,0.33509995505562507
124,0.16088471412658692,0.0013086795806884766,0.0,0.0,0.001,"(200,)",14,"{'km__n_clusters': 14, 'NN__hidden_layer_sizes': (200,), 'NN__alpha': 0.001}",86,0.0,0.0,0.0,0.0,0.0,0.0,0.0,0.0,0.0,0.0,0.006946528904760573,0.0005065736279044512,0.0,0.0
125,0.16837496757507325,0.0009969711303710938,0.0,0.0,0.001,"(200,)",15,"{'km__n_clusters': 15, 'NN__hidden_layer_sizes': (200,), 'NN__alpha': 0.001}",86,0.0,0.0,0.0,0.0,0.0,0.0,0.0,0.0,0.0,0.0,0.008012241340815044,4.156969970265077e-07,0.0,0.0
126,0.06868257522583007,0.0013043403625488282,0.0,0.0,0.001,"(100,)",2,"{'km__n_clusters': 2, 'NN__hidden_layer_sizes': (100,), 'NN__alpha': 0.001}",86,0.0,0.0,0.0,0.0,0.0,0.0,0.0,0.0,0.0,0.0,0.0075871866437011645,0.0004029530849959659,0.0,0.0
127,0.07028717994689941,0.0009947776794433593,0.0,0.0,0.001,"(100,)",3,"{'km__n_clusters': 3, 'NN__hidden_layer_sizes': (100,), 'NN__alpha': 0.001}",86,0.0,0.0,0.0,0.0,0.0,0.0,0.0,0.0,0.0,0.0,0.005649016333867118,3.762483891406796e-06,0.0,0.0
128,0.08746576309204102,0.0010102272033691406,0.0,0.0,0.001,"(100,)",4,"{'km__n_clusters': 4, 'NN__hidden_layer_sizes': (100,), 'NN__alpha': 0.001}",86,0.0,0.0,0.0,0.0,0.0,0.0,0.0,0.0,0.0,0.0,0.005846389195892307,1.6044277263756717e-05,0.0,0.0
129,0.09536046981811523,0.000997161865234375,0.0,0.0,0.001,"(100,)",5,"{'km__n_clusters': 5, 'NN__hidden_layer_sizes': (100,), 'NN__alpha': 0.001}",86,0.0,0.0,0.0,0.0,0.0,0.0,0.0,0.0,0.0,0.0,0.003209846313140922,2.4314019744838644e-07,0.0,0.0
130,0.09664535522460938,0.001003122329711914,0.0,0.0,0.001,"(100,)",6,"{'km__n_clusters': 6, 'NN__hidden_layer_sizes': (100,), 'NN__alpha': 0.001}",86,0.0,0.0,0.0,0.0,0.0,0.0,0.0,0.0,0.0,0.0,0.005323625663656612,1.1516974746284887e-05,0.0,0.0
131,0.10752439498901367,0.0009973526000976562,0.0,0.0,0.001,"(100,)",7,"{'km__n_clusters': 7, 'NN__hidden_layer_sizes': (100,), 'NN__alpha': 0.001}",86,0.0,0.0,0.0,0.0,0.0,0.0,0.0,0.0,0.0,0.0,0.00918226075588663,5.722045898437501e-07,0.0,0.0
132,0.11551780700683593,0.0011065006256103516,0.0,0.0,0.001,"(100,)",8,"{'km__n_clusters': 8, 'NN__hidden_layer_sizes': (100,), 'NN__alpha': 0.001}",86,0.0,0.0,0.0,0.0,0.0,0.0,0.0,0.0,0.0,0.0,0.0072748266963887165,0.00020302956836649896,0.0,0.0
133,0.12377243041992188,0.0009975433349609375,0.0,0.0,0.001,"(100,)",9,"{'km__n_clusters': 9, 'NN__hidden_layer_sizes': (100,), 'NN__alpha': 0.001}",86,0.0,0.0,0.0,0.0,0.0,0.0,0.0,0.0,0.0,0.0,0.007520818435966574,1.5078914929239175e-07,0.0,0.0
134,0.1279073715209961,0.000997447967529297,0.0,0.0,0.001,"(100,)",10,"{'km__n_clusters': 10, 'NN__hidden_layer_sizes': (100,), 'NN__alpha': 0.001}",86,0.0,0.0,0.0,0.0,0.0,0.0,0.0,0.0,0.0,0.0,0.008987428798942465,6.843900725558913e-07,0.0,0.0
135,0.12891020774841308,0.0009954452514648437,0.0,0.0,0.001,"(100,)",11,"{'km__n_clusters': 11, 'NN__hidden_layer_sizes': (100,), 'NN__alpha': 0.001}",86,0.0,0.0,0.0,0.0,0.0,0.0,0.0,0.0,0.0,0.0,0.010453439642569612,4.127878781858282e-06,0.0,0.0
136,0.143217134475708,0.0013963699340820313,0.06557889115159604,0.06773668457808958,0.001,"(100,)",12,"{'km__n_clusters': 12, 'NN__hidden_layer_sizes': (100,), 'NN__alpha': 0.001}",27,0.0,0.0,0.0,0.0,0.0,0.0,0.0,0.0,0.3290707587382779,0.3386834228904479,0.016322330806347755,0.0004887528861164533,0.13145152910406852,0.13547336915617916
137,0.1436160087585449,0.0009975910186767578,0.0,0.0,0.001,"(100,)",13,"{'km__n_clusters': 13, 'NN__hidden_layer_sizes': (100,), 'NN__alpha': 0.001}",86,0.0,0.0,0.0,0.0,0.0,0.0,0.0,0.0,0.0,0.0,0.011596372103258862,7.599533772711385e-07,0.0,0.0
138,0.1565915584564209,0.0009978294372558593,0.1152053289881059,0.15554021750053465,0.001,"(100,)",14,"{'km__n_clusters': 14, 'NN__hidden_layer_sizes': (100,), 'NN__alpha': 0.001}",14,0.0,0.0,0.0,0.03247899159663864,0.12379730596536237,0.2297843915834782,0.45429580227540217,0.5154377043225565,0.0,0.0,0.023650428018913455,7.747686771999321e-07,0.17581614211698726,0.19928270484277497
139,0.14880738258361817,0.000997018814086914,0.0,0.0,0.001,"(100,)",15,"{'km__n_clusters': 15, 'NN__hidden_layer_sizes': (100,), 'NN__alpha': 0.001}",86,0.0,0.0,0.0,0.0,0.0,0.0,0.0,0.0,0.0,0.0,0.004436591629343087,3.504023183989303e-07,0.0,0.0
140,0.06402878761291504,0.000997638702392578,0.02565005682552648,0.022560662251056483,0.001,"(20, 20)",2,"{'km__n_clusters': 2, 'NN__hidden_layer_sizes': (20, 20), 'NN__alpha': 0.001}",55,0.0,0.031831658705320356,0.0,0.03247899159663863,0.06451612903225805,0.016218594807535118,0.0,0.01601390354416234,0.06419424580076498,0.016260162601625983,0.00544055628282142,2.86102294921875e-07,0.03150871503161379,0.007837126987861702
141,0.07241153717041016,0.000798177719116211,0.0551194614885437,0.012610499913333396,0.001,"(20, 20)",3,"{'km__n_clusters': 3, 'NN__hidden_layer_sizes': (20, 20), 'NN__alpha': 0.001}",37,0.0,0.0,0.27412745513635733,0.06305249956666698,0.0,0.0,0.0,0.0,0.0,0.0,0.007316268934641297,0.00039908889872717533,0.1098708454120286,0.02522099982666679
142,0.09515581130981446,0.00079803466796875,0.0,0.006427103443980804,0.001,"(20, 20)",4,"{'km__n_clusters': 4, 'NN__hidden_layer_sizes': (20, 20), 'NN__alpha': 0.001}",86,0.0,0.0,0.0,0.0,0.0,0.0,0.0,0.03213551721990402,0.0,0.0,0.006063810146031148,0.00039901736247607795,0.0,0.012854206887961609
143,0.09851369857788086,0.0011004924774169922,0.0,0.0,0.001,"(20, 20)",5,"{'km__n_clusters': 5, 'NN__hidden_layer_sizes': (20, 20), 'NN__alpha': 0.001}",86,0.0,0.0,0.0,0.0,0.0,0.0,0.0,0.0,0.0,0.0,0.004038133554875354,0.00048451673067613027,0.0,0.0
144,0.10383872985839844,0.0011970996856689453,0.0,0.015516930294099927,0.001,"(20, 20)",6,"{'km__n_clusters': 6, 'NN__hidden_layer_sizes': (20, 20), 'NN__alpha': 0.001}",86,0.0,0.0,0.0,0.0,0.0,0.0,0.0,0.0,0.0,0.07758465147049963,0.008464524380537656,0.0003989936452784955,0.0,0.031033860588199853
145,0.11449437141418457,0.0011972427368164063,0.0,0.0,0.001,"(20, 20)",7,"{'km__n_clusters': 7, 'NN__hidden_layer_sizes': (20, 20), 'NN__alpha': 0.001}",86,0.0,0.0,0.0,0.0,0.0,0.0,0.0,0.0,0.0,0.0,0.011011258944794225,0.0003986846458210981,0.0,0.0
146,0.12305145263671875,0.0011952877044677734,0.0,0.0,0.001,"(20, 20)",8,"{'km__n_clusters': 8, 'NN__hidden_layer_sizes': (20, 20), 'NN__alpha': 0.001}",86,0.0,0.0,0.0,0.0,0.0,0.0,0.0,0.0,0.0,0.0,0.005233207881030332,0.00040003206358253624,0.0,0.0
147,0.13486804962158203,0.0009971141815185546,0.0,0.0,0.001,"(20, 20)",9,"{'km__n_clusters': 9, 'NN__hidden_layer_sizes': (20, 20), 'NN__alpha': 0.001}",86,0.0,0.0,0.0,0.0,0.0,0.0,0.0,0.0,0.0,0.0,0.010494743747533248,2.3360154559928684e-07,0.0,0.0
148,0.1300983428955078,0.000997447967529297,0.012792955150643959,0.0,0.001,"(20, 20)",10,"{'km__n_clusters': 10, 'NN__hidden_layer_sizes': (20, 20), 'NN__alpha': 0.001}",67,0.0,0.0,0.0,0.0,0.0,0.0,0.0,0.0,0.06419424580076498,0.0,0.011402126238392499,6.14361702286011e-07,0.025643213643617546,0.0
149,0.1344454288482666,0.0011968135833740235,0.0,0.0,0.001,"(20, 20)",11,"{'km__n_clusters': 11, 'NN__hidden_layer_sizes': (20, 20), 'NN__alpha': 0.001}",86,0.0,0.0,0.0,0.0,0.0,0.0,0.0,0.0,0.0,0.0,0.010877048996646488,0.00039889830638367675,0.0,0.0
150,0.14844245910644532,0.0009956836700439453,0.0,0.0,0.001,"(20, 20)",12,"{'km__n_clusters': 12, 'NN__hidden_layer_sizes': (20, 20), 'NN__alpha': 0.001}",86,0.0,0.0,0.0,0.0,0.0,0.0,0.0,0.0,0.0,0.0,0.012461493824084026,3.6044599893501774e-06,0.0,0.0
151,0.15158634185791015,0.000997781753540039,0.03623365017466893,0.046218440351564596,0.001,"(20, 20)",13,"{'km__n_clusters': 13, 'NN__hidden_layer_sizes': (20, 20), 'NN__alpha': 0.001}",49,0.0,0.0,0.0,0.0,0.0,0.0,0.18181818181818177,0.23109220175782297,0.0,0.0,0.019765233877630316,2.611744678045111e-07,0.07262960133729267,0.09243688070312919
152,0.15659289360046386,0.0013957500457763671,0.046890606108395086,0.038428781484522626,0.001,"(20, 20)",14,"{'km__n_clusters': 14, 'NN__hidden_layer_sizes': (20, 20), 'NN__alpha': 0.001}",43,0.0,0.0,0.0,0.0,0.0,0.0,0.0,0.0,0.23529411764705874,0.1921439074226131,0.017482612666825555,0.0007982016660153054,0.09399124878943754,0.07685756296904525
153,0.15308842658996583,0.0008985519409179688,0.0,0.0,0.001,"(20, 20)",15,"{'km__n_clusters': 15, 'NN__hidden_layer_sizes': (20, 20), 'NN__alpha': 0.001}",86,0.0,0.0,0.0,0.0,0.0,0.0,0.0,0.0,0.0,0.0,0.006568850001337131,0.00019276848516454765,0.0,0.0
154,0.06298394203186035,0.0010155677795410157,0.0,0.0,0.001,"(20, 5)",2,"{'km__n_clusters': 2, 'NN__hidden_layer_sizes': (20, 5), 'NN__alpha': 0.001}",86,0.0,0.0,0.0,0.0,0.0,0.0,0.0,0.0,0.0,0.0,0.008893428321579811,3.60510966720021e-05,0.0,0.0
155,0.06300263404846192,0.0009974002838134765,0.0,0.0,0.001,"(20, 5)",3,"{'km__n_clusters': 3, 'NN__hidden_layer_sizes': (20, 5), 'NN__alpha': 0.001}",86,0.0,0.0,0.0,0.0,0.0,0.0,0.0,0.0,0.0,0.0,0.004985156732085381,2.431401974483864e-07,0.0,0.0
156,0.07377653121948242,0.0009972095489501954,0.0,0.0,0.001,"(20, 5)",4,"{'km__n_clusters': 4, 'NN__hidden_layer_sizes': (20, 5), 'NN__alpha': 0.001}",86,0.0,0.0,0.0,0.0,0.0,0.0,0.0,0.0,0.0,0.0,0.0034850110294710177,4.422005889652111e-07,0.0,0.0
157,0.0896596908569336,0.0009963512420654297,0.0,0.0,0.001,"(20, 5)",5,"{'km__n_clusters': 5, 'NN__hidden_layer_sizes': (20, 5), 'NN__alpha': 0.001}",86,0.0,0.0,0.0,0.0,0.0,0.0,0.0,0.0,0.0,0.0,0.0018835776050142349,2.772224779844023e-06,0.0,0.0
158,0.10073261260986328,0.0014022350311279296,0.012792955150643959,0.009609588469378812,0.001,"(20, 5)",6,"{'km__n_clusters': 6, 'NN__hidden_layer_sizes': (20, 5), 'NN__alpha': 0.001}",67,0.0,0.01639344262295081,0.0,0.0,0.0,0.0,0.0,0.031654499723943255,0.06419424580076498,0.0,0.004575807455262422,0.0004980049841749935,0.025643213643617546,0.012720309438461102
159,0.09625654220581055,0.0009006500244140625,0.0,0.0,0.001,"(20, 5)",7,"{'km__n_clusters': 7, 'NN__hidden_layer_sizes': (20, 5), 'NN__alpha': 0.001}",86,0.0,0.0,0.0,0.0,0.0,0.0,0.0,0.0,0.0,0.0,0.007229521017708193,0.00019414479794214418,0.0,0.0
160,0.12000136375427246,0.0009972095489501954,0.0,0.003247870420880359,0.001,"(20, 5)",8,"{'km__n_clusters': 8, 'NN__hidden_layer_sizes': (20, 5), 'NN__alpha': 0.001}",86,0.0,0.0,0.0,0.0,0.0,0.0,0.0,0.0,0.0,0.016239352104401795,0.0054081471808847025,3.2340669551493016e-07,0.0,0.006495740841760718
161,0.10936822891235351,0.0009973526000976562,0.0,0.0,0.001,"(20, 5)",9,"{'km__n_clusters': 9, 'NN__hidden_layer_sizes': (20, 5), 'NN__alpha': 0.001}",86,0.0,0.0,0.0,0.0,0.0,0.0,0.0,0.0,0.0,0.0,0.004184011101171062,6.641573084442195e-07,0.0,0.0
162,0.1428438186645508,0.00109710693359375,0.012604299413537955,0.012551754802919392,0.001,"(20, 5)",10,"{'km__n_clusters': 10, 'NN__hidden_layer_sizes': (20, 5), 'NN__alpha': 0.001}",81,0.0,0.0,0.0,0.0,0.0,0.0,0.0,0.0467043466017659,0.06324758315582499,0.016054427412831064,0.01881516974569324,0.00020296928617074598,0.0252650571258516,0.01817310038429708
163,0.16638588905334473,0.0011952877044677734,0.057894595422436454,0.0959165113348765,0.001,"(20, 5)",11,"{'km__n_clusters': 11, 'NN__hidden_layer_sizes': (20, 5), 'NN__alpha': 0.001}",32,0.0,0.06153417514950692,0.0,0.031831658705320356,0.0,0.015993718229532553,0.06451612903225805,0.09374999999999983,0.22599531615925048,0.27647300459002283,0.020146166442091683,0.00039955518547552855,0.08749839364244752,0.09410845579844053
164,0.14245452880859374,0.0011967182159423827,0.0,0.0,0.001,"(20, 5)",12,"{'km__n_clusters': 12, 'NN__hidden_layer_sizes': (20, 5), 'NN__alpha': 0.001}",86,0.0,0.0,0.0,0.0,0.0,0.0,0.0,0.0,0.0,0.0,0.019277660463181544,0.0003989458760905677,0.0,0.0
165,0.15212278366088866,0.001196908950805664,0.0,0.0,0.001,"(20, 5)",13,"{'km__n_clusters': 13, 'NN__hidden_layer_sizes': (20, 5), 'NN__alpha': 0.001}",86,0.0,0.0,0.0,0.0,0.0,0.0,0.0,0.0,0.0,0.0,0.014393126947266027,0.00039885050867510976,0.0,0.0
166,0.15181517601013184,0.0011967658996582032,0.0,0.0,0.001,"(20, 5)",14,"{'km__n_clusters': 14, 'NN__hidden_layer_sizes': (20, 5), 'NN__alpha': 0.001}",86,0.0,0.0,0.0,0.0,0.0,0.0,0.0,0.0,0.0,0.0,0.014468800744794877,0.00039892196655273433,0.0,0.0
167,0.16816158294677735,0.0009972095489501954,0.13095773887741904,0.14371138800890798,0.001,"(20, 5)",15,"{'km__n_clusters': 15, 'NN__hidden_layer_sizes': (20, 5), 'NN__alpha': 0.001}",7,0.0,0.0,0.0,0.0,0.17763460653474453,0.16214672049973305,0.4795031055900622,0.5564102195448068,0.0,0.0,0.012360433510453827,6.843900725558913e-07,0.1869721652426828,0.2156937997094419
168,0.08717741966247558,0.0011968612670898438,0.0,0.0,0.0001,"(200,)",2,"{'km__n_clusters': 2, 'NN__hidden_layer_sizes': (200,), 'NN__alpha': 0.0001}",86,0.0,0.0,0.0,0.0,0.0,0.0,0.0,0.0,0.0,0.0,0.006010982379690014,0.00039863594981470973,0.0,0.0
169,0.08877205848693848,0.0011965274810791016,0.0,0.0,0.0001,"(200,)",3,"{'km__n_clusters': 3, 'NN__hidden_layer_sizes': (200,), 'NN__alpha': 0.0001}",86,0.0,0.0,0.0,0.0,0.0,0.0,0.0,0.0,0.0,0.0,0.007373933239437688,0.00039880282496738365,0.0,0.0
170,0.10172810554504394,0.0017952442169189454,0.0,0.0,0.0001,"(200,)",4,"{'km__n_clusters': 4, 'NN__hidden_layer_sizes': (200,), 'NN__alpha': 0.0001}",86,0.0,0.0,0.0,0.0,0.0,0.0,0.0,0.0,0.0,0.0,0.002820804311797684,0.00039885076520761707,0.0,0.0
171,0.1166884422302246,0.0015958786010742188,0.0,0.0,0.0001,"(200,)",5,"{'km__n_clusters': 5, 'NN__hidden_layer_sizes': (200,), 'NN__alpha': 0.0001}",86,0.0,0.0,0.0,0.0,0.0,0.0,0.0,0.0,0.0,0.0,0.003988909738973713,0.0004884417044859074,0.0,0.0
172,0.11948122978210449,0.0011967182159423827,0.0,0.0,0.0001,"(200,)",6,"{'km__n_clusters': 6, 'NN__hidden_layer_sizes': (200,), 'NN__alpha': 0.0001}",86,0.0,0.0,0.0,0.0,0.0,0.0,0.0,0.0,0.0,0.0,0.01111293344429433,0.00039882662762642264,0.0,0.0
173,0.13347921371459961,0.001196908950805664,0.0,0.0,0.0001,"(200,)",7,"{'km__n_clusters': 7, 'NN__hidden_layer_sizes': (200,), 'NN__alpha': 0.0001}",86,0.0,0.0,0.0,0.0,0.0,0.0,0.0,0.0,0.0,0.0,0.010087188903064986,0.00039908892721376917,0.0,0.0
174,0.12962985038757324,0.0011967182159423827,0.0,0.0,0.0001,"(200,)",8,"{'km__n_clusters': 8, 'NN__hidden_layer_sizes': (200,), 'NN__alpha': 0.0001}",86,0.0,0.0,0.0,0.0,0.0,0.0,0.0,0.0,0.0,0.0,0.005134626718000716,0.0003991842946292465,0.0,0.0
175,0.14542689323425292,0.0013946056365966796,0.08157374265198533,0.0820254673709657,0.0001,"(200,)",9,"{'km__n_clusters': 9, 'NN__hidden_layer_sizes': (200,), 'NN__alpha': 0.0001}",18,0.0,0.0,0.0,0.0,0.0,0.0,0.0,0.0,0.4093319194061506,0.4101273368548285,0.019756676351274295,0.0004902025742152756,0.16351287766603645,0.16405093474193141
176,0.1511871337890625,0.0011974334716796874,0.024910634495084887,0.06331063179045811,0.0001,"(200,)",10,"{'km__n_clusters': 10, 'NN__hidden_layer_sizes': (200,), 'NN__alpha': 0.0001}",61,0.0,0.0,0.0,0.0,0.12499999999999994,0.3165531589522905,0.0,0.0,0.0,0.0,0.033553962752658206,0.0003988267416477177,0.04993285091938869,0.12662126358091622
177,0.1523768424987793,0.0013969898223876952,0.0,0.0,0.0001,"(200,)",11,"{'km__n_clusters': 11, 'NN__hidden_layer_sizes': (200,), 'NN__alpha': 0.0001}",86,0.0,0.0,0.0,0.0,0.0,0.0,0.0,0.0,0.0,0.0,0.013141517462528167,0.0004880529900198477,0.0,0.0
178,0.17124123573303224,0.001194906234741211,0.0,0.0,0.0001,"(200,)",12,"{'km__n_clusters': 12, 'NN__hidden_layer_sizes': (200,), 'NN__alpha': 0.0001}",86,0.0,0.0,0.0,0.0,0.0,0.0,0.0,0.0,0.0,0.0,0.024366155530705574,0.00039987037549690617,0.0,0.0
179,0.22096056938171388,0.001608562469482422,0.31846345359224715,0.3932045015049743,0.0001,"(200,)",13,"{'km__n_clusters': 13, 'NN__hidden_layer_sizes': (200,), 'NN__alpha': 0.0001}",2,0.0,0.0,0.0,0.0,0.5413744740532961,0.7015226848974514,0.48310387984981235,0.6351377225854093,0.573551263001486,0.629362100042011,0.05137102461683265,0.000473153678706092,0.26278661053689545,0.32205023118362225
180,0.16821060180664063,0.001497173309326172,0.0,0.0,0.0001,"(200,)",14,"{'km__n_clusters': 14, 'NN__hidden_layer_sizes': (200,), 'NN__alpha': 0.0001}",86,0.0,0.0,0.0,0.0,0.0,0.0,0.0,0.0,0.0,0.0,0.010860271150808964,0.0004458587715001219,0.0,0.0
181,0.17351789474487306,0.001194906234741211,0.0,0.0,0.0001,"(200,)",15,"{'km__n_clusters': 15, 'NN__hidden_layer_sizes': (200,), 'NN__alpha': 0.0001}",86,0.0,0.0,0.0,0.0,0.0,0.0,0.0,0.0,0.0,0.0,0.007162874084091201,0.00039974511766374834,0.0,0.0
182,0.07557916641235352,0.0007977008819580079,0.0,0.0,0.0001,"(100,)",2,"{'km__n_clusters': 2, 'NN__hidden_layer_sizes': (100,), 'NN__alpha': 0.0001}",86,0.0,0.0,0.0,0.0,0.0,0.0,0.0,0.0,0.0,0.0,0.010760653727595522,0.0003988506796967997,0.0,0.0
183,0.07938809394836426,0.0009972572326660157,0.0,0.0,0.0001,"(100,)",3,"{'km__n_clusters': 3, 'NN__hidden_layer_sizes': (100,), 'NN__alpha': 0.0001}",86,0.0,0.0,0.0,0.0,0.0,0.0,0.0,0.0,0.0,0.0,0.0060700467920301844,5.091227651611e-07,0.0,0.0
184,0.08796463012695313,0.0011967182159423827,0.0,0.0,0.0001,"(100,)",4,"{'km__n_clusters': 4, 'NN__hidden_layer_sizes': (100,), 'NN__alpha': 0.0001}",86,0.0,0.0,0.0,0.0,0.0,0.0,0.0,0.0,0.0,0.0,0.004902638622960093,0.00039894593308417833,0.0,0.0
185,0.09674091339111328,0.0011970996856689453,0.0,0.0,0.0001,"(100,)",5,"{'km__n_clusters': 5, 'NN__hidden_layer_sizes': (100,), 'NN__alpha': 0.0001}",86,0.0,0.0,0.0,0.0,0.0,0.0,0.0,0.0,0.0,0.0,0.002184746202705933,0.00039875519828053163,0.0,0.0
186,0.1015284538269043,0.000997447967529297,0.0,0.0,0.0001,"(100,)",6,"{'km__n_clusters': 6, 'NN__hidden_layer_sizes': (100,), 'NN__alpha': 0.0001}",86,0.0,0.0,0.0,0.0,0.0,0.0,0.0,0.0,0.0,0.0,0.006413973503029405,3.8738433859996607e-07,0.0,0.0
187,0.10791950225830078,0.0010053157806396485,0.0,0.0,0.0001,"(100,)",7,"{'km__n_clusters': 7, 'NN__hidden_layer_sizes': (100,), 'NN__alpha': 0.0001}",86,0.0,0.0,0.0,0.0,0.0,0.0,0.0,0.0,0.0,0.0,0.008200431348867462,1.614613146596398e-05,0.0,0.0
188,0.1191601276397705,0.001005840301513672,0.0,0.0,0.0001,"(100,)",8,"{'km__n_clusters': 8, 'NN__hidden_layer_sizes': (100,), 'NN__alpha': 0.0001}",86,0.0,0.0,0.0,0.0,0.0,0.0,0.0,0.0,0.0,0.0,0.003906391507245489,1.744233564320049e-05,0.0,0.0
189,0.13204593658447267,0.001004505157470703,0.0,0.0,0.0001,"(100,)",9,"{'km__n_clusters': 9, 'NN__hidden_layer_sizes': (100,), 'NN__alpha': 0.0001}",86,0.0,0.0,0.0,0.0,0.0,0.0,0.0,0.0,0.0,0.0,0.005603433462371541,1.4048014374430245e-05,0.0,0.0
190,0.1363205909729004,0.001003122329711914,0.0,0.0,0.0001,"(100,)",10,"{'km__n_clusters': 10, 'NN__hidden_layer_sizes': (100,), 'NN__alpha': 0.0001}",86,0.0,0.0,0.0,0.0,0.0,0.0,0.0,0.0,0.0,0.0,0.01174301069590513,1.2114479458548294e-05,0.0,0.0
191,0.13457207679748534,0.0013967990875244141,0.0,0.0,0.0001,"(100,)",11,"{'km__n_clusters': 11, 'NN__hidden_layer_sizes': (100,), 'NN__alpha': 0.0001}",86,0.0,0.0,0.0,0.0,0.0,0.0,0.0,0.0,0.0,0.0,0.002502556135292351,0.00048888931838674,0.0,0.0
192,0.15097498893737793,0.0010042190551757812,0.06557889115159604,0.06773668457808958,0.0001,"(100,)",12,"{'km__n_clusters': 12, 'NN__hidden_layer_sizes': (100,), 'NN__alpha': 0.0001}",27,0.0,0.0,0.0,0.0,0.0,0.0,0.0,0.0,0.3290707587382779,0.3386834228904479,0.0181573075872123,1.2648324712856563e-05,0.13145152910406852,0.13547336915617916
193,0.16365413665771483,0.0015010356903076172,0.0,0.0,0.0001,"(100,)",13,"{'km__n_clusters': 13, 'NN__hidden_layer_sizes': (100,), 'NN__alpha': 0.0001}",86,0.0,0.0,0.0,0.0,0.0,0.0,0.0,0.0,0.0,0.0,0.02261209362996792,0.0003181047621857397,0.0,0.0
194,0.19217472076416015,0.001499032974243164,0.11532458916627074,0.1529795303363984,0.0001,"(100,)",14,"{'km__n_clusters': 14, 'NN__hidden_layer_sizes': (100,), 'NN__alpha': 0.0001}",13,0.0,0.0,0.0,0.03247899159663864,0.12439574605220749,0.21698095576279694,0.45429580227540217,0.5154377043225565,0.0,0.0,0.014564537020346125,0.000635398415511432,0.17582213267217567,0.19839252182804337
195,0.1827240467071533,0.0012043952941894532,0.0,0.0,0.0001,"(100,)",15,"{'km__n_clusters': 15, 'NN__hidden_layer_sizes': (100,), 'NN__alpha': 0.0001}",86,0.0,0.0,0.0,0.0,0.0,0.0,0.0,0.0,0.0,0.0,0.013065618172136546,0.00039536100030557495,0.0,0.0
196,0.06939253807067872,0.000995969772338867,0.02565005682552648,0.022560662251056483,0.0001,"(20, 20)",2,"{'km__n_clusters': 2, 'NN__hidden_layer_sizes': (20, 20), 'NN__alpha': 0.0001}",55,0.0,0.031831658705320356,0.0,0.03247899159663863,0.06451612903225805,0.016218594807535118,0.0,0.01601390354416234,0.06419424580076498,0.016260162601625983,0.015747772690647227,3.6551986497377016e-06,0.03150871503161379,0.007837126987861702
197,0.09100446701049805,0.000995779037475586,0.0551194614885437,0.012610499913333396,0.0001,"(20, 20)",3,"{'km__n_clusters': 3, 'NN__hidden_layer_sizes': (20, 20), 'NN__alpha': 0.0001}",37,0.0,0.0,0.27412745513635733,0.06305249956666698,0.0,0.0,0.0,0.0,0.0,0.0,0.010384231038753595,4.153139417250952e-06,0.1098708454120286,0.02522099982666679
198,0.1305574893951416,0.0009009838104248047,0.0,0.006427103443980804,0.0001,"(20, 20)",4,"{'km__n_clusters': 4, 'NN__hidden_layer_sizes': (20, 20), 'NN__alpha': 0.0001}",86,0.0,0.0,0.0,0.0,0.0,0.0,0.0,0.03213551721990402,0.0,0.0,0.018737259707940494,0.00019264238895748048,0.0,0.012854206887961609
199,0.10293269157409668,0.0011002063751220704,0.0,0.0,0.0001,"(20, 20)",5,"{'km__n_clusters': 5, 'NN__hidden_layer_sizes': (20, 20), 'NN__alpha': 0.0001}",86,0.0,0.0,0.0,0.0,0.0,0.0,0.0,0.0,0.0,0.0,0.008185829993709573,0.000206399700636737,0.0,0.0
200,0.11672930717468262,0.001194000244140625,0.0,0.015516930294099927,0.0001,"(20, 20)",6,"{'km__n_clusters': 6, 'NN__hidden_layer_sizes': (20, 20), 'NN__alpha': 0.0001}",86,0.0,0.0,0.0,0.0,0.0,0.0,0.0,0.0,0.0,0.07758465147049963,0.011529043023879316,0.0004003307653321318,0.0,0.031033860588199853
201,0.11547884941101075,0.0011072635650634765,0.0,0.0,0.0001,"(20, 20)",7,"{'km__n_clusters': 7, 'NN__hidden_layer_sizes': (20, 20), 'NN__alpha': 0.0001}",86,0.0,0.0,0.0,0.0,0.0,0.0,0.0,0.0,0.0,0.0,0.014423376974904135,0.00020184423972280176,0.0,0.0
202,0.11805639266967774,0.0009974956512451172,0.0,0.0,0.0001,"(20, 20)",8,"{'km__n_clusters': 8, 'NN__hidden_layer_sizes': (20, 20), 'NN__alpha': 0.0001}",86,0.0,0.0,0.0,0.0,0.0,0.0,0.0,0.0,0.0,0.0,0.0024722753767090276,3.504023183989303e-07,0.0,0.0
203,0.12197356224060059,0.000997161865234375,0.0,0.0,0.0001,"(20, 20)",9,"{'km__n_clusters': 9, 'NN__hidden_layer_sizes': (20, 20), 'NN__alpha': 0.0001}",86,0.0,0.0,0.0,0.0,0.0,0.0,0.0,0.0,0.0,0.0,0.008652876391011508,4.90933901833868e-07,0.0,0.0
204,0.12247371673583984,0.001100301742553711,0.012792955150643959,0.0,0.0001,"(20, 20)",10,"{'km__n_clusters': 10, 'NN__hidden_layer_sizes': (20, 20), 'NN__alpha': 0.0001}",67,0.0,0.0,0.0,0.0,0.0,0.0,0.0,0.0,0.06419424580076498,0.0,0.009650406109934784,0.0004845574295610667,0.025643213643617546,0.0
205,0.13666090965270997,0.0009978771209716796,0.0,0.0,0.0001,"(20, 20)",11,"{'km__n_clusters': 11, 'NN__hidden_layer_sizes': (20, 20), 'NN__alpha': 0.0001}",86,0.0,0.0,0.0,0.0,0.0,0.0,0.0,0.0,0.0,0.0,0.0051808656168504065,1.1243654367972943e-06,0.0,0.0
206,0.14820332527160646,0.000997638702392578,0.0,0.0,0.0001,"(20, 20)",12,"{'km__n_clusters': 12, 'NN__hidden_layer_sizes': (20, 20), 'NN__alpha': 0.0001}",86,0.0,0.0,0.0,0.0,0.0,0.0,0.0,0.0,0.0,0.0,0.01593992048342774,3.2340669551493016e-07,0.0,0.0
207,0.15378856658935547,0.001396322250366211,0.03623365017466893,0.046218440351564596,0.0001,"(20, 20)",13,"{'km__n_clusters': 13, 'NN__hidden_layer_sizes': (20, 20), 'NN__alpha': 0.0001}",49,0.0,0.0,0.0,0.0,0.0,0.0,0.18181818181818177,0.23109220175782297,0.0,0.0,0.017313450150168067,0.0004886945497105888,0.07262960133729267,0.09243688070312919
208,0.1625753879547119,0.0011972427368164063,0.046890606108395086,0.04108124502407391,0.0001,"(20, 20)",14,"{'km__n_clusters': 14, 'NN__hidden_layer_sizes': (20, 20), 'NN__alpha': 0.0001}",43,0.0,0.0,0.0,0.0,0.0,0.0,0.0,0.0,0.23529411764705874,0.20540622512036957,0.01373391154615183,0.0003984453291228265,0.09399124878943754,0.08216249004814782
209,0.1593843460083008,0.0009976863861083985,0.0,0.0,0.0001,"(20, 20)",15,"{'km__n_clusters': 15, 'NN__hidden_layer_sizes': (20, 20), 'NN__alpha': 0.0001}",86,0.0,0.0,0.0,0.0,0.0,0.0,0.0,0.0,0.0,0.0,0.008372482142789232,1.1680077279964343e-07,0.0,0.0
210,0.06164555549621582,0.0009974956512451172,0.0,0.0,0.0001,"(20, 5)",2,"{'km__n_clusters': 2, 'NN__hidden_layer_sizes': (20, 5), 'NN__alpha': 0.0001}",86,0.0,0.0,0.0,0.0,0.0,0.0,0.0,0.0,0.0,0.0,0.0058868140282881485,3.814697265625e-07,0.0,0.0
211,0.07242884635925292,0.0007962703704833985,0.0,0.0,0.0001,"(20, 5)",3,"{'km__n_clusters': 3, 'NN__hidden_layer_sizes': (20, 5), 'NN__alpha': 0.0001}",86,0.0,0.0,0.0,0.0,0.0,0.0,0.0,0.0,0.0,0.0,0.014183252724968193,0.0003981478169856135,0.0,0.0
212,0.07480602264404297,0.0009981155395507812,0.0,0.0,0.0001,"(20, 5)",4,"{'km__n_clusters': 4, 'NN__hidden_layer_sizes': (20, 5), 'NN__alpha': 0.0001}",86,0.0,0.0,0.0,0.0,0.0,0.0,0.0,0.0,0.0,0.0,0.004587008909002192,1.2759292755374578e-06,0.0,0.0
213,0.09136877059936524,0.0009974002838134765,0.0,0.0,0.0001,"(20, 5)",5,"{'km__n_clusters': 5, 'NN__hidden_layer_sizes': (20, 5), 'NN__alpha': 0.0001}",86,0.0,0.0,0.0,0.0,0.0,0.0,0.0,0.0,0.0,0.0,0.0046676707183921015,2.431401974483864e-07,0.0,0.0
214,0.10540528297424316,0.001396322250366211,0.012792955150643959,0.009609588469378812,0.0001,"(20, 5)",6,"{'km__n_clusters': 6, 'NN__hidden_layer_sizes': (20, 5), 'NN__alpha': 0.0001}",67,0.0,0.01639344262295081,0.0,0.0,0.0,0.0,0.0,0.031654499723943255,0.06419424580076498,0.0,0.008585705075991112,0.0007982732076014188,0.025643213643617546,0.012720309438461102
215,0.10541238784790039,0.0009978294372558593,0.0,0.0,0.0001,"(20, 5)",7,"{'km__n_clusters': 7, 'NN__hidden_layer_sizes': (20, 5), 'NN__alpha': 0.0001}",86,0.0,0.0,0.0,0.0,0.0,0.0,0.0,0.0,0.0,0.0,0.015443060856896111,2.78041453115716e-07,0.0,0.0
216,0.13014731407165528,0.0011966228485107422,0.0,0.003247870420880359,0.0001,"(20, 5)",8,"{'km__n_clusters': 8, 'NN__hidden_layer_sizes': (20, 5), 'NN__alpha': 0.0001}",86,0.0,0.0,0.0,0.0,0.0,0.0,0.0,0.0,0.0,0.016239352104401795,0.008529886403971277,0.00039923203528975524,0.0,0.006495740841760718
217,0.11416306495666503,0.0010037422180175781,0.0,0.0,0.0001,"(20, 5)",9,"{'km__n_clusters': 9, 'NN__hidden_layer_sizes': (20, 5), 'NN__alpha': 0.0001}",86,0.0,0.0,0.0,0.0,0.0,0.0,0.0,0.0,0.0,0.0,0.009119860861293202,1.216916080985772e-05,0.0,0.0
218,0.1356435775756836,0.0007978439331054688,0.012604299413537955,0.01255990069967069,0.0001,"(20, 5)",10,"{'km__n_clusters': 10, 'NN__hidden_layer_sizes': (20, 5), 'NN__alpha': 0.0001}",81,0.0,0.0,0.0,0.0,0.0,0.0,0.0,0.0467043466017659,0.06324758315582499,0.016095156896587543,0.01800845906594364,0.00039892199505124864,0.0252650571258516,0.018174677653789134
219,0.16641125679016114,0.0015953540802001952,0.057894595422436454,0.0959165113348765,0.0001,"(20, 5)",11,"{'km__n_clusters': 11, 'NN__hidden_layer_sizes': (20, 5), 'NN__alpha': 0.0001}",32,0.0,0.06153417514950692,0.0,0.031831658705320356,0.0,0.015993718229532553,0.06451612903225805,0.09374999999999983,0.22599531615925048,0.27647300459002283,0.016529085318513298,0.0011966944346474358,0.08749839364244752,0.09410845579844053
220,0.13427114486694336,0.0009972572326660157,0.0,0.0,0.0001,"(20, 5)",12,"{'km__n_clusters': 12, 'NN__hidden_layer_sizes': (20, 5), 'NN__alpha': 0.0001}",86,0.0,0.0,0.0,0.0,0.0,0.0,0.0,0.0,0.0,0.0,0.015988619722040378,1.784161275279017e-07,0.0,0.0
221,0.1348944664001465,0.0009972572326660157,0.0,0.0,0.0001,"(20, 5)",13,"{'km__n_clusters': 13, 'NN__hidden_layer_sizes': (20, 5), 'NN__alpha': 0.0001}",86,0.0,0.0,0.0,0.0,0.0,0.0,0.0,0.0,0.0,0.0,0.011368242335110475,4.6231077741778654e-07,0.0,0.0
222,0.1470177173614502,0.0009961128234863281,0.0,0.0,0.0001,"(20, 5)",14,"{'km__n_clusters': 14, 'NN__hidden_layer_sizes': (20, 5), 'NN__alpha': 0.0001}",86,0.0,0.0,0.0,0.0,0.0,0.0,0.0,0.0,0.0,0.0,0.019906109628746022,3.0420566382859385e-06,0.0,0.0
223,0.18005385398864746,0.0013962268829345703,0.13095773887741904,0.14371138800890798,0.0001,"(20, 5)",15,"{'km__n_clusters': 15, 'NN__hidden_layer_sizes': (20, 5), 'NN__alpha': 0.0001}",7,0.0,0.0,0.0,0.0,0.17763460653474453,0.16214672049973305,0.4795031055900622,0.5564102195448068,0.0,0.0,0.012960503750803352,0.0004885777489655962,0.1869721652426828,0.2156937997094419
224,0.08375940322875977,0.001402568817138672,0.0,0.0,1e-05,"(200,)",2,"{'km__n_clusters': 2, 'NN__hidden_layer_sizes': (200,), 'NN__alpha': 1e-05}",86,0.0,0.0,0.0,0.0,0.0,0.0,0.0,0.0,0.0,0.0,0.007031557796990795,0.0004963475695934396,0.0,0.0
225,0.10272212028503418,0.00149688720703125,0.0,0.0,1e-05,"(200,)",3,"{'km__n_clusters': 3, 'NN__hidden_layer_sizes': (200,), 'NN__alpha': 1e-05}",86,0.0,0.0,0.0,0.0,0.0,0.0,0.0,0.0,0.0,0.0,0.019675880639157706,0.0004459631752103439,0.0,0.0
226,0.12654380798339843,0.0009972095489501954,0.0,0.0,1e-05,"(200,)",4,"{'km__n_clusters': 4, 'NN__hidden_layer_sizes': (200,), 'NN__alpha': 1e-05}",86,0.0,0.0,0.0,0.0,0.0,0.0,0.0,0.0,0.0,0.0,0.018197332188436485,3.2340669551493016e-07,0.0,0.0
227,0.11775836944580079,0.0011967658996582032,0.0,0.0,1e-05,"(200,)",5,"{'km__n_clusters': 5, 'NN__hidden_layer_sizes': (200,), 'NN__alpha': 1e-05}",86,0.0,0.0,0.0,0.0,0.0,0.0,0.0,0.0,0.0,0.0,0.0056162484503892475,0.0003988028534744118,0.0,0.0
228,0.12332124710083008,0.005794239044189453,0.0,0.0,1e-05,"(200,)",6,"{'km__n_clusters': 6, 'NN__hidden_layer_sizes': (200,), 'NN__alpha': 1e-05}",86,0.0,0.0,0.0,0.0,0.0,0.0,0.0,0.0,0.0,0.0,0.012181628785521448,0.009104010626924966,0.0,0.0
229,0.14007534980773925,0.0013964653015136718,0.0,0.0,1e-05,"(200,)",7,"{'km__n_clusters': 7, 'NN__hidden_layer_sizes': (200,), 'NN__alpha': 1e-05}",86,0.0,0.0,0.0,0.0,0.0,0.0,0.0,0.0,0.0,0.0,0.01094292049464216,0.0004882859159038056,0.0,0.0
230,0.1398608684539795,0.0015958309173583984,0.0,0.0,1e-05,"(200,)",8,"{'km__n_clusters': 8, 'NN__hidden_layer_sizes': (200,), 'NN__alpha': 1e-05}",86,0.0,0.0,0.0,0.0,0.0,0.0,0.0,0.0,0.0,0.0,0.01129028635935451,0.0004885000059230266,0.0,0.0
231,0.1466350555419922,0.0009969234466552734,0.07355119181064815,0.0820254673709657,1e-05,"(200,)",9,"{'km__n_clusters': 9, 'NN__hidden_layer_sizes': (200,), 'NN__alpha': 1e-05}",22,0.0,0.0,0.0,0.0,0.0,0.0,0.0,0.0,0.369075262942221,0.4101273368548285,0.02258760924264517,2.86102294921875e-07,0.14743184066022488,0.16405093474193141
232,0.15123538970947265,0.0011924266815185546,0.024910634495084887,0.06097761862130695,1e-05,"(200,)",10,"{'km__n_clusters': 10, 'NN__hidden_layer_sizes': (200,), 'NN__alpha': 1e-05}",61,0.0,0.0,0.0,0.0,0.12499999999999994,0.30488809310653475,0.0,0.0,0.0,0.0,0.02569463459132731,0.0003902435594057163,0.04993285091938869,0.12195523724261391
233,0.1515962600708008,0.0015957355499267578,0.0,0.0,1e-05,"(200,)",11,"{'km__n_clusters': 11, 'NN__hidden_layer_sizes': (200,), 'NN__alpha': 1e-05}",86,0.0,0.0,0.0,0.0,0.0,0.0,0.0,0.0,0.0,0.0,0.00785206647085561,0.00048599815346569877,0.0,0.0
234,0.16795101165771484,0.0011965274810791016,0.0,0.0,1e-05,"(200,)",12,"{'km__n_clusters': 12, 'NN__hidden_layer_sizes': (200,), 'NN__alpha': 1e-05}",86,0.0,0.0,0.0,0.0,0.0,0.0,0.0,0.0,0.0,0.0,0.01638262050260208,0.000398445157927151,0.0,0.0
235,0.21642165184020995,0.0011966228485107422,0.31846345359224715,0.3930463183103822,1e-05,"(200,)",13,"{'km__n_clusters': 13, 'NN__hidden_layer_sizes': (200,), 'NN__alpha': 1e-05}",2,0.0,0.0,0.0,0.0,0.5413744740532961,0.7074407826982488,0.48310387984981235,0.6351377225854093,0.573551263001486,0.6226530862682531,0.05663582265684151,0.0003988744395974553,0.26278661053689545,0.32222421132756
236,0.16156792640686035,0.0011968135833740235,0.0,0.0,1e-05,"(200,)",14,"{'km__n_clusters': 14, 'NN__hidden_layer_sizes': (200,), 'NN__alpha': 1e-05}",86,0.0,0.0,0.0,0.0,0.0,0.0,0.0,0.0,0.0,0.0,0.0076991737750649455,0.00039854058240354213,0.0,0.0
237,0.17034444808959961,0.000997161865234375,0.0,0.0,1e-05,"(200,)",15,"{'km__n_clusters': 15, 'NN__hidden_layer_sizes': (200,), 'NN__alpha': 1e-05}",86,0.0,0.0,0.0,0.0,0.0,0.0,0.0,0.0,0.0,0.0,0.011517486870300691,3.2340669551493016e-07,0.0,0.0
238,0.06821799278259277,0.0011971473693847656,0.0,0.0,1e-05,"(100,)",2,"{'km__n_clusters': 2, 'NN__hidden_layer_sizes': (100,), 'NN__alpha': 1e-05}",86,0.0,0.0,0.0,0.0,0.0,0.0,0.0,0.0,0.0,0.0,0.004117075529927553,0.0003989696930112163,0.0,0.0
239,0.07360343933105469,0.000997304916381836,0.0,0.0,1e-05,"(100,)",3,"{'km__n_clusters': 3, 'NN__hidden_layer_sizes': (100,), 'NN__alpha': 1e-05}",86,0.0,0.0,0.0,0.0,0.0,0.0,0.0,0.0,0.0,0.0,0.008063034763021561,3.9895058943465975e-07,0.0,0.0
240,0.08816394805908204,0.0011972427368164063,0.0,0.0,1e-05,"(100,)",4,"{'km__n_clusters': 4, 'NN__hidden_layer_sizes': (100,), 'NN__alpha': 1e-05}",86,0.0,0.0,0.0,0.0,0.0,0.0,0.0,0.0,0.0,0.0,0.0031912506221997944,0.0003988027964603535,0.0,0.0
241,0.09713983535766602,0.0009975910186767578,0.0,0.0,1e-05,"(100,)",5,"{'km__n_clusters': 5, 'NN__hidden_layer_sizes': (100,), 'NN__alpha': 1e-05}",86,0.0,0.0,0.0,0.0,0.0,0.0,0.0,0.0,0.0,0.0,0.0026467312796755603,4.1019083342755444e-07,0.0,0.0
242,0.10531864166259766,0.0009975433349609375,0.0,0.0,1e-05,"(100,)",6,"{'km__n_clusters': 6, 'NN__hidden_layer_sizes': (100,), 'NN__alpha': 1e-05}",86,0.0,0.0,0.0,0.0,0.0,0.0,0.0,0.0,0.0,0.0,0.005030188130957791,3.693564745147149e-07,0.0,0.0
243,0.11015520095825196,0.0009974002838134765,0.0,0.0,1e-05,"(100,)",7,"{'km__n_clusters': 7, 'NN__hidden_layer_sizes': (100,), 'NN__alpha': 1e-05}",86,0.0,0.0,0.0,0.0,0.0,0.0,0.0,0.0,0.0,0.0,0.0070742109270444395,4.90933901833868e-07,0.0,0.0
244,0.12403335571289062,0.0009016990661621094,0.0,0.0,1e-05,"(100,)",8,"{'km__n_clusters': 8, 'NN__hidden_layer_sizes': (100,), 'NN__alpha': 1e-05}",86,0.0,0.0,0.0,0.0,0.0,0.0,0.0,0.0,0.0,0.0,0.008978534312547633,0.00019145086129164596,0.0,0.0
245,0.1323709011077881,0.0011971473693847656,0.0,0.0,1e-05,"(100,)",9,"{'km__n_clusters': 9, 'NN__hidden_layer_sizes': (100,), 'NN__alpha': 1e-05}",86,0.0,0.0,0.0,0.0,0.0,0.0,0.0,0.0,0.0,0.0,0.0056328098571920265,0.0003992083251503943,0.0,0.0
246,0.13533267974853516,0.0011970043182373048,0.0,0.0,1e-05,"(100,)",10,"{'km__n_clusters': 10, 'NN__hidden_layer_sizes': (100,), 'NN__alpha': 1e-05}",86,0.0,0.0,0.0,0.0,0.0,0.0,0.0,0.0,0.0,0.0,0.012702322736283845,0.00039880296750250413,0.0,0.0
247,0.14075369834899903,0.0013964176177978516,0.0,0.0,1e-05,"(100,)",11,"{'km__n_clusters': 11, 'NN__hidden_layer_sizes': (100,), 'NN__alpha': 1e-05}",86,0.0,0.0,0.0,0.0,0.0,0.0,0.0,0.0,0.0,0.0,0.011996016894153047,0.0004892007172581154,0.0,0.0
248,0.16273894309997558,0.0010035514831542968,0.06557889115159604,0.06773668457808958,1e-05,"(100,)",12,"{'km__n_clusters': 12, 'NN__hidden_layer_sizes': (100,), 'NN__alpha': 1e-05}",27,0.0,0.0,0.0,0.0,0.0,0.0,0.0,0.0,0.3290707587382779,0.3386834228904479,0.015272951830046674,1.2380698266386286e-05,0.13145152910406852,0.13547336915617916
249,0.16763081550598144,0.0010975360870361327,0.0,0.0,1e-05,"(100,)",13,"{'km__n_clusters': 13, 'NN__hidden_layer_sizes': (100,), 'NN__alpha': 1e-05}",86,0.0,0.0,0.0,0.0,0.0,0.0,0.0,0.0,0.0,0.0,0.0155220276452582,0.00020273978792671203,0.0,0.0
250,0.16871328353881837,0.0009975910186767578,0.07156156163142977,0.09097323449596104,1e-05,"(100,)",14,"{'km__n_clusters': 14, 'NN__hidden_layer_sizes': (100,), 'NN__alpha': 1e-05}",24,0.0,0.0,0.0,0.03247899159663864,0.12379730596536237,0.21698095576279694,0.23529411764705874,0.20540622512036957,0.0,0.0,0.02190469121395246,2.78041453115716e-07,0.09469015004964694,0.0989410838871151
251,0.16021032333374025,0.0011968612670898438,0.0,0.0,1e-05,"(100,)",15,"{'km__n_clusters': 15, 'NN__hidden_layer_sizes': (100,), 'NN__alpha': 1e-05}",86,0.0,0.0,0.0,0.0,0.0,0.0,0.0,0.0,0.0,0.0,0.00826406495720122,0.00039863597833367134,0.0,0.0
252,0.07675023078918457,0.0009959220886230468,0.02565005682552648,0.022560662251056483,1e-05,"(20, 20)",2,"{'km__n_clusters': 2, 'NN__hidden_layer_sizes': (20, 20), 'NN__alpha': 1e-05}",55,0.0,0.031831658705320356,0.0,0.03247899159663863,0.06451612903225805,0.016218594807535118,0.0,0.01601390354416234,0.06419424580076498,0.016260162601625983,0.015465234645977178,4.089139284995717e-06,0.03150871503161379,0.007837126987861702
253,0.09797711372375488,0.0011968135833740235,0.0551194614885437,0.012610499913333396,1e-05,"(20, 20)",3,"{'km__n_clusters': 3, 'NN__hidden_layer_sizes': (20, 20), 'NN__alpha': 1e-05}",37,0.0,0.0,0.27412745513635733,0.06305249956666698,0.0,0.0,0.0,0.0,0.0,0.0,0.01398451800208118,0.0003988983918842846,0.1098708454120286,0.02522099982666679
254,0.10081663131713867,0.0010066509246826171,0.0,0.006427103443980804,1e-05,"(20, 20)",4,"{'km__n_clusters': 4, 'NN__hidden_layer_sizes': (20, 20), 'NN__alpha': 1e-05}",86,0.0,0.0,0.0,0.0,0.0,0.0,0.0,0.03213551721990402,0.0,0.0,0.006324193401194105,1.8218299838116166e-05,0.0,0.012854206887961609
255,0.10795722007751465,0.0009975433349609375,0.0,0.0,1e-05,"(20, 20)",5,"{'km__n_clusters': 5, 'NN__hidden_layer_sizes': (20, 20), 'NN__alpha': 1e-05}",86,0.0,0.0,0.0,0.0,0.0,0.0,0.0,0.0,0.0,0.0,0.02248349210120658,4.523674478771752e-07,0.0,0.0
256,0.10186920166015626,0.00110015869140625,0.0,0.015516930294099927,1e-05,"(20, 20)",6,"{'km__n_clusters': 6, 'NN__hidden_layer_sizes': (20, 20), 'NN__alpha': 1e-05}",86,0.0,0.0,0.0,0.0,0.0,0.0,0.0,0.0,0.0,0.07758465147049963,0.00891748707309918,0.0004846794775634865,0.0,0.031033860588199853
257,0.1136240005493164,0.0010042667388916015,0.0,0.0,1e-05,"(20, 20)",7,"{'km__n_clusters': 7, 'NN__hidden_layer_sizes': (20, 20), 'NN__alpha': 1e-05}",86,0.0,0.0,0.0,0.0,0.0,0.0,0.0,0.0,0.0,0.0,0.012649782711013984,0.0005526754418003485,0.0,0.0
258,0.12435665130615234,0.0011008739471435546,0.0,0.0,1e-05,"(20, 20)",8,"{'km__n_clusters': 8, 'NN__hidden_layer_sizes': (20, 20), 'NN__alpha': 1e-05}",86,0.0,0.0,0.0,0.0,0.0,0.0,0.0,0.0,0.0,0.0,0.006727314438460727,0.00020725751079473905,0.0,0.0
259,0.12893567085266114,0.0009977340698242188,0.0,0.0,1e-05,"(20, 20)",9,"{'km__n_clusters': 9, 'NN__hidden_layer_sizes': (20, 20), 'NN__alpha': 1e-05}",86,0.0,0.0,0.0,0.0,0.0,0.0,0.0,0.0,0.0,0.0,0.009299829970790256,3.814697265625e-07,0.0,0.0
260,0.12452726364135742,0.0011969566345214843,0.012792955150643959,0.0,1e-05,"(20, 20)",10,"{'km__n_clusters': 10, 'NN__hidden_layer_sizes': (20, 20), 'NN__alpha': 1e-05}",67,0.0,0.0,0.0,0.0,0.0,0.0,0.0,0.0,0.06419424580076498,0.0,0.011883898546348312,0.0003990650604326424,0.025643213643617546,0.0
261,0.13284869194030763,0.0011970043182373048,0.0,0.0,1e-05,"(20, 20)",11,"{'km__n_clusters': 11, 'NN__hidden_layer_sizes': (20, 20), 'NN__alpha': 1e-05}",86,0.0,0.0,0.0,0.0,0.0,0.0,0.0,0.0,0.0,0.0,0.005056474931493287,0.0003985643493806144,0.0,0.0
262,0.1422199249267578,0.000997161865234375,0.0,0.0,1e-05,"(20, 20)",12,"{'km__n_clusters': 12, 'NN__hidden_layer_sizes': (20, 20), 'NN__alpha': 1e-05}",86,0.0,0.0,0.0,0.0,0.0,0.0,0.0,0.0,0.0,0.0,0.024434891096565728,3.568322550558034e-07,0.0,0.0
263,0.14878497123718262,0.0009976863861083985,0.03623365017466893,0.046218440351564596,1e-05,"(20, 20)",13,"{'km__n_clusters': 13, 'NN__hidden_layer_sizes': (20, 20), 'NN__alpha': 1e-05}",49,0.0,0.0,0.0,0.0,0.0,0.0,0.18181818181818177,0.23109220175782297,0.0,0.0,0.015195061098625834,2.86102294921875e-07,0.07262960133729267,0.09243688070312919
264,0.15650758743286133,0.0009974002838134765,0.046890606108395086,0.04108124502407391,1e-05,"(20, 20)",14,"{'km__n_clusters': 14, 'NN__hidden_layer_sizes': (20, 20), 'NN__alpha': 1e-05}",43,0.0,0.0,0.0,0.0,0.0,0.0,0.0,0.0,0.23529411764705874,0.20540622512036957,0.01949196313426786,3.2340669551493016e-07,0.09399124878943754,0.08216249004814782
265,0.15181684494018555,0.001001119613647461,0.0,0.0,1e-05,"(20, 20)",15,"{'km__n_clusters': 15, 'NN__hidden_layer_sizes': (20, 20), 'NN__alpha': 1e-05}",86,0.0,0.0,0.0,0.0,0.0,0.0,0.0,0.0,0.0,0.0,0.0056788942826781616,7.393282868695948e-06,0.0,0.0
266,0.05960049629211426,0.0009006023406982422,0.0,0.0,1e-05,"(20, 5)",2,"{'km__n_clusters': 2, 'NN__hidden_layer_sizes': (20, 5), 'NN__alpha': 1e-05}",86,0.0,0.0,0.0,0.0,0.0,0.0,0.0,0.0,0.0,0.0,0.006359920025533918,0.0001932863170417338,0.0,0.0
267,0.06489624977111816,0.0006990909576416015,0.0,0.0,1e-05,"(20, 5)",3,"{'km__n_clusters': 3, 'NN__hidden_layer_sizes': (20, 5), 'NN__alpha': 1e-05}",86,0.0,0.0,0.0,0.0,0.0,0.0,0.0,0.0,0.0,0.0,0.005811064094059572,0.00039560352777133164,0.0,0.0
268,0.07666840553283691,0.0009009361267089844,0.0,0.0,1e-05,"(20, 5)",4,"{'km__n_clusters': 4, 'NN__hidden_layer_sizes': (20, 5), 'NN__alpha': 1e-05}",86,0.0,0.0,0.0,0.0,0.0,0.0,0.0,0.0,0.0,0.0,0.005631681114785684,0.00019333394186173058,0.0,0.0
269,0.08778252601623535,0.0009033203125,0.0,0.0,1e-05,"(20, 5)",5,"{'km__n_clusters': 5, 'NN__hidden_layer_sizes': (20, 5), 'NN__alpha': 1e-05}",86,0.0,0.0,0.0,0.0,0.0,0.0,0.0,0.0,0.0,0.0,0.0021557052025708737,0.00018820789816512742,0.0,0.0
270,0.10077896118164062,0.0009975910186767578,0.012792955150643959,0.009609588469378812,1e-05,"(20, 5)",6,"{'km__n_clusters': 6, 'NN__hidden_layer_sizes': (20, 5), 'NN__alpha': 1e-05}",67,0.0,0.01639344262295081,0.0,0.0,0.0,0.0,0.0,0.031654499723943255,0.06419424580076498,0.0,0.004556752224734439,2.3360154559928684e-07,0.025643213643617546,0.012720309438461102
271,0.0985605239868164,0.0009972572326660157,0.0,0.0,1e-05,"(20, 5)",7,"{'km__n_clusters': 7, 'NN__hidden_layer_sizes': (20, 5), 'NN__alpha': 1e-05}",86,0.0,0.0,0.0,0.0,0.0,0.0,0.0,0.0,0.0,0.0,0.008384076286975845,6.106495129998063e-07,0.0,0.0
272,0.1362765312194824,0.000997447967529297,0.0,0.006450651129712827,1e-05,"(20, 5)",8,"{'km__n_clusters': 8, 'NN__hidden_layer_sizes': (20, 5), 'NN__alpha': 1e-05}",86,0.0,0.0,0.0,0.0,0.0,0.01601390354416234,0.0,0.0,0.0,0.016239352104401795,0.020486986779366313,1.9073486328124998e-07,0.0,0.007900723555550432
273,0.12132658958435058,0.0009982585906982422,0.0,0.0,1e-05,"(20, 5)",9,"{'km__n_clusters': 9, 'NN__hidden_layer_sizes': (20, 5), 'NN__alpha': 1e-05}",86,0.0,0.0,0.0,0.0,0.0,0.0,0.0,0.0,0.0,0.0,0.023944094469056067,1.7968600922981998e-06,0.0,0.0
274,0.13512535095214845,0.0009972572326660157,0.012666563365852484,0.012563989167109232,1e-05,"(20, 5)",10,"{'km__n_clusters': 10, 'NN__hidden_layer_sizes': (20, 5), 'NN__alpha': 1e-05}",79,0.0,0.0,0.0,0.0,0.0,0.0,0.0,0.0467043466017659,0.06356001975959161,0.01611559923378026,0.008304567784091662,1.049041748046875e-06,0.02538986392871271,0.01817547474596199
275,0.17092270851135255,0.0009969234466552734,0.057894595422436454,0.0959165113348765,1e-05,"(20, 5)",11,"{'km__n_clusters': 11, 'NN__hidden_layer_sizes': (20, 5), 'NN__alpha': 1e-05}",32,0.0,0.06153417514950692,0.0,0.031831658705320356,0.0,0.015993718229532553,0.06451612903225805,0.09374999999999983,0.22599531615925048,0.27647300459002283,0.024345614624680562,0.0006306005756964133,0.08749839364244752,0.09410845579844053
276,0.14199471473693848,0.001197481155395508,0.0,0.0,1e-05,"(20, 5)",12,"{'km__n_clusters': 12, 'NN__hidden_layer_sizes': (20, 5), 'NN__alpha': 1e-05}",86,0.0,0.0,0.0,0.0,0.0,0.0,0.0,0.0,0.0,0.0,0.017946151614221074,0.0003992800037204036,0.0,0.0
277,0.15774378776550294,0.0009972572326660157,0.0,0.0,1e-05,"(20, 5)",13,"{'km__n_clusters': 13, 'NN__hidden_layer_sizes': (20, 5), 'NN__alpha': 1e-05}",86,0.0,0.0,0.0,0.0,0.0,0.0,0.0,0.0,0.0,0.0,0.02658960579407147,4.862803948967729e-07,0.0,0.0
278,0.13676843643188477,0.0011963367462158204,0.0,0.0,1e-05,"(20, 5)",14,"{'km__n_clusters': 14, 'NN__hidden_layer_sizes': (20, 5), 'NN__alpha': 1e-05}",86,0.0,0.0,0.0,0.0,0.0,0.0,0.0,0.0,0.0,0.0,0.00826949530069319,0.0003983020925185042,0.0,0.0
279,0.16529159545898436,0.001406240463256836,0.13095773887741904,0.14371138800890798,1e-05,"(20, 5)",15,"{'km__n_clusters': 15, 'NN__hidden_layer_sizes': (20, 5), 'NN__alpha': 1e-05}",7,0.0,0.0,0.0,0.0,0.17763460653474453,0.16214672049973305,0.4795031055900622,0.5564102195448068,0.0,0.0,0.018022955780884756,0.0007932879480982852,0.1869721652426828,0.2156937997094419
280,0.0827791690826416,0.0009974002838134765,0.0,0.0,1e-06,"(200,)",2,"{'km__n_clusters': 2, 'NN__hidden_layer_sizes': (200,), 'NN__alpha': 1e-06}",86,0.0,0.0,0.0,0.0,0.0,0.0,0.0,0.0,0.0,0.0,0.006585551640764032,2.431401974483864e-07,0.0,0.0
281,0.0877657413482666,0.0013963699340820313,0.0,0.0,1e-06,"(200,)",3,"{'km__n_clusters': 3, 'NN__hidden_layer_sizes': (200,), 'NN__alpha': 1e-06}",86,0.0,0.0,0.0,0.0,0.0,0.0,0.0,0.0,0.0,0.0,0.006764318249606551,0.0004883635580085585,0.0,0.0
282,0.10232715606689453,0.0013957977294921874,0.0,0.0,1e-06,"(200,)",4,"{'km__n_clusters': 4, 'NN__hidden_layer_sizes': (200,), 'NN__alpha': 1e-06}",86,0.0,0.0,0.0,0.0,0.0,0.0,0.0,0.0,0.0,0.0,0.0032538967260074955,0.0004885396376177935,0.0,0.0
283,0.11529216766357422,0.0009970664978027344,0.0,0.0,1e-06,"(200,)",5,"{'km__n_clusters': 5, 'NN__hidden_layer_sizes': (200,), 'NN__alpha': 1e-06}",86,0.0,0.0,0.0,0.0,0.0,0.0,0.0,0.0,0.0,0.0,0.002238969495577931,2.611744678045111e-07,0.0,0.0
284,0.11369619369506836,0.0011970996856689453,0.0,0.0,1e-06,"(200,)",6,"{'km__n_clusters': 6, 'NN__hidden_layer_sizes': (200,), 'NN__alpha': 1e-06}",86,0.0,0.0,0.0,0.0,0.0,0.0,0.0,0.0,0.0,0.0,0.006585168908420472,0.00039875619614447393,0.0,0.0
285,0.12805747985839844,0.0013965606689453126,0.0,0.0,1e-06,"(200,)",7,"{'km__n_clusters': 7, 'NN__hidden_layer_sizes': (200,), 'NN__alpha': 1e-06}",86,0.0,0.0,0.0,0.0,0.0,0.0,0.0,0.0,0.0,0.0,0.009453356516577627,0.0004888893648949487,0.0,0.0
286,0.12865619659423827,0.0011968612670898438,0.0,0.0,1e-06,"(200,)",8,"{'km__n_clusters': 8, 'NN__hidden_layer_sizes': (200,), 'NN__alpha': 1e-06}",86,0.0,0.0,0.0,0.0,0.0,0.0,0.0,0.0,0.0,0.0,0.003836906946181993,0.0003989936737718901,0.0,0.0
287,0.14225292205810547,0.0015959739685058594,0.07355119181064815,0.0820254673709657,1e-06,"(200,)",9,"{'km__n_clusters': 9, 'NN__hidden_layer_sizes': (200,), 'NN__alpha': 1e-06}",22,0.0,0.0,0.0,0.0,0.0,0.0,0.0,0.0,0.369075262942221,0.4101273368548285,0.02049559757463868,0.0004885192613241603,0.14743184066022488,0.16405093474193141
288,0.14530448913574218,0.0011964797973632812,0.024910634495084887,0.06097761862130695,1e-06,"(200,)",10,"{'km__n_clusters': 10, 'NN__hidden_layer_sizes': (200,), 'NN__alpha': 1e-06}",61,0.0,0.0,0.0,0.0,0.12499999999999994,0.30488809310653475,0.0,0.0,0.0,0.0,0.024783373885877695,0.0003989459900777808,0.04993285091938869,0.12195523724261391
289,0.14670228958129883,0.0011967182159423827,0.0,0.0,1e-06,"(200,)",11,"{'km__n_clusters': 11, 'NN__hidden_layer_sizes': (200,), 'NN__alpha': 1e-06}",86,0.0,0.0,0.0,0.0,0.0,0.0,0.0,0.0,0.0,0.0,0.007410645428737842,0.000398946018574579,0.0,0.0
290,0.15375819206237792,0.0013961315155029297,0.0,0.0,1e-06,"(200,)",12,"{'km__n_clusters': 12, 'NN__hidden_layer_sizes': (200,), 'NN__alpha': 1e-06}",86,0.0,0.0,0.0,0.0,0.0,0.0,0.0,0.0,0.0,0.0,0.012239193795172252,0.0004881693247949158,0.0,0.0
291,0.20803160667419435,0.001100015640258789,0.31846345359224715,0.39293529867403953,1e-06,"(200,)",13,"{'km__n_clusters': 13, 'NN__hidden_layer_sizes': (200,), 'NN__alpha': 1e-06}",2,0.0,0.0,0.0,0.0,0.5413744740532961,0.7068856845165352,0.48310387984981235,0.6351377225854093,0.573551263001486,0.6226530862682531,0.0507572363459441,0.00048461182079654523,0.26278661053689545,0.32211594767862345
292,0.15937395095825196,0.0011920928955078125,0.0,0.0,1e-06,"(200,)",14,"{'km__n_clusters': 14, 'NN__hidden_layer_sizes': (200,), 'NN__alpha': 1e-06}",86,0.0,0.0,0.0,0.0,0.0,0.0,0.0,0.0,0.0,0.0,0.004085052742246433,0.00040129112058669587,0.0,0.0
293,0.16956095695495604,0.0012001991271972656,0.0,0.0,1e-06,"(200,)",15,"{'km__n_clusters': 15, 'NN__hidden_layer_sizes': (200,), 'NN__alpha': 1e-06}",86,0.0,0.0,0.0,0.0,0.0,0.0,0.0,0.0,0.0,0.0,0.011911175373492084,0.0002510486277802199,0.0,0.0
294,0.06937265396118164,0.00219874382019043,0.0,0.0,1e-06,"(100,)",2,"{'km__n_clusters': 2, 'NN__hidden_layer_sizes': (100,), 'NN__alpha': 1e-06}",86,0.0,0.0,0.0,0.0,0.0,0.0,0.0,0.0,0.0,0.0,0.006040394410816388,0.0024033546589664096,0.0,0.0
295,0.06917119026184082,0.0009974002838134765,0.0,0.0,1e-06,"(100,)",3,"{'km__n_clusters': 3, 'NN__hidden_layer_sizes': (100,), 'NN__alpha': 1e-06}",86,0.0,0.0,0.0,0.0,0.0,0.0,0.0,0.0,0.0,0.0,0.00781760566100589,6.325959759436417e-07,0.0,0.0
296,0.08866019248962402,0.0011967658996582032,0.0,0.0,1e-06,"(100,)",4,"{'km__n_clusters': 4, 'NN__hidden_layer_sizes': (100,), 'NN__alpha': 1e-06}",86,0.0,0.0,0.0,0.0,0.0,0.0,0.0,0.0,0.0,0.0,0.007098367559409479,0.0003988030245165381,0.0,0.0
297,0.09548063278198242,0.0010000228881835937,0.0,0.0,1e-06,"(100,)",5,"{'km__n_clusters': 5, 'NN__hidden_layer_sizes': (100,), 'NN__alpha': 1e-06}",86,0.0,0.0,0.0,0.0,0.0,0.0,0.0,0.0,0.0,0.0,0.0035267574687383144,1.7697404978584698e-05,0.0,0.0
298,0.09786834716796874,0.0009975910186767578,0.0,0.0,1e-06,"(100,)",6,"{'km__n_clusters': 6, 'NN__hidden_layer_sizes': (100,), 'NN__alpha': 1e-06}",86,0.0,0.0,0.0,0.0,0.0,0.0,0.0,0.0,0.0,0.0,0.004001084387994435,9.536743164062499e-08,0.0,0.0
299,0.10553789138793945,0.001306629180908203,0.0,0.0,1e-06,"(100,)",7,"{'km__n_clusters': 7, 'NN__hidden_layer_sizes': (100,), 'NN__alpha': 1e-06}",86,0.0,0.0,0.0,0.0,0.0,0.0,0.0,0.0,0.0,0.0,0.007586935643707036,0.0004069415751524125,0.0,0.0
300,0.11672568321228027,0.0011970043182373048,0.0,0.0,1e-06,"(100,)",8,"{'km__n_clusters': 8, 'NN__hidden_layer_sizes': (100,), 'NN__alpha': 1e-06}",86,0.0,0.0,0.0,0.0,0.0,0.0,0.0,0.0,0.0,0.0,0.0039919254997980505,0.0003986840469955827,0.0,0.0
301,0.12543325424194335,0.001211690902709961,0.0,0.0,1e-06,"(100,)",9,"{'km__n_clusters': 9, 'NN__hidden_layer_sizes': (100,), 'NN__alpha': 1e-06}",86,0.0,0.0,0.0,0.0,0.0,0.0,0.0,0.0,0.0,0.0,0.00743504073130921,0.000428772105228838,0.0,0.0
302,0.12791109085083008,0.001003408432006836,0.0,0.0,1e-06,"(100,)",10,"{'km__n_clusters': 10, 'NN__hidden_layer_sizes': (100,), 'NN__alpha': 1e-06}",86,0.0,0.0,0.0,0.0,0.0,0.0,0.0,0.0,0.0,0.0,0.009165638880968678,1.2093816207699431e-05,0.0,0.0
303,0.13210034370422363,0.0009974002838134765,0.0,0.0,1e-06,"(100,)",11,"{'km__n_clusters': 11, 'NN__hidden_layer_sizes': (100,), 'NN__alpha': 1e-06}",86,0.0,0.0,0.0,0.0,0.0,0.0,0.0,0.0,0.0,0.0,0.006449221499966518,2.431401974483864e-07,0.0,0.0
304,0.1452120304107666,0.0011968135833740235,0.06557889115159604,0.06773668457808958,1e-06,"(100,)",12,"{'km__n_clusters': 12, 'NN__hidden_layer_sizes': (100,), 'NN__alpha': 1e-06}",27,0.0,0.0,0.0,0.0,0.0,0.0,0.0,0.0,0.3290707587382779,0.3386834228904479,0.015198733409547995,0.000399375057926409,0.13145152910406852,0.13547336915617916
305,0.14501237869262695,0.0011968612670898438,0.0,0.0,1e-06,"(100,)",13,"{'km__n_clusters': 13, 'NN__hidden_layer_sizes': (100,), 'NN__alpha': 1e-06}",86,0.0,0.0,0.0,0.0,0.0,0.0,0.0,0.0,0.0,0.0,0.008978078886067041,0.00039911295777999683,0.0,0.0
306,0.1608582019805908,0.0011972904205322266,0.07156156163142977,0.09097323449596104,1e-06,"(100,)",14,"{'km__n_clusters': 14, 'NN__hidden_layer_sizes': (100,), 'NN__alpha': 1e-06}",24,0.0,0.0,0.0,0.03247899159663864,0.12379730596536237,0.21698095576279694,0.23529411764705874,0.20540622512036957,0.0,0.0,0.01819460645381103,0.00039865977384421705,0.09469015004964694,0.0989410838871151
307,0.1543274402618408,0.0011967182159423827,0.0,0.0,1e-06,"(100,)",15,"{'km__n_clusters': 15, 'NN__hidden_layer_sizes': (100,), 'NN__alpha': 1e-06}",86,0.0,0.0,0.0,0.0,0.0,0.0,0.0,0.0,0.0,0.0,0.0065445638986147085,0.0003988268556689802,0.0,0.0
308,0.06263260841369629,0.0009975910186767578,0.02565005682552648,0.022560662251056483,1e-06,"(20, 20)",2,"{'km__n_clusters': 2, 'NN__hidden_layer_sizes': (20, 20), 'NN__alpha': 1e-06}",55,0.0,0.031831658705320356,0.0,0.03247899159663863,0.06451612903225805,0.016218594807535118,0.0,0.01601390354416234,0.06419424580076498,0.016260162601625983,0.007230412350209697,2.3360154559928684e-07,0.03150871503161379,0.007837126987861702
309,0.07651925086975098,0.0010004520416259765,0.0551194614885437,0.012610499913333396,1e-06,"(20, 20)",3,"{'km__n_clusters': 3, 'NN__hidden_layer_sizes': (20, 20), 'NN__alpha': 1e-06}",37,0.0,0.0,0.27412745513635733,0.06305249956666698,0.0,0.0,0.0,0.0,0.0,0.0,0.00394668334426321,5.5901912268649464e-06,0.1098708454120286,0.02522099982666679
310,0.09887051582336426,0.001203155517578125,0.012442756904447332,0.009680744322842659,1e-06,"(20, 20)",4,"{'km__n_clusters': 4, 'NN__hidden_layer_sizes': (20, 20), 'NN__alpha': 1e-06}",85,0.0,0.0,0.0618819776714514,0.016268204394309274,0.0,0.0,0.0,0.03213551721990402,0.0,0.0,0.007774421021088814,0.00025231146030218495,0.02480242338057182,0.012874485527464929
311,0.09579257965087891,0.0009977340698242188,0.0,0.0,1e-06,"(20, 20)",5,"{'km__n_clusters': 5, 'NN__hidden_layer_sizes': (20, 20), 'NN__alpha': 1e-06}",86,0.0,0.0,0.0,0.0,0.0,0.0,0.0,0.0,0.0,0.0,0.0050090107657309885,4.1019083342755444e-07,0.0,0.0
312,0.09801220893859863,0.0011970043182373048,0.0,0.015516930294099927,1e-06,"(20, 20)",6,"{'km__n_clusters': 6, 'NN__hidden_layer_sizes': (20, 20), 'NN__alpha': 1e-06}",86,0.0,0.0,0.0,0.0,0.0,0.0,0.0,0.0,0.0,0.07758465147049963,0.00728967732199832,0.0003993989744978488,0.0,0.031033860588199853
313,0.1088167667388916,0.0009958744049072266,0.0,0.0,1e-06,"(20, 20)",7,"{'km__n_clusters': 7, 'NN__hidden_layer_sizes': (20, 20), 'NN__alpha': 1e-06}",86,0.0,0.0,0.0,0.0,0.0,0.0,0.0,0.0,0.0,0.0,0.00635395085511381,3.847340155400144e-06,0.0,0.0
314,0.11308588981628417,0.0009973526000976562,0.0,0.0,1e-06,"(20, 20)",8,"{'km__n_clusters': 8, 'NN__hidden_layer_sizes': (20, 20), 'NN__alpha': 1e-06}",86,0.0,0.0,0.0,0.0,0.0,0.0,0.0,0.0,0.0,0.0,0.005105478441785991,5.917393515582494e-07,0.0,0.0
315,0.11915469169616699,0.0007957935333251954,0.0,0.0,1e-06,"(20, 20)",9,"{'km__n_clusters': 9, 'NN__hidden_layer_sizes': (20, 20), 'NN__alpha': 1e-06}",86,0.0,0.0,0.0,0.0,0.0,0.0,0.0,0.0,0.0,0.0,0.006804827305959113,0.0003979166629520224,0.0,0.0
316,0.12053942680358887,0.0009952068328857421,0.012792955150643959,0.0,1e-06,"(20, 20)",10,"{'km__n_clusters': 10, 'NN__hidden_layer_sizes': (20, 20), 'NN__alpha': 1e-06}",67,0.0,0.0,0.0,0.0,0.0,0.0,0.0,0.0,0.06419424580076498,0.0,0.009430331600528,3.6076126707797506e-06,0.025643213643617546,0.0
317,0.12471609115600586,0.0009978294372558593,0.0,0.0,1e-06,"(20, 20)",11,"{'km__n_clusters': 11, 'NN__hidden_layer_sizes': (20, 20), 'NN__alpha': 1e-06}",86,0.0,0.0,0.0,0.0,0.0,0.0,0.0,0.0,0.0,0.0,0.004842180339298913,1.7272039750085635e-05,0.0,0.0
318,0.13520898818969726,0.0009972095489501954,0.0,0.0,1e-06,"(20, 20)",12,"{'km__n_clusters': 12, 'NN__hidden_layer_sizes': (20, 20), 'NN__alpha': 1e-06}",86,0.0,0.0,0.0,0.0,0.0,0.0,0.0,0.0,0.0,0.0,0.01693915738955723,1.9073486328124998e-07,0.0,0.0
319,0.14503893852233887,0.0012984275817871094,0.03623365017466893,0.046218440351564596,1e-06,"(20, 20)",13,"{'km__n_clusters': 13, 'NN__hidden_layer_sizes': (20, 20), 'NN__alpha': 1e-06}",49,0.0,0.0,0.0,0.0,0.0,0.0,0.18181818181818177,0.23109220175782297,0.0,0.0,0.020824427974269484,0.00039990288777847107,0.07262960133729267,0.09243688070312919
320,0.1578577995300293,0.0011970996856689453,0.046890606108395086,0.04369507536553687,1e-06,"(20, 20)",14,"{'km__n_clusters': 14, 'NN__hidden_layer_sizes': (20, 20), 'NN__alpha': 1e-06}",43,0.0,0.0,0.0,0.0,0.0,0.0,0.0,0.0,0.23529411764705874,0.21847537682768436,0.015857102319968102,0.00039923194986060136,0.09399124878943754,0.08739015073107374
321,0.1509110927581787,0.0009975433349609375,0.0,0.0,1e-06,"(20, 20)",15,"{'km__n_clusters': 15, 'NN__hidden_layer_sizes': (20, 20), 'NN__alpha': 1e-06}",86,0.0,0.0,0.0,0.0,0.0,0.0,0.0,0.0,0.0,0.0,0.012129809901561971,1.5078914929239175e-07,0.0,0.0
322,0.0668783187866211,0.000997447967529297,0.0,0.0,1e-06,"(20, 5)",2,"{'km__n_clusters': 2, 'NN__hidden_layer_sizes': (20, 5), 'NN__alpha': 1e-06}",86,0.0,0.0,0.0,0.0,0.0,0.0,0.0,0.0,0.0,0.0,0.016142362716246084,2.86102294921875e-07,0.0,0.0
323,0.06462502479553223,0.0009974956512451172,0.0,0.0,1e-06,"(20, 5)",3,"{'km__n_clusters': 3, 'NN__hidden_layer_sizes': (20, 5), 'NN__alpha': 1e-06}",86,0.0,0.0,0.0,0.0,0.0,0.0,0.0,0.0,0.0,0.0,0.005996681886278746,3.814697265625e-07,0.0,0.0
324,0.07420134544372559,0.0009972572326660157,0.0,0.0,1e-06,"(20, 5)",4,"{'km__n_clusters': 4, 'NN__hidden_layer_sizes': (20, 5), 'NN__alpha': 1e-06}",86,0.0,0.0,0.0,0.0,0.0,0.0,0.0,0.0,0.0,0.0,0.004703416798032977,4.862803948967729e-07,0.0,0.0
325,0.09296069145202637,0.0009971141815185546,0.0,0.0,1e-06,"(20, 5)",5,"{'km__n_clusters': 5, 'NN__hidden_layer_sizes': (20, 5), 'NN__alpha': 1e-06}",86,0.0,0.0,0.0,0.0,0.0,0.0,0.0,0.0,0.0,0.0,0.00800610022945184,1.784161275279017e-07,0.0,0.0
326,0.10474324226379395,0.0009923458099365234,0.012792955150643959,0.009609588469378812,1e-06,"(20, 5)",6,"{'km__n_clusters': 6, 'NN__hidden_layer_sizes': (20, 5), 'NN__alpha': 1e-06}",67,0.0,0.01639344262295081,0.0,0.0,0.0,0.0,0.0,0.031654499723943255,0.06419424580076498,0.0,0.003888532241976936,1.0634003185298423e-05,0.025643213643617546,0.012720309438461102
327,0.10113844871520997,0.0009975433349609375,0.0,0.0,1e-06,"(20, 5)",7,"{'km__n_clusters': 7, 'NN__hidden_layer_sizes': (20, 5), 'NN__alpha': 1e-06}",86,0.0,0.0,0.0,0.0,0.0,0.0,0.0,0.0,0.0,0.0,0.015441236768353541,3.371747880871523e-07,0.0,0.0
328,0.12647972106933594,0.0006037712097167969,0.0,0.006450651129712827,1e-06,"(20, 5)",8,"{'km__n_clusters': 8, 'NN__hidden_layer_sizes': (20, 5), 'NN__alpha': 1e-06}",86,0.0,0.0,0.0,0.0,0.0,0.01601390354416234,0.0,0.0,0.0,0.016239352104401795,0.01324561447032188,0.0004930701565109362,0.0,0.007900723555550432
329,0.11170120239257812,0.0009974956512451172,0.0,0.0,1e-06,"(20, 5)",9,"{'km__n_clusters': 9, 'NN__hidden_layer_sizes': (20, 5), 'NN__alpha': 1e-06}",86,0.0,0.0,0.0,0.0,0.0,0.0,0.0,0.0,0.0,0.0,0.004370406525277486,6.468133910298604e-07,0.0,0.0
330,0.13404135704040526,0.0009975433349609375,0.012666563365852484,0.012563989167109232,1e-06,"(20, 5)",10,"{'km__n_clusters': 10, 'NN__hidden_layer_sizes': (20, 5), 'NN__alpha': 1e-06}",79,0.0,0.0,0.0,0.0,0.0,0.0,0.0,0.0467043466017659,0.06356001975959161,0.01611559923378026,0.01350762689001311,4.264961199760036e-07,0.02538986392871271,0.01817547474596199
331,0.1479391098022461,0.0009976863861083985,0.057894595422436454,0.0959165113348765,1e-06,"(20, 5)",11,"{'km__n_clusters': 11, 'NN__hidden_layer_sizes': (20, 5), 'NN__alpha': 1e-06}",32,0.0,0.06153417514950692,0.0,0.031831658705320356,0.0,0.015993718229532553,0.06451612903225805,0.09374999999999983,0.22599531615925048,0.27647300459002283,0.010323372830517156,2.431401974483864e-07,0.08749839364244752,0.09410845579844053
332,0.13231964111328126,0.0011969566345214843,0.0,0.0,1e-06,"(20, 5)",12,"{'km__n_clusters': 12, 'NN__hidden_layer_sizes': (20, 5), 'NN__alpha': 1e-06}",86,0.0,0.0,0.0,0.0,0.0,0.0,0.0,0.0,0.0,0.0,0.012096730025694547,0.0003990650889209379,0.0,0.0
333,0.13347668647766114,0.0005981922149658203,0.0,0.0,1e-06,"(20, 5)",13,"{'km__n_clusters': 13, 'NN__hidden_layer_sizes': (20, 5), 'NN__alpha': 1e-06}",86,0.0,0.0,0.0,0.0,0.0,0.0,0.0,0.0,0.0,0.0,0.011480619582715535,0.0004884220456740979,0.0,0.0
334,0.13172855377197265,0.0011962890625,0.0,0.0,1e-06,"(20, 5)",14,"{'km__n_clusters': 14, 'NN__hidden_layer_sizes': (20, 5), 'NN__alpha': 1e-06}",86,0.0,0.0,0.0,0.0,0.0,0.0,0.0,0.0,0.0,0.0,0.006272865598380316,0.0003990412150160355,0.0,0.0
335,0.1520944595336914,0.0012023448944091797,0.13095773887741904,0.14371138800890798,1e-06,"(20, 5)",15,"{'km__n_clusters': 15, 'NN__hidden_layer_sizes': (20, 5), 'NN__alpha': 1e-06}",7,0.0,0.0,0.0,0.0,0.17763460653474453,0.16214672049973305,0.4795031055900622,0.5564102195448068,0.0,0.0,0.011657251979529116,0.0003963966253715529,0.1869721652426828,0.2156937997094419
