,mean_fit_time,mean_score_time,mean_test_score,mean_train_score,param_NN__alpha,param_NN__hidden_layer_sizes,param_gmm__n_components,params,rank_test_score,split0_test_score,split0_train_score,split1_test_score,split1_train_score,split2_test_score,split2_train_score,split3_test_score,split3_train_score,split4_test_score,split4_train_score,std_fit_time,std_score_time,std_test_score,std_train_score
0,0.05285878181457519,0.0011966705322265625,0.0,0.0,0.1,"(200,)",2,"{'gmm__n_components': 2, 'NN__alpha': 0.1, 'NN__hidden_layer_sizes': (200,)}",55,0.0,0.0,0.0,0.0,0.0,0.0,0.0,0.0,0.0,0.0,0.015281710410552287,0.00039908912661986914,0.0,0.0
1,0.0744011402130127,0.0011966705322265625,0.0,0.0,0.1,"(200,)",3,"{'gmm__n_components': 3, 'NN__alpha': 0.1, 'NN__hidden_layer_sizes': (200,)}",55,0.0,0.0,0.0,0.0,0.0,0.0,0.0,0.0,0.0,0.0,0.023086996382006113,0.0003988506796967996,0.0,0.0
2,0.0690162181854248,0.0011968612670898438,0.0,0.0,0.1,"(200,)",4,"{'gmm__n_components': 4, 'NN__alpha': 0.1, 'NN__hidden_layer_sizes': (200,)}",55,0.0,0.0,0.0,0.0,0.0,0.0,0.0,0.0,0.0,0.0,0.013549260953690733,0.0003987555689160017,0.0,0.0
3,0.055053091049194335,0.00139617919921875,0.0,0.0,0.1,"(200,)",5,"{'gmm__n_components': 5, 'NN__alpha': 0.1, 'NN__hidden_layer_sizes': (200,)}",55,0.0,0.0,0.0,0.0,0.0,0.0,0.0,0.0,0.0,0.0,0.006687521949766638,0.0004888116760648908,0.0,0.0
4,0.07081103324890137,0.0017948627471923828,0.0,0.0,0.1,"(200,)",6,"{'gmm__n_components': 6, 'NN__alpha': 0.1, 'NN__hidden_layer_sizes': (200,)}",55,0.0,0.0,0.0,0.0,0.0,0.0,0.0,0.0,0.0,0.0,0.013934045622219404,0.0003987793857991793,0.0,0.0
5,0.0696403980255127,0.0015957355499267578,0.0,0.0,0.1,"(200,)",7,"{'gmm__n_components': 7, 'NN__alpha': 0.1, 'NN__hidden_layer_sizes': (200,)}",55,0.0,0.0,0.0,0.0,0.0,0.0,0.0,0.0,0.0,0.0,0.01080121836727412,0.0004886166670358715,0.0,0.0
6,0.07602343559265137,0.001794910430908203,0.0,0.0,0.1,"(200,)",8,"{'gmm__n_components': 8, 'NN__alpha': 0.1, 'NN__hidden_layer_sizes': (200,)}",55,0.0,0.0,0.0,0.0,0.0,0.0,0.0,0.0,0.0,0.0,0.016405772697166966,0.00039892208054677933,0.0,0.0
7,0.07858948707580567,0.001396512985229492,0.0,0.0,0.1,"(200,)",9,"{'gmm__n_components': 9, 'NN__alpha': 0.1, 'NN__hidden_layer_sizes': (200,)}",55,0.0,0.0,0.0,0.0,0.0,0.0,0.0,0.0,0.0,0.0,0.01816577438299718,0.0004884414251808379,0.0,0.0
8,0.08719344139099121,0.0011971950531005859,0.0,0.0,0.1,"(200,)",10,"{'gmm__n_components': 10, 'NN__alpha': 0.1, 'NN__hidden_layer_sizes': (200,)}",55,0.0,0.0,0.0,0.0,0.0,0.0,0.0,0.0,0.0,0.0,0.01662834996782585,0.0003985885941162957,0.0,0.0
9,0.08260579109191894,0.0013959407806396484,0.0,0.0,0.1,"(200,)",11,"{'gmm__n_components': 11, 'NN__alpha': 0.1, 'NN__hidden_layer_sizes': (200,)}",55,0.0,0.0,0.0,0.0,0.0,0.0,0.0,0.0,0.0,0.0,0.014748519807638983,0.00048774066724817654,0.0,0.0
10,0.08936142921447754,0.0021936893463134766,0.0,0.0,0.1,"(200,)",12,"{'gmm__n_components': 12, 'NN__alpha': 0.1, 'NN__hidden_layer_sizes': (200,)}",55,0.0,0.0,0.0,0.0,0.0,0.0,0.0,0.0,0.0,0.0,0.015225040900676154,0.00039863594981470973,0.0,0.0
11,0.11135444641113282,0.0013934612274169923,0.0,0.0,0.1,"(200,)",13,"{'gmm__n_components': 13, 'NN__alpha': 0.1, 'NN__hidden_layer_sizes': (200,)}",55,0.0,0.0,0.0,0.0,0.0,0.0,0.0,0.0,0.0,0.0,0.016204773855271783,0.0004916406297460068,0.0,0.0
12,0.11441287994384766,0.0018021583557128907,0.0,0.0,0.1,"(200,)",14,"{'gmm__n_components': 14, 'NN__alpha': 0.1, 'NN__hidden_layer_sizes': (200,)}",55,0.0,0.0,0.0,0.0,0.0,0.0,0.0,0.0,0.0,0.0,0.022746694366039995,0.0004031239374472596,0.0,0.0
13,0.11668004989624023,0.0015956878662109375,0.0,0.0,0.1,"(200,)",15,"{'gmm__n_components': 15, 'NN__alpha': 0.1, 'NN__hidden_layer_sizes': (200,)}",55,0.0,0.0,0.0,0.0,0.0,0.0,0.0,0.0,0.0,0.0,0.031169106801538914,0.0004885777256966608,0.0,0.0
14,0.03317594528198242,0.0013003826141357421,0.0,0.0,0.1,"(100,)",2,"{'gmm__n_components': 2, 'NN__alpha': 0.1, 'NN__hidden_layer_sizes': (100,)}",55,0.0,0.0,0.0,0.0,0.0,0.0,0.0,0.0,0.0,0.0,0.0034425374633960336,0.00040081268850581563,0.0,0.0
15,0.04130849838256836,0.0013008594512939453,0.0,0.0,0.1,"(100,)",3,"{'gmm__n_components': 3, 'NN__alpha': 0.1, 'NN__hidden_layer_sizes': (100,)}",55,0.0,0.0,0.0,0.0,0.0,0.0,0.0,0.0,0.0,0.0,0.003376539272586716,0.00040143496722266626,0.0,0.0
16,0.042969703674316406,0.0012992382049560546,0.0,0.0,0.1,"(100,)",4,"{'gmm__n_components': 4, 'NN__alpha': 0.1, 'NN__hidden_layer_sizes': (100,)}",55,0.0,0.0,0.0,0.0,0.0,0.0,0.0,0.0,0.0,0.0,0.009578289713413606,0.00040051879127165734,0.0,0.0
17,0.04394097328186035,0.0009972572326660157,0.0,0.0,0.1,"(100,)",5,"{'gmm__n_components': 5, 'NN__alpha': 0.1, 'NN__hidden_layer_sizes': (100,)}",55,0.0,0.0,0.0,0.0,0.0,0.0,0.0,0.0,0.0,0.0,0.0037750397277753096,3.1629798797182086e-07,0.0,0.0
18,0.05156188011169434,0.0010034561157226563,0.0,0.0,0.1,"(100,)",6,"{'gmm__n_components': 6, 'NN__alpha': 0.1, 'NN__hidden_layer_sizes': (100,)}",55,0.0,0.0,0.0,0.0,0.0,0.0,0.0,0.0,0.0,0.0,0.005737642566136666,1.2196595976828131e-05,0.0,0.0
19,0.05687894821166992,0.0013937950134277344,0.0,0.0,0.1,"(100,)",7,"{'gmm__n_components': 7, 'NN__alpha': 0.1, 'NN__hidden_layer_sizes': (100,)}",55,0.0,0.0,0.0,0.0,0.0,0.0,0.0,0.0,0.0,0.0,0.009474185959432675,0.0004903871555290601,0.0,0.0
20,0.0698859691619873,0.0015003204345703125,0.0,0.0,0.1,"(100,)",8,"{'gmm__n_components': 8, 'NN__alpha': 0.1, 'NN__hidden_layer_sizes': (100,)}",55,0.0,0.0,0.0,0.0,0.0,0.0,0.0,0.0,0.0,0.0,0.019439141634437693,0.0004599761494278864,0.0,0.0
21,0.06458964347839355,0.0018073081970214843,0.0,0.0,0.1,"(100,)",9,"{'gmm__n_components': 9, 'NN__alpha': 0.1, 'NN__hidden_layer_sizes': (100,)}",55,0.0,0.0,0.0,0.0,0.0,0.0,0.0,0.0,0.0,0.0,0.012472051687563605,0.0004053597309463062,0.0,0.0
22,0.07861766815185547,0.001592731475830078,0.017975923779119735,0.017665666646258075,0.1,"(100,)",10,"{'gmm__n_components': 10, 'NN__alpha': 0.1, 'NN__hidden_layer_sizes': (100,)}",43,0.0,0.0,0.08965062623599206,0.08832833323129037,0.0,0.0,0.0,0.0,0.0,0.0,0.015274354416133935,0.00049280919829885,0.035894553740864685,0.03533133329251615
23,0.06848011016845704,0.0015119075775146484,0.0,0.0,0.1,"(100,)",11,"{'gmm__n_components': 11, 'NN__alpha': 0.1, 'NN__hidden_layer_sizes': (100,)}",55,0.0,0.0,0.0,0.0,0.0,0.0,0.0,0.0,0.0,0.0,0.011213382663723322,0.0004299357119228159,0.0,0.0
24,0.07190284729003907,0.0016968250274658203,0.0,0.0,0.1,"(100,)",12,"{'gmm__n_components': 12, 'NN__alpha': 0.1, 'NN__hidden_layer_sizes': (100,)}",55,0.0,0.0,0.0,0.0,0.0,0.0,0.0,0.0,0.0,0.0,0.0059137571582317675,0.0007425265143039446,0.0,0.0
25,0.09231452941894532,0.0014972686767578125,0.0,0.0,0.1,"(100,)",13,"{'gmm__n_components': 13, 'NN__alpha': 0.1, 'NN__hidden_layer_sizes': (100,)}",55,0.0,0.0,0.0,0.0,0.0,0.0,0.0,0.0,0.0,0.0,0.014330998826123665,0.00044633746111337095,0.0,0.0
26,0.09938273429870606,0.0012172698974609376,0.07711955987818055,0.052891629690907674,0.1,"(100,)",14,"{'gmm__n_components': 14, 'NN__alpha': 0.1, 'NN__hidden_layer_sizes': (100,)}",37,0.0,0.0,0.3846153846153845,0.26445814845453836,0.0,0.0,0.0,0.0,0.0,0.0,0.021424899481437977,0.00039074026908589364,0.1539933202061418,0.10578325938181536
27,0.10016484260559082,0.0011956214904785157,0.0,0.0,0.1,"(100,)",15,"{'gmm__n_components': 15, 'NN__alpha': 0.1, 'NN__hidden_layer_sizes': (100,)}",55,0.0,0.0,0.0,0.0,0.0,0.0,0.0,0.0,0.0,0.0,0.030831845476162013,0.0003956799623215594,0.0,0.0
28,0.02740302085876465,0.001104879379272461,0.0,0.0,0.1,"(20, 20)",2,"{'gmm__n_components': 2, 'NN__alpha': 0.1, 'NN__hidden_layer_sizes': (20, 20)}",55,0.0,0.0,0.0,0.0,0.0,0.0,0.0,0.0,0.0,0.0,0.0022698389292310464,0.0002029642338396341,0.0,0.0
29,0.03332047462463379,0.0009004116058349609,0.0,0.0,0.1,"(20, 20)",3,"{'gmm__n_components': 3, 'NN__alpha': 0.1, 'NN__hidden_layer_sizes': (20, 20)}",55,0.0,0.0,0.0,0.0,0.0,0.0,0.0,0.0,0.0,0.0,0.0024820212332635145,0.00019390620414869533,0.0,0.0
30,0.04029569625854492,0.001101207733154297,0.0,0.0,0.1,"(20, 20)",4,"{'gmm__n_components': 4, 'NN__alpha': 0.1, 'NN__hidden_layer_sizes': (20, 20)}",55,0.0,0.0,0.0,0.0,0.0,0.0,0.0,0.0,0.0,0.0,0.006441937052034525,0.0004836581508514384,0.0,0.0
31,0.04117441177368164,0.001112651824951172,0.0,0.0,0.1,"(20, 20)",5,"{'gmm__n_components': 5, 'NN__alpha': 0.1, 'NN__hidden_layer_sizes': (20, 20)}",55,0.0,0.0,0.0,0.0,0.0,0.0,0.0,0.0,0.0,0.0,0.0027137810916768017,0.00024021503751183265,0.0,0.0
32,0.04601726531982422,0.000907135009765625,0.0,0.0,0.1,"(20, 20)",6,"{'gmm__n_components': 6, 'NN__alpha': 0.1, 'NN__hidden_layer_sizes': (20, 20)}",55,0.0,0.0,0.0,0.0,0.0,0.0,0.0,0.0,0.0,0.0,0.00506734679444546,0.00019707036532822756,0.0,0.0
33,0.05555882453918457,0.001004648208618164,0.01669556283310859,0.06885929830805532,0.1,"(20, 20)",7,"{'gmm__n_components': 7, 'NN__alpha': 0.1, 'NN__hidden_layer_sizes': (20, 20)}",49,0.0,0.04642780519201888,0.0,0.0,0.0,0.0,0.08379888268156427,0.2978686863482577,0.0,0.0,0.010666457330870495,0.000314071841208136,0.03347129655152418,0.11590796399246778
34,0.07734518051147461,0.0009969234466552734,0.0,0.0,0.1,"(20, 20)",8,"{'gmm__n_components': 8, 'NN__alpha': 0.1, 'NN__hidden_layer_sizes': (20, 20)}",55,0.0,0.0,0.0,0.0,0.0,0.0,0.0,0.0,0.0,0.0,0.01507688796924845,3.568322550558034e-07,0.0,0.0
35,0.07533464431762696,0.0009958267211914063,0.0,0.0,0.1,"(20, 20)",9,"{'gmm__n_components': 9, 'NN__alpha': 0.1, 'NN__hidden_layer_sizes': (20, 20)}",55,0.0,0.0,0.0,0.0,0.0,0.0,0.0,0.0,0.0,0.0,0.013298569916310971,3.3358158936295897e-06,0.0,0.0
36,0.07214841842651368,0.0011949539184570312,0.0,0.0,0.1,"(20, 20)",10,"{'gmm__n_components': 10, 'NN__alpha': 0.1, 'NN__hidden_layer_sizes': (20, 20)}",55,0.0,0.0,0.0,0.0,0.0,0.0,0.0,0.0,0.0,0.0,0.017493965091802705,0.0004000812659601404,0.0,0.0
37,0.06873016357421875,0.0011968612670898438,0.0,0.0,0.1,"(20, 20)",11,"{'gmm__n_components': 11, 'NN__alpha': 0.1, 'NN__hidden_layer_sizes': (20, 20)}",55,0.0,0.0,0.0,0.0,0.0,0.0,0.0,0.0,0.0,0.0,0.014286346407140976,0.00039887441109554326,0.0,0.0
38,0.06812262535095215,0.001396036148071289,0.0,0.0,0.1,"(20, 20)",12,"{'gmm__n_components': 12, 'NN__alpha': 0.1, 'NN__hidden_layer_sizes': (20, 20)}",55,0.0,0.0,0.0,0.0,0.0,0.0,0.0,0.0,0.0,0.0,0.00547063621119975,0.0004885387300577005,0.0,0.0
39,0.09481620788574219,0.0013966560363769531,0.0,0.0,0.1,"(20, 20)",13,"{'gmm__n_components': 13, 'NN__alpha': 0.1, 'NN__hidden_layer_sizes': (20, 20)}",55,0.0,0.0,0.0,0.0,0.0,0.0,0.0,0.0,0.0,0.0,0.01584800694703896,0.0004883246244224201,0.0,0.0
40,0.09156970977783203,0.0011969566345214843,0.0,0.0,0.1,"(20, 20)",14,"{'gmm__n_components': 14, 'NN__alpha': 0.1, 'NN__hidden_layer_sizes': (20, 20)}",55,0.0,0.0,0.0,0.0,0.0,0.0,0.0,0.0,0.0,0.0,0.02293224393899557,0.0003990650604326424,0.0,0.0
41,0.0953944206237793,0.0013963699340820313,0.0,0.0,0.1,"(20, 20)",15,"{'gmm__n_components': 15, 'NN__alpha': 0.1, 'NN__hidden_layer_sizes': (20, 20)}",55,0.0,0.0,0.0,0.0,0.0,0.0,0.0,0.0,0.0,0.0,0.03421260118015753,0.0004886555540883141,0.0,0.0
42,0.026549386978149413,0.000997304916381836,0.0,0.0,0.1,"(20, 5)",2,"{'gmm__n_components': 2, 'NN__alpha': 0.1, 'NN__hidden_layer_sizes': (20, 5)}",55,0.0,0.0,0.0,0.0,0.0,0.0,0.0,0.0,0.0,0.0,0.0036518831772654587,2.132480599880018e-07,0.0,0.0
43,0.03105030059814453,0.001100778579711914,0.0,0.0,0.1,"(20, 5)",3,"{'gmm__n_components': 3, 'NN__alpha': 0.1, 'NN__hidden_layer_sizes': (20, 5)}",55,0.0,0.0,0.0,0.0,0.0,0.0,0.0,0.0,0.0,0.0,0.003185871803078322,0.0004844151116642335,0.0,0.0
44,0.03530526161193848,0.0009974002838134765,0.6666666666666662,0.6666666666666641,0.1,"(20, 5)",4,"{'gmm__n_components': 4, 'NN__alpha': 0.1, 'NN__hidden_layer_sizes': (20, 5)}",1,0.6666666666666664,0.6666666666666631,0.6666666666666669,0.6666666666666613,0.6666666666666657,0.666666666666666,0.666666666666666,0.666666666666666,0.6666666666666656,0.6666666666666644,0.0057329034275246105,1.1680077279964343e-07,4.576363012879029e-16,1.785354613279572e-15
45,0.036103248596191406,0.0009973526000976562,0.6666666666666662,0.6666666666666641,0.1,"(20, 5)",5,"{'gmm__n_components': 5, 'NN__alpha': 0.1, 'NN__hidden_layer_sizes': (20, 5)}",1,0.6666666666666664,0.6666666666666631,0.6666666666666669,0.6666666666666613,0.6666666666666657,0.666666666666666,0.666666666666666,0.666666666666666,0.6666666666666656,0.6666666666666644,0.0023089607724853987,1.784161275279017e-07,4.576363012879029e-16,1.785354613279572e-15
46,0.042685508728027344,0.0009975433349609375,0.6666666666666662,0.6666666666666641,0.1,"(20, 5)",6,"{'gmm__n_components': 6, 'NN__alpha': 0.1, 'NN__hidden_layer_sizes': (20, 5)}",1,0.6666666666666664,0.6666666666666631,0.6666666666666669,0.6666666666666613,0.6666666666666657,0.666666666666666,0.666666666666666,0.666666666666666,0.6666666666666656,0.6666666666666644,0.004695256395066624,2.132480599880018e-07,4.576363012879029e-16,1.785354613279572e-15
47,0.05006608963012695,0.0011967182159423827,0.0,0.0,0.1,"(20, 5)",7,"{'gmm__n_components': 7, 'NN__alpha': 0.1, 'NN__hidden_layer_sizes': (20, 5)}",55,0.0,0.0,0.0,0.0,0.0,0.0,0.0,0.0,0.0,0.0,0.009469893427922066,0.0003987074575519373,0.0,0.0
48,0.058443546295166016,0.0011968612670898438,0.6666666666666662,0.6666666666666641,0.1,"(20, 5)",8,"{'gmm__n_components': 8, 'NN__alpha': 0.1, 'NN__hidden_layer_sizes': (20, 5)}",1,0.6666666666666664,0.6666666666666631,0.6666666666666669,0.6666666666666613,0.6666666666666657,0.666666666666666,0.666666666666666,0.666666666666666,0.6666666666666656,0.6666666666666644,0.01656404488113328,0.00039911278687069433,4.576363012879029e-16,1.785354613279572e-15
49,0.05844368934631348,0.0011967658996582032,0.0,0.0,0.1,"(20, 5)",9,"{'gmm__n_components': 9, 'NN__alpha': 0.1, 'NN__hidden_layer_sizes': (20, 5)}",55,0.0,0.0,0.0,0.0,0.0,0.0,0.0,0.0,0.0,0.0,0.011520831637090114,0.0003988027964603535,0.0,0.0
50,0.06862974166870117,0.0011967182159423827,0.6666666666666662,0.6666666666666641,0.1,"(20, 5)",10,"{'gmm__n_components': 10, 'NN__alpha': 0.1, 'NN__hidden_layer_sizes': (20, 5)}",1,0.6666666666666664,0.6666666666666631,0.6666666666666669,0.6666666666666613,0.6666666666666657,0.666666666666666,0.666666666666666,0.666666666666666,0.6666666666666656,0.6666666666666644,0.016186728838056132,0.00039870740052423757,4.576363012879029e-16,1.785354613279572e-15
51,0.06365385055541992,0.0011079788208007812,0.0,0.0,0.1,"(20, 5)",11,"{'gmm__n_components': 11, 'NN__alpha': 0.1, 'NN__hidden_layer_sizes': (20, 5)}",55,0.0,0.0,0.0,0.0,0.0,0.0,0.0,0.0,0.0,0.0,0.010456148417776517,0.00020318598113785492,0.0,0.0
52,0.06887750625610352,0.0016968250274658203,0.0,0.0,0.1,"(20, 5)",12,"{'gmm__n_components': 12, 'NN__alpha': 0.1, 'NN__hidden_layer_sizes': (20, 5)}",55,0.0,0.0,0.0,0.0,0.0,0.0,0.0,0.0,0.0,0.0,0.005079753438055902,0.0007463247974832521,0.0,0.0
53,0.09551920890808105,0.0012033939361572265,0.0,0.0,0.1,"(20, 5)",13,"{'gmm__n_components': 13, 'NN__alpha': 0.1, 'NN__hidden_layer_sizes': (20, 5)}",55,0.0,0.0,0.0,0.0,0.0,0.0,0.0,0.0,0.0,0.0,0.012715980810924156,0.0003955881011433799,0.0,0.0
54,0.0889890193939209,0.0009974002838134765,0.0,0.0,0.1,"(20, 5)",14,"{'gmm__n_components': 14, 'NN__alpha': 0.1, 'NN__hidden_layer_sizes': (20, 5)}",55,0.0,0.0,0.0,0.0,0.0,0.0,0.0,0.0,0.0,0.0,0.024820465592945037,4.156969970265077e-07,0.0,0.0
55,0.09495806694030762,0.0010057926177978516,0.6666666666666662,0.6666666666666641,0.1,"(20, 5)",15,"{'gmm__n_components': 15, 'NN__alpha': 0.1, 'NN__hidden_layer_sizes': (20, 5)}",1,0.6666666666666664,0.6666666666666631,0.6666666666666669,0.6666666666666613,0.6666666666666657,0.666666666666666,0.666666666666666,0.666666666666666,0.6666666666666656,0.6666666666666644,0.03453462532692816,1.6859144009248115e-05,4.576363012879029e-16,1.785354613279572e-15
56,0.043590736389160153,0.0011945247650146484,0.0,0.0,0.01,"(200,)",2,"{'gmm__n_components': 2, 'NN__alpha': 0.01, 'NN__hidden_layer_sizes': (200,)}",55,0.0,0.0,0.0,0.0,0.0,0.0,0.0,0.0,0.0,0.0,0.006826735612813397,0.0003946783030768634,0.0,0.0
57,0.054396963119506835,0.0010963916778564454,0.0,0.0,0.01,"(200,)",3,"{'gmm__n_components': 3, 'NN__alpha': 0.01, 'NN__hidden_layer_sizes': (200,)}",55,0.0,0.0,0.0,0.0,0.0,0.0,0.0,0.0,0.0,0.0,0.00990729864126225,0.00020871808972626983,0.0,0.0
58,0.05229330062866211,0.001499509811401367,0.0,0.0,0.01,"(200,)",4,"{'gmm__n_components': 4, 'NN__alpha': 0.01, 'NN__hidden_layer_sizes': (200,)}",55,0.0,0.0,0.0,0.0,0.0,0.0,0.0,0.0,0.0,0.0,0.004092930809983507,0.0004458479600488928,0.0,0.0
59,0.050094079971313474,0.0011968135833740235,0.0,0.0,0.01,"(200,)",5,"{'gmm__n_components': 5, 'NN__alpha': 0.01, 'NN__hidden_layer_sizes': (200,)}",55,0.0,0.0,0.0,0.0,0.0,0.0,0.0,0.0,0.0,0.0,0.0035055782858311323,0.0003990177613597062,0.0,0.0
60,0.058690452575683595,0.001600170135498047,0.0,0.0,0.01,"(200,)",6,"{'gmm__n_components': 6, 'NN__alpha': 0.01, 'NN__hidden_layer_sizes': (200,)}",55,0.0,0.0,0.0,0.0,0.0,0.0,0.0,0.0,0.0,0.0,0.00427594089080518,0.0003719377700791085,0.0,0.0
61,0.070975923538208,0.0009973526000976562,0.0,0.0,0.01,"(200,)",7,"{'gmm__n_components': 7, 'NN__alpha': 0.01, 'NN__hidden_layer_sizes': (200,)}",55,0.0,0.0,0.0,0.0,0.0,0.0,0.0,0.0,0.0,0.0,0.010753804872668849,5.519789172549356e-07,0.0,0.0
62,0.09155421257019043,0.0015954971313476562,0.0,0.0,0.01,"(200,)",8,"{'gmm__n_components': 8, 'NN__alpha': 0.01, 'NN__hidden_layer_sizes': (200,)}",55,0.0,0.0,0.0,0.0,0.0,0.0,0.0,0.0,0.0,0.0,0.0210873708334107,0.0004891035673244669,0.0,0.0
63,0.08157138824462891,0.0013964653015136718,0.0,0.0,0.01,"(200,)",9,"{'gmm__n_components': 9, 'NN__alpha': 0.01, 'NN__hidden_layer_sizes': (200,)}",55,0.0,0.0,0.0,0.0,0.0,0.0,0.0,0.0,0.0,0.0,0.011030462384023844,0.0004882857762067344,0.0,0.0
64,0.09875979423522949,0.002193737030029297,0.0,0.0,0.01,"(200,)",10,"{'gmm__n_components': 10, 'NN__alpha': 0.01, 'NN__hidden_layer_sizes': (200,)}",55,0.0,0.0,0.0,0.0,0.0,0.0,0.0,0.0,0.0,0.0,0.03277430763846829,0.0019338313248717712,0.0,0.0
65,0.08977270126342773,0.0019945621490478514,0.0,0.0,0.01,"(200,)",11,"{'gmm__n_components': 11, 'NN__alpha': 0.01, 'NN__hidden_layer_sizes': (200,)}",55,0.0,0.0,0.0,0.0,0.0,0.0,0.0,0.0,0.0,0.0,0.015806780812928824,0.0006309773961100279,0.0,0.0
66,0.09334521293640137,0.0020023345947265624,0.0,0.0,0.01,"(200,)",12,"{'gmm__n_components': 12, 'NN__alpha': 0.01, 'NN__hidden_layer_sizes': (200,)}",55,0.0,0.0,0.0,0.0,0.0,0.0,0.0,0.0,0.0,0.0,0.008415755387575077,1.6793606285511382e-05,0.0,0.0
67,0.12681875228881836,0.0019946575164794924,0.0,0.0,0.01,"(200,)",13,"{'gmm__n_components': 13, 'NN__alpha': 0.01, 'NN__hidden_layer_sizes': (200,)}",55,0.0,0.0,0.0,0.0,0.0,0.0,0.0,0.0,0.0,0.0,0.013718998746058891,0.0015456337986113576,0.0,0.0
68,0.12133984565734864,0.001595783233642578,0.0,0.0,0.01,"(200,)",14,"{'gmm__n_components': 14, 'NN__alpha': 0.01, 'NN__hidden_layer_sizes': (200,)}",55,0.0,0.0,0.0,0.0,0.0,0.0,0.0,0.0,0.0,0.0,0.03418555169797496,0.0004886555308230838,0.0,0.0
69,0.1319699764251709,0.001795196533203125,0.0,0.0,0.01,"(200,)",15,"{'gmm__n_components': 15, 'NN__alpha': 0.01, 'NN__hidden_layer_sizes': (200,)}",55,0.0,0.0,0.0,0.0,0.0,0.0,0.0,0.0,0.0,0.0,0.03246817668832595,0.0007463912952266851,0.0,0.0
70,0.03535561561584473,0.0011009693145751954,0.0,0.0,0.01,"(100,)",2,"{'gmm__n_components': 2, 'NN__alpha': 0.01, 'NN__hidden_layer_sizes': (100,)}",55,0.0,0.0,0.0,0.0,0.0,0.0,0.0,0.0,0.0,0.0,0.012882392736586434,0.00020685234395154508,0.0,0.0
71,0.04231009483337402,0.0011966228485107422,0.0,0.0,0.01,"(100,)",3,"{'gmm__n_components': 3, 'NN__alpha': 0.01, 'NN__hidden_layer_sizes': (100,)}",55,0.0,0.0,0.0,0.0,0.0,0.0,0.0,0.0,0.0,0.0,0.002395443466778572,0.00039863597833367134,0.0,0.0
72,0.04009270668029785,0.0013964176177978516,0.0,0.0,0.01,"(100,)",4,"{'gmm__n_components': 4, 'NN__alpha': 0.01, 'NN__hidden_layer_sizes': (100,)}",55,0.0,0.0,0.0,0.0,0.0,0.0,0.0,0.0,0.0,0.0,0.004652849967447918,0.0004888116295492904,0.0,0.0
73,0.047672176361083986,0.0009974956512451172,0.0,0.0,0.01,"(100,)",5,"{'gmm__n_components': 5, 'NN__alpha': 0.01, 'NN__hidden_layer_sizes': (100,)}",55,0.0,0.0,0.0,0.0,0.0,0.0,0.0,0.0,0.0,0.0,0.0055489540993373405,4.6231077741778654e-07,0.0,0.0
74,0.052260398864746094,0.0015958309173583984,0.0,0.0,0.01,"(100,)",6,"{'gmm__n_components': 6, 'NN__alpha': 0.01, 'NN__hidden_layer_sizes': (100,)}",55,0.0,0.0,0.0,0.0,0.0,0.0,0.0,0.0,0.0,0.0,0.006603336414457757,0.0004887918274561324,0.0,0.0
75,0.05604991912841797,0.0011971950531005859,0.0,0.0,0.01,"(100,)",7,"{'gmm__n_components': 7, 'NN__alpha': 0.01, 'NN__hidden_layer_sizes': (100,)}",55,0.0,0.0,0.0,0.0,0.0,0.0,0.0,0.0,0.0,0.0,0.00934349166136721,0.0003995419259941419,0.0,0.0
76,0.06961379051208497,0.0009972572326660157,0.0,0.0,0.01,"(100,)",8,"{'gmm__n_components': 8, 'NN__alpha': 0.01, 'NN__hidden_layer_sizes': (100,)}",55,0.0,0.0,0.0,0.0,0.0,0.0,0.0,0.0,0.0,0.0,0.01787893737112641,1.784161275279017e-07,0.0,0.0
77,0.06462702751159669,0.00139617919921875,0.0,0.0,0.01,"(100,)",9,"{'gmm__n_components': 9, 'NN__alpha': 0.01, 'NN__hidden_layer_sizes': (100,)}",55,0.0,0.0,0.0,0.0,0.0,0.0,0.0,0.0,0.0,0.0,0.012040746358678748,0.0004887140068087359,0.0,0.0
78,0.08218011856079102,0.0013961315155029297,0.017975923779119735,0.017665666646258075,0.01,"(100,)",10,"{'gmm__n_components': 10, 'NN__alpha': 0.01, 'NN__hidden_layer_sizes': (100,)}",43,0.0,0.0,0.08965062623599206,0.08832833323129037,0.0,0.0,0.0,0.0,0.0,0.0,0.016861733381851006,0.0004883636045668368,0.035894553740864685,0.03533133329251615
79,0.07081069946289062,0.00139617919921875,0.0,0.0,0.01,"(100,)",11,"{'gmm__n_components': 11, 'NN__alpha': 0.01, 'NN__hidden_layer_sizes': (100,)}",55,0.0,0.0,0.0,0.0,0.0,0.0,0.0,0.0,0.0,0.0,0.011526966335817472,0.0004886166437687896,0.0,0.0
80,0.07400102615356445,0.0013966083526611329,0.0,0.0,0.01,"(100,)",12,"{'gmm__n_components': 12, 'NN__alpha': 0.01, 'NN__hidden_layer_sizes': (100,)}",55,0.0,0.0,0.0,0.0,0.0,0.0,0.0,0.0,0.0,0.0,0.00644569513522179,0.0004884609249461174,0.0,0.0
81,0.09753961563110351,0.0015954017639160157,0.0,0.0,0.01,"(100,)",13,"{'gmm__n_components': 13, 'NN__alpha': 0.01, 'NN__hidden_layer_sizes': (100,)}",55,0.0,0.0,0.0,0.0,0.0,0.0,0.0,0.0,0.0,0.0,0.014249912920235069,0.0004890253824777613,0.0,0.0
82,0.10619754791259765,0.0018023014068603515,0.07711955987818055,0.05638668130804588,0.01,"(100,)",14,"{'gmm__n_components': 14, 'NN__alpha': 0.01, 'NN__hidden_layer_sizes': (100,)}",37,0.0,0.0,0.3846153846153845,0.2819334065402294,0.0,0.0,0.0,0.0,0.0,0.0,0.024093036445134112,0.00040274504761908975,0.1539933202061418,0.11277336261609176
83,0.1052591323852539,0.0014031410217285156,0.0,0.0,0.01,"(100,)",15,"{'gmm__n_components': 15, 'NN__alpha': 0.01, 'NN__hidden_layer_sizes': (100,)}",55,0.0,0.0,0.0,0.0,0.0,0.0,0.0,0.0,0.0,0.0,0.03315522624673934,0.0004833790586406094,0.0,0.0
84,0.029720354080200195,0.000997304916381836,0.0,0.0,0.01,"(20, 20)",2,"{'gmm__n_components': 2, 'NN__alpha': 0.01, 'NN__hidden_layer_sizes': (20, 20)}",55,0.0,0.0,0.0,0.0,0.0,0.0,0.0,0.0,0.0,0.0,0.003051272425942859,0.0,0.0,0.0
85,0.03370976448059082,0.0015955924987792968,0.0,0.0,0.01,"(20, 20)",3,"{'gmm__n_components': 3, 'NN__alpha': 0.01, 'NN__hidden_layer_sizes': (20, 20)}",55,0.0,0.0,0.0,0.0,0.0,0.0,0.0,0.0,0.0,0.0,0.003051331590899435,0.0004885971129893826,0.0,0.0
86,0.0380976676940918,0.0009976863861083985,0.0,0.0,0.01,"(20, 20)",4,"{'gmm__n_components': 4, 'NN__alpha': 0.01, 'NN__hidden_layer_sizes': (20, 20)}",55,0.0,0.0,0.0,0.0,0.0,0.0,0.0,0.0,0.0,0.0,0.004478242682194851,3.2340669551493016e-07,0.0,0.0
87,0.040491771697998044,0.0011970043182373048,0.0,0.0,0.01,"(20, 20)",5,"{'gmm__n_components': 5, 'NN__alpha': 0.01, 'NN__hidden_layer_sizes': (20, 20)}",55,0.0,0.0,0.0,0.0,0.0,0.0,0.0,0.0,0.0,0.0,0.003918568146612314,0.00039904118652603566,0.0,0.0
88,0.04712095260620117,0.0013962268829345703,0.0,0.0,0.01,"(20, 20)",6,"{'gmm__n_components': 6, 'NN__alpha': 0.01, 'NN__hidden_layer_sizes': (20, 20)}",55,0.0,0.0,0.0,0.0,0.0,0.0,0.0,0.0,0.0,0.0,0.004556889856825619,0.0004886752128120806,0.0,0.0
89,0.058041620254516604,0.0013945579528808593,0.01669556283310859,0.06885929830805532,0.01,"(20, 20)",7,"{'gmm__n_components': 7, 'NN__alpha': 0.01, 'NN__hidden_layer_sizes': (20, 20)}",49,0.0,0.04642780519201888,0.0,0.0,0.0,0.0,0.08379888268156427,0.2978686863482577,0.0,0.0,0.009810703177058198,0.0007951022820900216,0.03347129655152418,0.11590796399246778
90,0.08693594932556152,0.0012955665588378906,0.0,0.0,0.01,"(20, 20)",8,"{'gmm__n_components': 8, 'NN__alpha': 0.01, 'NN__hidden_layer_sizes': (20, 20)}",55,0.0,0.0,0.0,0.0,0.0,0.0,0.0,0.0,0.0,0.0,0.023945028084562295,0.000395327251765009,0.0,0.0
91,0.07694430351257324,0.0011968612670898438,0.0,0.0,0.01,"(20, 20)",9,"{'gmm__n_components': 9, 'NN__alpha': 0.01, 'NN__hidden_layer_sizes': (20, 20)}",55,0.0,0.0,0.0,0.0,0.0,0.0,0.0,0.0,0.0,0.0,0.01517049701685434,0.0003989935597982996,0.0,0.0
92,0.0775613784790039,0.0014971256256103515,0.0,0.0,0.01,"(20, 20)",10,"{'gmm__n_components': 10, 'NN__alpha': 0.01, 'NN__hidden_layer_sizes': (20, 20)}",55,0.0,0.0,0.0,0.0,0.0,0.0,0.0,0.0,0.0,0.0,0.021298901313151285,0.00044798232059557665,0.0,0.0
93,0.07173051834106445,0.0013945579528808593,0.0,0.0,0.01,"(20, 20)",11,"{'gmm__n_components': 11, 'NN__alpha': 0.01, 'NN__hidden_layer_sizes': (20, 20)}",55,0.0,0.0,0.0,0.0,0.0,0.0,0.0,0.0,0.0,0.0,0.012814536656414157,0.0004900494101434202,0.0,0.0
94,0.06909618377685547,0.0011968612670898438,0.0,0.0,0.01,"(20, 20)",12,"{'gmm__n_components': 12, 'NN__alpha': 0.01, 'NN__hidden_layer_sizes': (20, 20)}",55,0.0,0.0,0.0,0.0,0.0,0.0,0.0,0.0,0.0,0.0,0.005637614312528489,0.00039911290081023746,0.0,0.0
95,0.10007305145263672,0.0019948482513427734,0.0,0.0,0.01,"(20, 20)",13,"{'gmm__n_components': 13, 'NN__alpha': 0.01, 'NN__hidden_layer_sizes': (20, 20)}",55,0.0,0.0,0.0,0.0,0.0,0.0,0.0,0.0,0.0,0.0,0.022057387739799334,0.001092405810050438,0.0,0.0
96,0.09897990226745605,0.001569509506225586,0.0,0.0,0.01,"(20, 20)",14,"{'gmm__n_components': 14, 'NN__alpha': 0.01, 'NN__hidden_layer_sizes': (20, 20)}",55,0.0,0.0,0.0,0.0,0.0,0.0,0.0,0.0,0.0,0.0,0.018002670603451308,0.0005228764158193533,0.0,0.0
97,0.10052127838134765,0.0016950607299804688,0.0,0.0,0.01,"(20, 20)",15,"{'gmm__n_components': 15, 'NN__alpha': 0.01, 'NN__hidden_layer_sizes': (20, 20)}",55,0.0,0.0,0.0,0.0,0.0,0.0,0.0,0.0,0.0,0.0,0.037031058829750996,0.0004012110966073021,0.0,0.0
98,0.02895383834838867,0.000997638702392578,0.0,0.0,0.01,"(20, 5)",2,"{'gmm__n_components': 2, 'NN__alpha': 0.01, 'NN__hidden_layer_sizes': (20, 5)}",55,0.0,0.0,0.0,0.0,0.0,0.0,0.0,0.0,0.0,0.0,0.0037714486071308132,7.168434323488669e-07,0.0,0.0
99,0.03370981216430664,0.0009974956512451172,0.0,0.0,0.01,"(20, 5)",3,"{'gmm__n_components': 3, 'NN__alpha': 0.01, 'NN__hidden_layer_sizes': (20, 5)}",55,0.0,0.0,0.0,0.0,0.0,0.0,0.0,0.0,0.0,0.0,0.004521880841612069,2.3360154559928684e-07,0.0,0.0
100,0.036901235580444336,0.0009972095489501954,0.6666666666666662,0.6666666666666641,0.01,"(20, 5)",4,"{'gmm__n_components': 4, 'NN__alpha': 0.01, 'NN__hidden_layer_sizes': (20, 5)}",1,0.6666666666666664,0.6666666666666631,0.6666666666666669,0.6666666666666613,0.6666666666666657,0.666666666666666,0.666666666666666,0.666666666666666,0.6666666666666656,0.6666666666666644,0.0061155057033176335,1.9073486328125e-07,4.576363012879029e-16,1.785354613279572e-15
101,0.03692502975463867,0.0011945247650146484,0.6666666666666662,0.6666666666666641,0.01,"(20, 5)",5,"{'gmm__n_components': 5, 'NN__alpha': 0.01, 'NN__hidden_layer_sizes': (20, 5)}",1,0.6666666666666664,0.6666666666666631,0.6666666666666669,0.6666666666666613,0.6666666666666657,0.666666666666666,0.666666666666666,0.666666666666666,0.6666666666666656,0.6666666666666644,0.0034986980363703258,0.00040006107308621216,4.576363012879029e-16,1.785354613279572e-15
102,0.04132838249206543,0.0010999679565429688,0.6666666666666662,0.6666666666666641,0.01,"(20, 5)",6,"{'gmm__n_components': 6, 'NN__alpha': 0.01, 'NN__hidden_layer_sizes': (20, 5)}",1,0.6666666666666664,0.6666666666666631,0.6666666666666669,0.6666666666666613,0.6666666666666657,0.666666666666666,0.666666666666666,0.666666666666666,0.6666666666666656,0.6666666666666644,0.003101004519676339,0.0002048495206529098,4.576363012879029e-16,1.785354613279572e-15
103,0.05274209976196289,0.001197052001953125,0.0,0.0,0.01,"(20, 5)",7,"{'gmm__n_components': 7, 'NN__alpha': 0.01, 'NN__hidden_layer_sizes': (20, 5)}",55,0.0,0.0,0.0,0.0,0.0,0.0,0.0,0.0,0.0,0.0,0.011258112605264261,0.0003988981353824061,0.0,0.0
104,0.05965757369995117,0.0011970043182373048,0.6666666666666662,0.6666666666666641,0.01,"(20, 5)",8,"{'gmm__n_components': 8, 'NN__alpha': 0.01, 'NN__hidden_layer_sizes': (20, 5)}",1,0.6666666666666664,0.6666666666666631,0.6666666666666669,0.6666666666666613,0.6666666666666657,0.666666666666666,0.666666666666666,0.666666666666666,0.6666666666666656,0.6666666666666644,0.018702555826645827,0.00039880291048846204,4.576363012879029e-16,1.785354613279572e-15
105,0.05971541404724121,0.001403045654296875,0.0,0.0,0.01,"(20, 5)",9,"{'gmm__n_components': 9, 'NN__alpha': 0.01, 'NN__hidden_layer_sizes': (20, 5)}",55,0.0,0.0,0.0,0.0,0.0,0.0,0.0,0.0,0.0,0.0,0.010802438292738734,0.0004966502543066729,0.0,0.0
106,0.07086300849914551,0.0013962268829345703,0.6666666666666662,0.6666666666666641,0.01,"(20, 5)",10,"{'gmm__n_components': 10, 'NN__alpha': 0.01, 'NN__hidden_layer_sizes': (20, 5)}",1,0.6666666666666664,0.6666666666666631,0.6666666666666669,0.6666666666666613,0.6666666666666657,0.666666666666666,0.666666666666666,0.666666666666666,0.6666666666666656,0.6666666666666644,0.01902526202067228,0.0004883829957038617,4.576363012879029e-16,1.785354613279572e-15
107,0.06585006713867188,0.0011970043182373048,0.0,0.0,0.01,"(20, 5)",11,"{'gmm__n_components': 11, 'NN__alpha': 0.01, 'NN__hidden_layer_sizes': (20, 5)}",55,0.0,0.0,0.0,0.0,0.0,0.0,0.0,0.0,0.0,0.0,0.011776404835413257,0.0003988028249673837,0.0,0.0
108,0.06862587928771972,0.0013961315155029297,0.0,0.0,0.01,"(20, 5)",12,"{'gmm__n_components': 12, 'NN__alpha': 0.01, 'NN__hidden_layer_sizes': (20, 5)}",55,0.0,0.0,0.0,0.0,0.0,0.0,0.0,0.0,0.0,0.0,0.006491607996369325,0.0004886556471492247,0.0,0.0
109,0.0939748764038086,0.00139617919921875,0.0,0.0,0.01,"(20, 5)",13,"{'gmm__n_components': 13, 'NN__alpha': 0.01, 'NN__hidden_layer_sizes': (20, 5)}",55,0.0,0.0,0.0,0.0,0.0,0.0,0.0,0.0,0.0,0.0,0.011422162401940784,0.000488519610399845,0.0,0.0
110,0.09437360763549804,0.0015960216522216796,0.0,0.0,0.01,"(20, 5)",14,"{'gmm__n_components': 14, 'NN__alpha': 0.01, 'NN__hidden_layer_sizes': (20, 5)}",55,0.0,0.0,0.0,0.0,0.0,0.0,0.0,0.0,0.0,0.0,0.023658305029258277,0.0004881690453340046,0.0,0.0
111,0.09797663688659668,0.0011975288391113282,0.6666666666666662,0.6666666666666641,0.01,"(20, 5)",15,"{'gmm__n_components': 15, 'NN__alpha': 0.01, 'NN__hidden_layer_sizes': (20, 5)}",1,0.6666666666666664,0.6666666666666631,0.6666666666666669,0.6666666666666613,0.6666666666666657,0.666666666666666,0.666666666666666,0.666666666666666,0.6666666666666656,0.6666666666666644,0.033446503962507604,0.0003988986483859982,4.576363012879029e-16,1.785354613279572e-15
112,0.0420875072479248,0.0031916618347167967,0.0,0.0,0.001,"(200,)",2,"{'gmm__n_components': 2, 'NN__alpha': 0.001, 'NN__hidden_layer_sizes': (200,)}",55,0.0,0.0,0.0,0.0,0.0,0.0,0.0,0.0,0.0,0.0,0.002630832502311102,0.0019340378727422448,0.0,0.0
113,0.046900606155395506,0.0015958309173583984,0.0,0.0,0.001,"(200,)",3,"{'gmm__n_components': 3, 'NN__alpha': 0.001, 'NN__hidden_layer_sizes': (200,)}",55,0.0,0.0,0.0,0.0,0.0,0.0,0.0,0.0,0.0,0.0,0.0032935506083568216,0.0004884026002220136,0.0,0.0
114,0.053284311294555665,0.0013960838317871095,0.0,0.0,0.001,"(200,)",4,"{'gmm__n_components': 4, 'NN__alpha': 0.001, 'NN__hidden_layer_sizes': (200,)}",55,0.0,0.0,0.0,0.0,0.0,0.0,0.0,0.0,0.0,0.0,0.004059250053742851,0.0004885972991334477,0.0,0.0
115,0.056050682067871095,0.0013963699340820313,0.0,0.0,0.001,"(200,)",5,"{'gmm__n_components': 5, 'NN__alpha': 0.001, 'NN__hidden_layer_sizes': (200,)}",55,0.0,0.0,0.0,0.0,0.0,0.0,0.0,0.0,0.0,0.0,0.005690959148592837,0.0004885585982569543,0.0,0.0
116,0.06584172248840332,0.0017950057983398438,0.0,0.0,0.001,"(200,)",6,"{'gmm__n_components': 6, 'NN__alpha': 0.001, 'NN__hidden_layer_sizes': (200,)}",55,0.0,0.0,0.0,0.0,0.0,0.0,0.0,0.0,0.0,0.0,0.008223020193771179,0.00039908889872717533,0.0,0.0
117,0.06960444450378418,0.0017947673797607422,0.0,0.0,0.001,"(200,)",7,"{'gmm__n_components': 7, 'NN__alpha': 0.001, 'NN__hidden_layer_sizes': (200,)}",55,0.0,0.0,0.0,0.0,0.0,0.0,0.0,0.0,0.0,0.0,0.012656068170838707,0.0003987312602015998,0.0,0.0
118,0.07557091712951661,0.0013959884643554687,0.0,0.0,0.001,"(200,)",8,"{'gmm__n_components': 8, 'NN__alpha': 0.001, 'NN__hidden_layer_sizes': (200,)}",55,0.0,0.0,0.0,0.0,0.0,0.0,0.0,0.0,0.0,0.0,0.019844319224548726,0.000488869989192166,0.0,0.0
119,0.07848386764526367,0.0015956878662109375,0.0,0.0,0.001,"(200,)",9,"{'gmm__n_components': 9, 'NN__alpha': 0.001, 'NN__hidden_layer_sizes': (200,)}",55,0.0,0.0,0.0,0.0,0.0,0.0,0.0,0.0,0.0,0.0,0.012317092855949336,0.0004882857529238853,0.0,0.0
120,0.09037842750549316,0.0011944770812988281,0.0,0.0,0.001,"(200,)",10,"{'gmm__n_components': 10, 'NN__alpha': 0.001, 'NN__hidden_layer_sizes': (200,)}",55,0.0,0.0,0.0,0.0,0.0,0.0,0.0,0.0,0.0,0.0,0.016882827050165045,0.00040021570758215914,0.0,0.0
121,0.08025708198547363,0.0020004749298095704,0.0,0.0,0.001,"(200,)",11,"{'gmm__n_components': 11, 'NN__alpha': 0.001, 'NN__hidden_layer_sizes': (200,)}",55,0.0,0.0,0.0,0.0,0.0,0.0,0.0,0.0,0.0,0.0,0.01142284530025631,1.2090055458741128e-05,0.0,0.0
122,0.08835582733154297,0.001297760009765625,0.0,0.0,0.001,"(200,)",12,"{'gmm__n_components': 12, 'NN__alpha': 0.001, 'NN__hidden_layer_sizes': (200,)}",55,0.0,0.0,0.0,0.0,0.0,0.0,0.0,0.0,0.0,0.0,0.008175743668946148,0.00040010105432881134,0.0,0.0
123,0.11030502319335937,0.0011961936950683593,0.0,0.0,0.001,"(200,)",13,"{'gmm__n_components': 13, 'NN__alpha': 0.001, 'NN__hidden_layer_sizes': (200,)}",55,0.0,0.0,0.0,0.0,0.0,0.0,0.0,0.0,0.0,0.0,0.013727291241983628,0.00039908901267353853,0.0,0.0
124,0.11198201179504394,0.0017950057983398438,0.0,0.0,0.001,"(200,)",14,"{'gmm__n_components': 14, 'NN__alpha': 0.001, 'NN__hidden_layer_sizes': (200,)}",55,0.0,0.0,0.0,0.0,0.0,0.0,0.0,0.0,0.0,0.0,0.02435009834559222,0.0003987314882986999,0.0,0.0
125,0.11908159255981446,0.0011968612670898438,0.0,0.0,0.001,"(200,)",15,"{'gmm__n_components': 15, 'NN__alpha': 0.001, 'NN__hidden_layer_sizes': (200,)}",55,0.0,0.0,0.0,0.0,0.0,0.0,0.0,0.0,0.0,0.0,0.03890155210881329,0.0003987553408326763,0.0,0.0
126,0.0315155029296875,0.0011971950531005859,0.0,0.0,0.001,"(100,)",2,"{'gmm__n_components': 2, 'NN__alpha': 0.001, 'NN__hidden_layer_sizes': (100,)}",55,0.0,0.0,0.0,0.0,0.0,0.0,0.0,0.0,0.0,0.0,0.0028627805500716884,0.000398826798658353,0.0,0.0
127,0.04128942489624023,0.00139617919921875,0.0,0.0,0.001,"(100,)",3,"{'gmm__n_components': 3, 'NN__alpha': 0.001, 'NN__hidden_layer_sizes': (100,)}",55,0.0,0.0,0.0,0.0,0.0,0.0,0.0,0.0,0.0,0.0,0.0028630130704710294,0.0004885193311393172,0.0,0.0
128,0.03929505348205566,0.0009972095489501954,0.0,0.0,0.001,"(100,)",4,"{'gmm__n_components': 4, 'NN__alpha': 0.001, 'NN__hidden_layer_sizes': (100,)}",55,0.0,0.0,0.0,0.0,0.0,0.0,0.0,0.0,0.0,0.0,0.005733402866061974,4.156969970265077e-07,0.0,0.0
129,0.044281005859375,0.0013968467712402344,0.0,0.0,0.001,"(100,)",5,"{'gmm__n_components': 5, 'NN__alpha': 0.001, 'NN__hidden_layer_sizes': (100,)}",55,0.0,0.0,0.0,0.0,0.0,0.0,0.0,0.0,0.0,0.0,0.0033730841870413305,0.0004883636976833803,0.0,0.0
130,0.04727339744567871,0.001795482635498047,0.0,0.0,0.001,"(100,)",6,"{'gmm__n_components': 6, 'NN__alpha': 0.001, 'NN__hidden_layer_sizes': (100,)}",55,0.0,0.0,0.0,0.0,0.0,0.0,0.0,0.0,0.0,0.0,0.004068191408953186,0.0003988505371787298,0.0,0.0
131,0.05565123558044434,0.000997304916381836,0.0,0.0,0.001,"(100,)",7,"{'gmm__n_components': 7, 'NN__alpha': 0.001, 'NN__hidden_layer_sizes': (100,)}",55,0.0,0.0,0.0,0.0,0.0,0.0,0.0,0.0,0.0,0.0,0.01059987049866459,3.371747880871523e-07,0.0,0.0
132,0.06881570816040039,0.0011972904205322266,0.0,0.0,0.001,"(100,)",8,"{'gmm__n_components': 8, 'NN__alpha': 0.001, 'NN__hidden_layer_sizes': (100,)}",55,0.0,0.0,0.0,0.0,0.0,0.0,0.0,0.0,0.0,0.0,0.017706089116282228,0.0003985417234333895,0.0,0.0
133,0.06881570816040039,0.0013964653015136718,0.0,0.0,0.001,"(100,)",9,"{'gmm__n_components': 9, 'NN__alpha': 0.001, 'NN__hidden_layer_sizes': (100,)}",55,0.0,0.0,0.0,0.0,0.0,0.0,0.0,0.0,0.0,0.0,0.014711780296441587,0.0004884803587669786,0.0,0.0
134,0.09674115180969238,0.0023935794830322265,0.017975923779119735,0.017665666646258075,0.001,"(100,)",10,"{'gmm__n_components': 10, 'NN__alpha': 0.001, 'NN__hidden_layer_sizes': (100,)}",43,0.0,0.0,0.08965062623599206,0.08832833323129037,0.0,0.0,0.0,0.0,0.0,0.0,0.0261296594625532,0.0018496634056875696,0.035894553740864685,0.03533133329251615
135,0.07559762001037598,0.0009970664978027344,0.0,0.0,0.001,"(100,)",11,"{'gmm__n_components': 11, 'NN__alpha': 0.001, 'NN__hidden_layer_sizes': (100,)}",55,0.0,0.0,0.0,0.0,0.0,0.0,0.0,0.0,0.0,0.0,0.010504858941618863,2.611744678045111e-07,0.0,0.0
136,0.08676733970642089,0.0015954971313476562,0.0,0.0,0.001,"(100,)",12,"{'gmm__n_components': 12, 'NN__alpha': 0.001, 'NN__hidden_layer_sizes': (100,)}",55,0.0,0.0,0.0,0.0,0.0,0.0,0.0,0.0,0.0,0.0,0.019886868306408918,0.0004888112574243273,0.0,0.0
137,0.10092997550964355,0.00139617919921875,0.0,0.0,0.001,"(100,)",13,"{'gmm__n_components': 13, 'NN__alpha': 0.001, 'NN__hidden_layer_sizes': (100,)}",55,0.0,0.0,0.0,0.0,0.0,0.0,0.0,0.0,0.0,0.0,0.015117433215239267,0.0004887140068087359,0.0,0.0
138,0.1091078758239746,0.0013964176177978516,0.07711955987818055,0.05638668130804588,0.001,"(100,)",14,"{'gmm__n_components': 14, 'NN__alpha': 0.001, 'NN__hidden_layer_sizes': (100,)}",37,0.0,0.0,0.3846153846153845,0.2819334065402294,0.0,0.0,0.0,0.0,0.0,0.0,0.02489443049408204,0.0004883246244224201,0.1539933202061418,0.11277336261609176
139,0.10791134834289551,0.0013962268829345703,0.0,0.0,0.001,"(100,)",15,"{'gmm__n_components': 15, 'NN__alpha': 0.001, 'NN__hidden_layer_sizes': (100,)}",55,0.0,0.0,0.0,0.0,0.0,0.0,0.0,0.0,0.0,0.0,0.0321528845868514,0.0004885777489655962,0.0,0.0
140,0.047073984146118165,0.0009972572326660157,0.0,0.0,0.001,"(20, 20)",2,"{'gmm__n_components': 2, 'NN__alpha': 0.001, 'NN__hidden_layer_sizes': (20, 20)}",55,0.0,0.0,0.0,0.0,0.0,0.0,0.0,0.0,0.0,0.0,0.006095622400726279,2.3360154559928684e-07,0.0,0.0
141,0.039893388748168945,0.0011968612670898438,0.0,0.0,0.001,"(20, 20)",3,"{'gmm__n_components': 3, 'NN__alpha': 0.001, 'NN__hidden_layer_sizes': (20, 20)}",55,0.0,0.0,0.0,0.0,0.0,0.0,0.0,0.0,0.0,0.0,0.01074126284315201,0.0003987551697700966,0.0,0.0
142,0.0402923583984375,0.001396512985229492,0.0,0.0,0.001,"(20, 20)",4,"{'gmm__n_components': 4, 'NN__alpha': 0.001, 'NN__hidden_layer_sizes': (20, 20)}",55,0.0,0.0,0.0,0.0,0.0,0.0,0.0,0.0,0.0,0.0,0.006450853051061434,0.0004883443337161399,0.0,0.0
143,0.0404911994934082,0.001396512985229492,0.0,0.0,0.001,"(20, 20)",5,"{'gmm__n_components': 5, 'NN__alpha': 0.001, 'NN__hidden_layer_sizes': (20, 20)}",55,0.0,0.0,0.0,0.0,0.0,0.0,0.0,0.0,0.0,0.0,0.007152634066488444,0.0004886362482192342,0.0,0.0
144,0.0508638858795166,0.0017948627471923828,0.0,0.0,0.001,"(20, 20)",6,"{'gmm__n_components': 6, 'NN__alpha': 0.001, 'NN__hidden_layer_sizes': (20, 20)}",55,0.0,0.0,0.0,0.0,0.0,0.0,0.0,0.0,0.0,0.0,0.0067939353192137415,0.0011631210480438098,0.0,0.0
145,0.06602311134338379,0.001196908950805664,0.01669556283310859,0.06885929830805532,0.001,"(20, 20)",7,"{'gmm__n_components': 7, 'NN__alpha': 0.001, 'NN__hidden_layer_sizes': (20, 20)}",49,0.0,0.04642780519201888,0.0,0.0,0.0,0.0,0.08379888268156427,0.2978686863482577,0.0,0.0,0.012994246438858206,0.00039956607726968015,0.03347129655152418,0.11590796399246778
146,0.08616933822631836,0.0017952919006347656,0.0,0.0,0.001,"(20, 20)",8,"{'gmm__n_components': 8, 'NN__alpha': 0.001, 'NN__hidden_layer_sizes': (20, 20)}",55,0.0,0.0,0.0,0.0,0.0,0.0,0.0,0.0,0.0,0.0,0.015990012476370347,0.0011630310683035678,0.0,0.0
147,0.08178119659423828,0.00139617919921875,0.0,0.0,0.001,"(20, 20)",9,"{'gmm__n_components': 9, 'NN__alpha': 0.001, 'NN__hidden_layer_sizes': (20, 20)}",55,0.0,0.0,0.0,0.0,0.0,0.0,0.0,0.0,0.0,0.0,0.0212034419456209,0.0004884219292923209,0.0,0.0
148,0.0821803092956543,0.0011964797973632812,0.0,0.0,0.001,"(20, 20)",10,"{'gmm__n_components': 10, 'NN__alpha': 0.001, 'NN__hidden_layer_sizes': (20, 20)}",55,0.0,0.0,0.0,0.0,0.0,0.0,0.0,0.0,0.0,0.0,0.019427101001307807,0.00039882674164771765,0.0,0.0
149,0.07400188446044922,0.0015957355499267578,0.0,0.0,0.001,"(20, 20)",11,"{'gmm__n_components': 11, 'NN__alpha': 0.001, 'NN__hidden_layer_sizes': (20, 20)}",55,0.0,0.0,0.0,0.0,0.0,0.0,0.0,0.0,0.0,0.0,0.016740753961497008,0.0004885192613241603,0.0,0.0
150,0.07223963737487793,0.0011968135833740235,0.0,0.0,0.001,"(20, 20)",12,"{'gmm__n_components': 12, 'NN__alpha': 0.001, 'NN__hidden_layer_sizes': (20, 20)}",55,0.0,0.0,0.0,0.0,0.0,0.0,0.0,0.0,0.0,0.0,0.005823554133821595,0.00039901736247607795,0.0,0.0
151,0.10038266181945801,0.0016025543212890626,0.0,0.0,0.001,"(20, 20)",13,"{'gmm__n_components': 13, 'NN__alpha': 0.001, 'NN__hidden_layer_sizes': (20, 20)}",55,0.0,0.0,0.0,0.0,0.0,0.0,0.0,0.0,0.0,0.0,0.019587447293637147,0.0008011421768906645,0.0,0.0
152,0.09316916465759277,0.0013959884643554687,0.0,0.0,0.001,"(20, 20)",14,"{'gmm__n_components': 14, 'NN__alpha': 0.001, 'NN__hidden_layer_sizes': (20, 20)}",55,0.0,0.0,0.0,0.0,0.0,0.0,0.0,0.0,0.0,0.0,0.023677762504639117,0.0004885777256966608,0.0,0.0
153,0.09606633186340333,0.0014200210571289062,0.0,0.0,0.001,"(20, 20)",15,"{'gmm__n_components': 15, 'NN__alpha': 0.001, 'NN__hidden_layer_sizes': (20, 20)}",55,0.0,0.0,0.0,0.0,0.0,0.0,0.0,0.0,0.0,0.0,0.0322352025832207,0.00046637046008646927,0.0,0.0
154,0.025460004806518555,0.0011006832122802735,0.0,0.0,0.001,"(20, 5)",2,"{'gmm__n_components': 2, 'NN__alpha': 0.001, 'NN__hidden_layer_sizes': (20, 5)}",55,0.0,0.0,0.0,0.0,0.0,0.0,0.0,0.0,0.0,0.0,0.004115047584283534,0.00048501143170397463,0.0,0.0
155,0.031677627563476564,0.000999784469604492,0.0,0.0,0.001,"(20, 5)",3,"{'gmm__n_components': 3, 'NN__alpha': 0.001, 'NN__hidden_layer_sizes': (20, 5)}",55,0.0,0.0,0.0,0.0,0.0,0.0,0.0,0.0,0.0,0.0,0.0025092350760966037,1.7068239376057377e-05,0.0,0.0
156,0.03662714958190918,0.0009931564331054688,0.6666666666666662,0.6666666666666641,0.001,"(20, 5)",4,"{'gmm__n_components': 4, 'NN__alpha': 0.001, 'NN__hidden_layer_sizes': (20, 5)}",1,0.6666666666666664,0.6666666666666631,0.6666666666666669,0.6666666666666613,0.6666666666666657,0.666666666666666,0.666666666666666,0.666666666666666,0.6666666666666656,0.6666666666666644,0.004687947859877181,8.182447828798796e-06,4.576363012879029e-16,1.785354613279572e-15
157,0.037797737121582034,0.0010982036590576171,0.6666666666666662,0.6666666666666641,0.001,"(20, 5)",5,"{'gmm__n_components': 5, 'NN__alpha': 0.001, 'NN__hidden_layer_sizes': (20, 5)}",1,0.6666666666666664,0.6666666666666631,0.6666666666666669,0.6666666666666613,0.6666666666666657,0.666666666666666,0.666666666666666,0.666666666666666,0.6666666666666656,0.6666666666666644,0.00356051414917871,0.0002059992484816067,4.576363012879029e-16,1.785354613279572e-15
158,0.04600825309753418,0.0011948108673095702,0.6666666666666662,0.6666666666666641,0.001,"(20, 5)",6,"{'gmm__n_components': 6, 'NN__alpha': 0.001, 'NN__hidden_layer_sizes': (20, 5)}",1,0.6666666666666664,0.6666666666666631,0.6666666666666669,0.6666666666666613,0.6666666666666657,0.666666666666666,0.666666666666666,0.666666666666666,0.6666666666666656,0.6666666666666644,0.006896749859851953,0.0004000331719388238,4.576363012879029e-16,1.785354613279572e-15
159,0.05079870223999024,0.0010019302368164062,0.0,0.0,0.001,"(20, 5)",7,"{'gmm__n_components': 7, 'NN__alpha': 0.001, 'NN__hidden_layer_sizes': (20, 5)}",55,0.0,0.0,0.0,0.0,0.0,0.0,0.0,0.0,0.0,0.0,0.009637807640646829,1.303048601833362e-05,0.0,0.0
160,0.06177358627319336,0.0010088443756103515,0.6666666666666662,0.6666666666666641,0.001,"(20, 5)",8,"{'gmm__n_components': 8, 'NN__alpha': 0.001, 'NN__hidden_layer_sizes': (20, 5)}",1,0.6666666666666664,0.6666666666666631,0.6666666666666669,0.6666666666666613,0.6666666666666657,0.666666666666666,0.666666666666666,0.666666666666666,0.6666666666666656,0.6666666666666644,0.015307245189274905,1.4330206164368658e-05,4.576363012879029e-16,1.785354613279572e-15
161,0.06316909790039063,0.0009973526000976562,0.0,0.0,0.001,"(20, 5)",9,"{'gmm__n_components': 9, 'NN__alpha': 0.001, 'NN__hidden_layer_sizes': (20, 5)}",55,0.0,0.0,0.0,0.0,0.0,0.0,0.0,0.0,0.0,0.0,0.014382893209650357,2.78041453115716e-07,0.0,0.0
162,0.07008867263793946,0.0008988857269287109,0.6666666666666662,0.6666666666666641,0.001,"(20, 5)",10,"{'gmm__n_components': 10, 'NN__alpha': 0.001, 'NN__hidden_layer_sizes': (20, 5)}",1,0.6666666666666664,0.6666666666666631,0.6666666666666669,0.6666666666666613,0.6666666666666657,0.666666666666666,0.666666666666666,0.666666666666666,0.6666666666666656,0.6666666666666644,0.016745421603520525,0.00019328201152785376,4.576363012879029e-16,1.785354613279572e-15
163,0.06200227737426758,0.001203155517578125,0.0,0.0,0.001,"(20, 5)",11,"{'gmm__n_components': 11, 'NN__alpha': 0.001, 'NN__hidden_layer_sizes': (20, 5)}",55,0.0,0.0,0.0,0.0,0.0,0.0,0.0,0.0,0.0,0.0,0.010896463315793735,0.0003959056224527411,0.0,0.0
164,0.06818575859069824,0.001203012466430664,0.0,0.0,0.001,"(20, 5)",12,"{'gmm__n_components': 12, 'NN__alpha': 0.001, 'NN__hidden_layer_sizes': (20, 5)}",55,0.0,0.0,0.0,0.0,0.0,0.0,0.0,0.0,0.0,0.0,0.006864828785391702,0.00039609983038832046,0.0,0.0
165,0.0925215721130371,0.0011785507202148437,0.0,0.0,0.001,"(20, 5)",13,"{'gmm__n_components': 13, 'NN__alpha': 0.001, 'NN__hidden_layer_sizes': (20, 5)}",55,0.0,0.0,0.0,0.0,0.0,0.0,0.0,0.0,0.0,0.0,0.01586040518787098,0.00040980522245635164,0.0,0.0
166,0.09179143905639649,0.0013966083526611329,0.0,0.0,0.001,"(20, 5)",14,"{'gmm__n_components': 14, 'NN__alpha': 0.001, 'NN__hidden_layer_sizes': (20, 5)}",55,0.0,0.0,0.0,0.0,0.0,0.0,0.0,0.0,0.0,0.0,0.025442790735238294,0.0004884610645930972,0.0,0.0
167,0.09218893051147461,0.0014081478118896484,0.6666666666666662,0.6666666666666641,0.001,"(20, 5)",15,"{'gmm__n_components': 15, 'NN__alpha': 0.001, 'NN__hidden_layer_sizes': (20, 5)}",1,0.6666666666666664,0.6666666666666631,0.6666666666666669,0.6666666666666613,0.6666666666666657,0.666666666666666,0.666666666666666,0.666666666666666,0.6666666666666656,0.6666666666666644,0.028475533560228975,0.0008224011366074366,4.576363012879029e-16,1.785354613279572e-15
168,0.0396172046661377,0.0016986846923828125,0.0,0.0,0.0001,"(200,)",2,"{'gmm__n_components': 2, 'NN__alpha': 0.0001, 'NN__hidden_layer_sizes': (200,)}",55,0.0,0.0,0.0,0.0,0.0,0.0,0.0,0.0,0.0,0.0,0.0022539159686077344,0.0003972854109976823,0.0,0.0
169,0.04439167976379395,0.0010022640228271485,0.0,0.0,0.0001,"(200,)",3,"{'gmm__n_components': 3, 'NN__alpha': 0.0001, 'NN__hidden_layer_sizes': (200,)}",55,0.0,0.0,0.0,0.0,0.0,0.0,0.0,0.0,0.0,0.0,0.0027126494857858535,0.0005397911500214012,0.0,0.0
170,0.051106929779052734,0.0013962268829345703,0.0,0.0,0.0001,"(200,)",4,"{'gmm__n_components': 4, 'NN__alpha': 0.0001, 'NN__hidden_layer_sizes': (200,)}",55,0.0,0.0,0.0,0.0,0.0,0.0,0.0,0.0,0.0,0.0,0.004620929538732009,0.0004885776326209085,0.0,0.0
171,0.05281887054443359,0.001296663284301758,0.0,0.0,0.0001,"(200,)",5,"{'gmm__n_components': 5, 'NN__alpha': 0.0001, 'NN__hidden_layer_sizes': (200,)}",55,0.0,0.0,0.0,0.0,0.0,0.0,0.0,0.0,0.0,0.0,0.00278063937010062,0.00040154379233155814,0.0,0.0
172,0.06408977508544922,0.0013057708740234375,0.0,0.0,0.0001,"(200,)",6,"{'gmm__n_components': 6, 'NN__alpha': 0.0001, 'NN__hidden_layer_sizes': (200,)}",55,0.0,0.0,0.0,0.0,0.0,0.0,0.0,0.0,0.0,0.0,0.001228179870325372,0.0005907496929388839,0.0,0.0
173,0.07157526016235352,0.0017931461334228516,0.0,0.0,0.0001,"(200,)",7,"{'gmm__n_components': 7, 'NN__alpha': 0.0001, 'NN__hidden_layer_sizes': (200,)}",55,0.0,0.0,0.0,0.0,0.0,0.0,0.0,0.0,0.0,0.0,0.010699470990418838,0.00074981491583395,0.0,0.0
174,0.0844334602355957,0.001299142837524414,0.0,0.0,0.0001,"(200,)",8,"{'gmm__n_components': 8, 'NN__alpha': 0.0001, 'NN__hidden_layer_sizes': (200,)}",55,0.0,0.0,0.0,0.0,0.0,0.0,0.0,0.0,0.0,0.0,0.025078759611829975,0.0004000290340596819,0.0,0.0
175,0.08871660232543946,0.0019988059997558595,0.0,0.0,0.0001,"(200,)",9,"{'gmm__n_components': 9, 'NN__alpha': 0.0001, 'NN__hidden_layer_sizes': (200,)}",55,0.0,0.0,0.0,0.0,0.0,0.0,0.0,0.0,0.0,0.0,0.022368402559127615,1.5219697946889324e-05,0.0,0.0
176,0.08644933700561523,0.0015956401824951173,0.0,0.0,0.0001,"(200,)",10,"{'gmm__n_components': 10, 'NN__alpha': 0.0001, 'NN__hidden_layer_sizes': (200,)}",55,0.0,0.0,0.0,0.0,0.0,0.0,0.0,0.0,0.0,0.0,0.016763721706617534,0.0004889287092545,0.0,0.0
177,0.08721108436584472,0.004101753234863281,0.0,0.0,0.0001,"(200,)",11,"{'gmm__n_components': 11, 'NN__alpha': 0.0001, 'NN__hidden_layer_sizes': (200,)}",55,0.0,0.0,0.0,0.0,0.0,0.0,0.0,0.0,0.0,0.0,0.016075751122945098,0.0049661259718066465,0.0,0.0
178,0.09267287254333496,0.0017955303192138672,0.0,0.0,0.0001,"(200,)",12,"{'gmm__n_components': 12, 'NN__alpha': 0.0001, 'NN__hidden_layer_sizes': (200,)}",55,0.0,0.0,0.0,0.0,0.0,0.0,0.0,0.0,0.0,0.0,0.0132317312854142,0.0007462893344720759,0.0,0.0
179,0.11370964050292968,0.0013962268829345703,0.0,0.0,0.0001,"(200,)",13,"{'gmm__n_components': 13, 'NN__alpha': 0.0001, 'NN__hidden_layer_sizes': (200,)}",55,0.0,0.0,0.0,0.0,0.0,0.0,0.0,0.0,0.0,0.0,0.014391058321453813,0.0004888696868767488,0.0,0.0
180,0.11441679000854492,0.0012979984283447265,0.0,0.0,0.0001,"(200,)",14,"{'gmm__n_components': 14, 'NN__alpha': 0.0001, 'NN__hidden_layer_sizes': (200,)}",55,0.0,0.0,0.0,0.0,0.0,0.0,0.0,0.0,0.0,0.0,0.02175855719589396,0.00039980096959094666,0.0,0.0
181,0.1177100658416748,0.001794719696044922,0.0,0.0,0.0001,"(200,)",15,"{'gmm__n_components': 15, 'NN__alpha': 0.0001, 'NN__hidden_layer_sizes': (200,)}",55,0.0,0.0,0.0,0.0,0.0,0.0,0.0,0.0,0.0,0.0,0.034864321335210675,0.0003989458475937594,0.0,0.0
182,0.0325131893157959,0.0011967658996582032,0.0,0.0,0.0001,"(100,)",2,"{'gmm__n_components': 2, 'NN__alpha': 0.0001, 'NN__hidden_layer_sizes': (100,)}",55,0.0,0.0,0.0,0.0,0.0,0.0,0.0,0.0,0.0,0.0,0.002862119382731757,0.0003986838473868777,0.0,0.0
183,0.042685651779174806,0.0011970043182373048,0.0,0.0,0.0001,"(100,)",3,"{'gmm__n_components': 3, 'NN__alpha': 0.0001, 'NN__hidden_layer_sizes': (100,)}",55,0.0,0.0,0.0,0.0,0.0,0.0,0.0,0.0,0.0,0.0,0.0035337877810146063,0.0003988029389954841,0.0,0.0
184,0.04029231071472168,0.001396322250366211,0.0,0.0,0.0001,"(100,)",4,"{'gmm__n_components': 4, 'NN__alpha': 0.0001, 'NN__hidden_layer_sizes': (100,)}",55,0.0,0.0,0.0,0.0,0.0,0.0,0.0,0.0,0.0,0.0,0.003918398229248409,0.0004888892253703093,0.0,0.0
185,0.04587712287902832,0.00139617919921875,0.0,0.0,0.0001,"(100,)",5,"{'gmm__n_components': 5, 'NN__alpha': 0.0001, 'NN__hidden_layer_sizes': (100,)}",55,0.0,0.0,0.0,0.0,0.0,0.0,0.0,0.0,0.0,0.0,0.0027492934765850664,0.0004884221387794996,0.0,0.0
186,0.04886946678161621,0.0011964797973632812,0.0,0.0,0.0001,"(100,)",6,"{'gmm__n_components': 6, 'NN__alpha': 0.0001, 'NN__hidden_layer_sizes': (100,)}",55,0.0,0.0,0.0,0.0,0.0,0.0,0.0,0.0,0.0,0.0,0.004231183952373288,0.0003988267416477177,0.0,0.0
187,0.05644931793212891,0.001595306396484375,0.0,0.0,0.0001,"(100,)",7,"{'gmm__n_components': 7, 'NN__alpha': 0.0001, 'NN__hidden_layer_sizes': (100,)}",55,0.0,0.0,0.0,0.0,0.0,0.0,0.0,0.0,0.0,0.0,0.011259363790369053,0.0007975340085529801,0.0,0.0
188,0.06901507377624512,0.0011971473693847656,0.0,0.0,0.0001,"(100,)",8,"{'gmm__n_components': 8, 'NN__alpha': 0.0001, 'NN__hidden_layer_sizes': (100,)}",55,0.0,0.0,0.0,0.0,0.0,0.0,0.0,0.0,0.0,0.0,0.01786755331611226,0.0003987312602015998,0.0,0.0
189,0.06702055931091308,0.0015957355499267578,0.0,0.0,0.0001,"(100,)",9,"{'gmm__n_components': 9, 'NN__alpha': 0.0001, 'NN__hidden_layer_sizes': (100,)}",55,0.0,0.0,0.0,0.0,0.0,0.0,0.0,0.0,0.0,0.0,0.013968674709209396,0.00048813000307229847,0.0,0.0
190,0.08118290901184082,0.0011966228485107422,0.017975923779119735,0.017665666646258075,0.0001,"(100,)",10,"{'gmm__n_components': 10, 'NN__alpha': 0.0001, 'NN__hidden_layer_sizes': (100,)}",43,0.0,0.0,0.08965062623599206,0.08832833323129037,0.0,0.0,0.0,0.0,0.0,0.0,0.016038832030682723,0.0003987555118951826,0.035894553740864685,0.03533133329251615
191,0.07220687866210937,0.0017948627471923828,0.0,0.0,0.0001,"(100,)",11,"{'gmm__n_components': 11, 'NN__alpha': 0.0001, 'NN__hidden_layer_sizes': (100,)}",55,0.0,0.0,0.0,0.0,0.0,0.0,0.0,0.0,0.0,0.0,0.013012880045923322,0.0003990175904096286,0.0,0.0
192,0.07680335044860839,0.0013968467712402344,0.0,0.0,0.0001,"(100,)",12,"{'gmm__n_components': 12, 'NN__alpha': 0.0001, 'NN__hidden_layer_sizes': (100,)}",55,0.0,0.0,0.0,0.0,0.0,0.0,0.0,0.0,0.0,0.0,0.006716488268651888,0.000797653412032133,0.0,0.0
193,0.09437618255615235,0.0011968612670898438,0.0,0.0,0.0001,"(100,)",13,"{'gmm__n_components': 13, 'NN__alpha': 0.0001, 'NN__hidden_layer_sizes': (100,)}",55,0.0,0.0,0.0,0.0,0.0,0.0,0.0,0.0,0.0,0.0,0.015572725087007775,0.00039875519828053163,0.0,0.0
194,0.10003142356872559,0.0013944149017333985,0.07711955987818055,0.05638668130804588,0.0001,"(100,)",14,"{'gmm__n_components': 14, 'NN__alpha': 0.0001, 'NN__hidden_layer_sizes': (100,)}",37,0.0,0.0,0.3846153846153845,0.2819334065402294,0.0,0.0,0.0,0.0,0.0,0.0,0.02223526681106518,0.00048617322839761414,0.1539933202061418,0.11277336261609176
195,0.10141553878784179,0.0014955997467041016,0.0,0.0,0.0001,"(100,)",15,"{'gmm__n_components': 15, 'NN__alpha': 0.0001, 'NN__hidden_layer_sizes': (100,)}",55,0.0,0.0,0.0,0.0,0.0,0.0,0.0,0.0,0.0,0.0,0.03193009083088786,0.00044374420851375676,0.0,0.0
196,0.027726173400878906,0.0013962268829345703,0.0,0.0,0.0001,"(20, 20)",2,"{'gmm__n_components': 2, 'NN__alpha': 0.0001, 'NN__hidden_layer_sizes': (20, 20)}",55,0.0,0.0,0.0,0.0,0.0,0.0,0.0,0.0,0.0,0.0,0.00364551211628253,0.000488675026697694,0.0,0.0
197,0.0359036922454834,0.0011967182159423827,0.0,0.0,0.0001,"(20, 20)",3,"{'gmm__n_components': 3, 'NN__alpha': 0.0001, 'NN__hidden_layer_sizes': (20, 20)}",55,0.0,0.0,0.0,0.0,0.0,0.0,0.0,0.0,0.0,0.0,0.005085698076503457,0.00039870748606578413,0.0,0.0
198,0.03854126930236816,0.0012034893035888672,0.0,0.0,0.0001,"(20, 20)",4,"{'gmm__n_components': 4, 'NN__alpha': 0.0001, 'NN__hidden_layer_sizes': (20, 20)}",55,0.0,0.0,0.0,0.0,0.0,0.0,0.0,0.0,0.0,0.0,0.006445875622172475,0.0003957437135336094,0.0,0.0
199,0.03831787109375,0.0014008522033691407,0.0,0.0,0.0001,"(20, 20)",5,"{'gmm__n_components': 5, 'NN__alpha': 0.0001, 'NN__hidden_layer_sizes': (20, 20)}",55,0.0,0.0,0.0,0.0,0.0,0.0,0.0,0.0,0.0,0.0,0.002340246549654909,0.000497956950791755,0.0,0.0
200,0.04358963966369629,0.0011946678161621094,0.0,0.0,0.0001,"(20, 20)",6,"{'gmm__n_components': 6, 'NN__alpha': 0.0001, 'NN__hidden_layer_sizes': (20, 20)}",55,0.0,0.0,0.0,0.0,0.0,0.0,0.0,0.0,0.0,0.0,0.004458845505007498,0.00039987037549690617,0.0,0.0
201,0.05779280662536621,0.0009945392608642577,0.01669556283310859,0.06885929830805532,0.0001,"(20, 20)",7,"{'gmm__n_components': 7, 'NN__alpha': 0.0001, 'NN__hidden_layer_sizes': (20, 20)}",49,0.0,0.04642780519201888,0.0,0.0,0.0,0.0,0.08379888268156427,0.2978686863482577,0.0,0.0,0.011265879943541888,5.772684459847091e-06,0.03347129655152418,0.11590796399246778
202,0.07857398986816407,0.0012976646423339844,0.0,0.0,0.0001,"(20, 20)",8,"{'gmm__n_components': 8, 'NN__alpha': 0.0001, 'NN__hidden_layer_sizes': (20, 20)}",55,0.0,0.0,0.0,0.0,0.0,0.0,0.0,0.0,0.0,0.0,0.019239609287172648,0.00040252426679319634,0.0,0.0
203,0.07807307243347168,0.0013961315155029297,0.0,0.0,0.0001,"(20, 20)",9,"{'gmm__n_components': 9, 'NN__alpha': 0.0001, 'NN__hidden_layer_sizes': (20, 20)}",55,0.0,0.0,0.0,0.0,0.0,0.0,0.0,0.0,0.0,0.0,0.010923741869823074,0.0004884610645930972,0.0,0.0
204,0.07577815055847167,0.001194906234741211,0.0,0.0,0.0001,"(20, 20)",10,"{'gmm__n_components': 10, 'NN__alpha': 0.0001, 'NN__hidden_layer_sizes': (20, 20)}",55,0.0,0.0,0.0,0.0,0.0,0.0,0.0,0.0,0.0,0.0,0.017126443267455084,0.0003993880667605008,0.0,0.0
205,0.07178072929382324,0.0014008045196533202,0.0,0.0,0.0001,"(20, 20)",11,"{'gmm__n_components': 11, 'NN__alpha': 0.0001, 'NN__hidden_layer_sizes': (20, 20)}",55,0.0,0.0,0.0,0.0,0.0,0.0,0.0,0.0,0.0,0.0,0.013242129113342863,0.0004979016747059579,0.0,0.0
206,0.07287540435791015,0.0010031700134277345,0.0,0.0,0.0001,"(20, 20)",12,"{'gmm__n_components': 12, 'NN__alpha': 0.0001, 'NN__hidden_layer_sizes': (20, 20)}",55,0.0,0.0,0.0,0.0,0.0,0.0,0.0,0.0,0.0,0.0,0.010813804780704274,1.1373940670681439e-05,0.0,0.0
207,0.09156990051269531,0.0013945579528808593,0.0,0.0,0.0001,"(20, 20)",13,"{'gmm__n_components': 13, 'NN__alpha': 0.0001, 'NN__hidden_layer_sizes': (20, 20)}",55,0.0,0.0,0.0,0.0,0.0,0.0,0.0,0.0,0.0,0.0,0.014922167006588915,0.0004897541596093367,0.0,0.0
208,0.08669009208679199,0.0012978553771972657,0.0,0.0,0.0001,"(20, 20)",14,"{'gmm__n_components': 14, 'NN__alpha': 0.0001, 'NN__hidden_layer_sizes': (20, 20)}",55,0.0,0.0,0.0,0.0,0.0,0.0,0.0,0.0,0.0,0.0,0.019540631961651664,0.00039966895422736276,0.0,0.0
209,0.09656248092651368,0.0015958309173583984,0.0,0.0,0.0001,"(20, 20)",15,"{'gmm__n_components': 15, 'NN__alpha': 0.0001, 'NN__hidden_layer_sizes': (20, 20)}",55,0.0,0.0,0.0,0.0,0.0,0.0,0.0,0.0,0.0,0.0,0.03476133583151905,0.000488499866287179,0.0,0.0
210,0.02758784294128418,0.001003265380859375,0.0,0.0,0.0001,"(20, 5)",2,"{'gmm__n_components': 2, 'NN__alpha': 0.0001, 'NN__hidden_layer_sizes': (20, 5)}",55,0.0,0.0,0.0,0.0,0.0,0.0,0.0,0.0,0.0,0.0,0.00364724429326697,1.2636634530751527e-05,0.0,0.0
211,0.03170080184936523,0.0009974002838134765,0.0,0.0,0.0001,"(20, 5)",3,"{'gmm__n_components': 3, 'NN__alpha': 0.0001, 'NN__hidden_layer_sizes': (20, 5)}",55,0.0,0.0,0.0,0.0,0.0,0.0,0.0,0.0,0.0,0.0,0.002488728275913359,3.8738433859996607e-07,0.0,0.0
212,0.03600015640258789,0.0011948585510253907,0.6666666666666662,0.6666666666666641,0.0001,"(20, 5)",4,"{'gmm__n_components': 4, 'NN__alpha': 0.0001, 'NN__hidden_layer_sizes': (20, 5)}",1,0.6666666666666664,0.6666666666666631,0.6666666666666669,0.6666666666666613,0.6666666666666657,0.666666666666666,0.666666666666666,0.666666666666666,0.6666666666666656,0.6666666666666644,0.0059288503497867,0.00040001401683654997,4.576363012879029e-16,1.785354613279572e-15
213,0.036995315551757814,0.0009958744049072266,0.6666666666666662,0.6666666666666641,0.0001,"(20, 5)",5,"{'gmm__n_components': 5, 'NN__alpha': 0.0001, 'NN__hidden_layer_sizes': (20, 5)}",1,0.6666666666666664,0.6666666666666631,0.6666666666666669,0.6666666666666613,0.6666666666666657,0.666666666666666,0.666666666666666,0.666666666666666,0.6666666666666656,0.6666666666666644,0.0027598801013212584,3.461588175369556e-06,4.576363012879029e-16,1.785354613279572e-15
214,0.04469213485717773,0.0013962745666503905,0.6666666666666662,0.6666666666666641,0.0001,"(20, 5)",6,"{'gmm__n_components': 6, 'NN__alpha': 0.0001, 'NN__hidden_layer_sizes': (20, 5)}",1,0.6666666666666664,0.6666666666666631,0.6666666666666669,0.6666666666666613,0.6666666666666657,0.666666666666666,0.666666666666666,0.666666666666666,0.6666666666666656,0.6666666666666644,0.0048121517446670405,0.0004888307377853883,4.576363012879029e-16,1.785354613279572e-15
215,0.049981880187988284,0.001210641860961914,0.0,0.0,0.0001,"(20, 5)",7,"{'gmm__n_components': 7, 'NN__alpha': 0.0001, 'NN__hidden_layer_sizes': (20, 5)}",55,0.0,0.0,0.0,0.0,0.0,0.0,0.0,0.0,0.0,0.0,0.009221005601485466,0.00042679313507621195,0.0,0.0
216,0.057366943359375,0.000997161865234375,0.6666666666666662,0.6666666666666641,0.0001,"(20, 5)",8,"{'gmm__n_components': 8, 'NN__alpha': 0.0001, 'NN__hidden_layer_sizes': (20, 5)}",1,0.6666666666666664,0.6666666666666631,0.6666666666666669,0.6666666666666613,0.6666666666666657,0.666666666666666,0.666666666666666,0.666666666666666,0.6666666666666656,0.6666666666666644,0.01687303010103596,1.9073486328124998e-07,4.576363012879029e-16,1.785354613279572e-15
217,0.06070528030395508,0.001203441619873047,0.0,0.0,0.0001,"(20, 5)",9,"{'gmm__n_components': 9, 'NN__alpha': 0.0001, 'NN__hidden_layer_sizes': (20, 5)}",55,0.0,0.0,0.0,0.0,0.0,0.0,0.0,0.0,0.0,0.0,0.011199809002526148,0.00039578735377743544,0.0,0.0
218,0.07285804748535156,0.0009971141815185546,0.6666666666666662,0.6666666666666641,0.0001,"(20, 5)",10,"{'gmm__n_components': 10, 'NN__alpha': 0.0001, 'NN__hidden_layer_sizes': (20, 5)}",1,0.6666666666666664,0.6666666666666631,0.6666666666666669,0.6666666666666613,0.6666666666666657,0.666666666666666,0.666666666666666,0.666666666666666,0.6666666666666656,0.6666666666666644,0.01454337023221481,4.1019083342755444e-07,4.576363012879029e-16,1.785354613279572e-15
219,0.06573519706726075,0.0014988899230957032,0.0,0.0,0.0001,"(20, 5)",11,"{'gmm__n_components': 11, 'NN__alpha': 0.0001, 'NN__hidden_layer_sizes': (20, 5)}",55,0.0,0.0,0.0,0.0,0.0,0.0,0.0,0.0,0.0,0.0,0.014892644969840737,0.00044588240278781806,0.0,0.0
220,0.07534613609313964,0.0014012813568115234,0.0,0.0,0.0001,"(20, 5)",12,"{'gmm__n_components': 12, 'NN__alpha': 0.0001, 'NN__hidden_layer_sizes': (20, 5)}",55,0.0,0.0,0.0,0.0,0.0,0.0,0.0,0.0,0.0,0.0,0.0025808460686926795,0.0004991867579229143,0.0,0.0
221,0.09686460494995117,0.0012250423431396484,0.0,0.0,0.0001,"(20, 5)",13,"{'gmm__n_components': 13, 'NN__alpha': 0.0001, 'NN__hidden_layer_sizes': (20, 5)}",55,0.0,0.0,0.0,0.0,0.0,0.0,0.0,0.0,0.0,0.0,0.015855737496726235,0.0003891722000440218,0.0,0.0
222,0.08849000930786133,0.0013962268829345703,0.0,0.0,0.0001,"(20, 5)",14,"{'gmm__n_components': 14, 'NN__alpha': 0.0001, 'NN__hidden_layer_sizes': (20, 5)}",55,0.0,0.0,0.0,0.0,0.0,0.0,0.0,0.0,0.0,0.0,0.026086056916765722,0.000489259123436079,0.0,0.0
223,0.10227322578430176,0.0013962268829345703,0.6666666666666662,0.6666666666666641,0.0001,"(20, 5)",15,"{'gmm__n_components': 15, 'NN__alpha': 0.0001, 'NN__hidden_layer_sizes': (20, 5)}",1,0.6666666666666664,0.6666666666666631,0.6666666666666669,0.6666666666666613,0.6666666666666657,0.666666666666666,0.666666666666666,0.666666666666666,0.6666666666666656,0.6666666666666644,0.03984005771653148,0.0004885777489655962,4.576363012879029e-16,1.785354613279572e-15
224,0.04250965118408203,0.0015958786010742188,0.0,0.0,1e-05,"(200,)",2,"{'gmm__n_components': 2, 'NN__alpha': 1e-05, 'NN__hidden_layer_sizes': (200,)}",55,0.0,0.0,0.0,0.0,0.0,0.0,0.0,0.0,0.0,0.0,0.0036922085596174064,0.000488538892953226,0.0,0.0
225,0.04926633834838867,0.001506662368774414,0.0,0.0,1e-05,"(200,)",3,"{'gmm__n_components': 3, 'NN__alpha': 1e-05, 'NN__hidden_layer_sizes': (200,)}",55,0.0,0.0,0.0,0.0,0.0,0.0,0.0,0.0,0.0,0.0,0.007084838320896465,0.0006309225338067203,0.0,0.0
226,0.05530557632446289,0.0015956878662109375,0.0,0.0,1e-05,"(200,)",4,"{'gmm__n_components': 4, 'NN__alpha': 1e-05, 'NN__hidden_layer_sizes': (200,)}",55,0.0,0.0,0.0,0.0,0.0,0.0,0.0,0.0,0.0,0.0,0.00566341434670389,0.0004883830422602871,0.0,0.0
227,0.05119800567626953,0.0017949581146240235,0.0,0.0,1e-05,"(200,)",5,"{'gmm__n_components': 5, 'NN__alpha': 1e-05, 'NN__hidden_layer_sizes': (200,)}",55,0.0,0.0,0.0,0.0,0.0,0.0,0.0,0.0,0.0,0.0,0.00290593407549251,0.000398946018574579,0.0,0.0
228,0.06523604393005371,0.0012001991271972656,0.0,0.0,1e-05,"(200,)",6,"{'gmm__n_components': 6, 'NN__alpha': 1e-05, 'NN__hidden_layer_sizes': (200,)}",55,0.0,0.0,0.0,0.0,0.0,0.0,0.0,0.0,0.0,0.0,0.006083624192867748,0.00039680928888966715,0.0,0.0
229,0.06763291358947754,0.0015956878662109375,0.0,0.0,1e-05,"(200,)",7,"{'gmm__n_components': 7, 'NN__alpha': 1e-05, 'NN__hidden_layer_sizes': (200,)}",55,0.0,0.0,0.0,0.0,0.0,0.0,0.0,0.0,0.0,0.0,0.012133553237339542,0.0004888696636217089,0.0,0.0
230,0.07503290176391601,0.001196908950805664,0.0,0.0,1e-05,"(200,)",8,"{'gmm__n_components': 8, 'NN__alpha': 1e-05, 'NN__hidden_layer_sizes': (200,)}",55,0.0,0.0,0.0,0.0,0.0,0.0,0.0,0.0,0.0,0.0,0.016017956960622956,0.00039885082221481855,0.0,0.0
231,0.080584716796875,0.001907491683959961,0.0,0.0,1e-05,"(200,)",9,"{'gmm__n_components': 9, 'NN__alpha': 1e-05, 'NN__hidden_layer_sizes': (200,)}",55,0.0,0.0,0.0,0.0,0.0,0.0,0.0,0.0,0.0,0.0,0.015571193700284267,0.00017483243346618423,0.0,0.0
232,0.0889765739440918,0.0016032695770263673,0.0,0.0,1e-05,"(200,)",10,"{'gmm__n_components': 10, 'NN__alpha': 1e-05, 'NN__hidden_layer_sizes': (200,)}",55,0.0,0.0,0.0,0.0,0.0,0.0,0.0,0.0,0.0,0.0,0.019981013903188457,0.0004949653676226569,0.0,0.0
233,0.08041424751281738,0.0012036800384521485,0.0,0.0,1e-05,"(200,)",11,"{'gmm__n_components': 11, 'NN__alpha': 1e-05, 'NN__hidden_layer_sizes': (200,)}",55,0.0,0.0,0.0,0.0,0.0,0.0,0.0,0.0,0.0,0.0,0.009951653898908936,0.00039579531030692447,0.0,0.0
234,0.08817815780639648,0.001395845413208008,0.0,0.0,1e-05,"(200,)",12,"{'gmm__n_components': 12, 'NN__alpha': 1e-05, 'NN__hidden_layer_sizes': (200,)}",55,0.0,0.0,0.0,0.0,0.0,0.0,0.0,0.0,0.0,0.0,0.0075680210014210094,0.0004885001455588343,0.0,0.0
235,0.12029776573181153,0.0013958930969238282,0.0,0.0,1e-05,"(200,)",13,"{'gmm__n_components': 13, 'NN__alpha': 1e-05, 'NN__hidden_layer_sizes': (200,)}",55,0.0,0.0,0.0,0.0,0.0,0.0,0.0,0.0,0.0,0.0,0.010904534365623234,0.0004883636045668369,0.0,0.0
236,0.10954074859619141,0.001595449447631836,0.0,0.0,1e-05,"(200,)",14,"{'gmm__n_components': 14, 'NN__alpha': 1e-05, 'NN__hidden_layer_sizes': (200,)}",55,0.0,0.0,0.0,0.0,0.0,0.0,0.0,0.0,0.0,0.0,0.023708229026974552,0.0004885778187723955,0.0,0.0
237,0.11630868911743164,0.001994752883911133,0.0,0.0,1e-05,"(200,)",15,"{'gmm__n_components': 15, 'NN__alpha': 1e-05, 'NN__hidden_layer_sizes': (200,)}",55,0.0,0.0,0.0,0.0,0.0,0.0,0.0,0.0,0.0,0.0,0.031012501191720977,5.56082906231432e-07,0.0,0.0
238,0.032712364196777345,0.0015956401824951173,0.0,0.0,1e-05,"(100,)",2,"{'gmm__n_components': 2, 'NN__alpha': 1e-05, 'NN__hidden_layer_sizes': (100,)}",55,0.0,0.0,0.0,0.0,0.0,0.0,0.0,0.0,0.0,0.0,0.0027053603102005132,0.00048824689695838074,0.0,0.0
239,0.039893150329589844,0.0011970043182373048,0.0,0.0,1e-05,"(100,)",3,"{'gmm__n_components': 3, 'NN__alpha': 1e-05, 'NN__hidden_layer_sizes': (100,)}",55,0.0,0.0,0.0,0.0,0.0,0.0,0.0,0.0,0.0,0.0,0.0038367954730556455,0.00039880322406559267,0.0,0.0
240,0.040092849731445314,0.0009972572326660157,0.0,0.0,1e-05,"(100,)",4,"{'gmm__n_components': 4, 'NN__alpha': 1e-05, 'NN__hidden_layer_sizes': (100,)}",55,0.0,0.0,0.0,0.0,0.0,0.0,0.0,0.0,0.0,0.0,0.003804873233959149,3.814697265625e-07,0.0,0.0
241,0.044081926345825195,0.000997447967529297,0.0,0.0,1e-05,"(100,)",5,"{'gmm__n_components': 5, 'NN__alpha': 1e-05, 'NN__hidden_layer_sizes': (100,)}",55,0.0,0.0,0.0,0.0,0.0,0.0,0.0,0.0,0.0,0.0,0.00502207775185581,3.568322550558034e-07,0.0,0.0
242,0.04767255783081055,0.0013962745666503905,0.0,0.0,1e-05,"(100,)",6,"{'gmm__n_components': 6, 'NN__alpha': 1e-05, 'NN__hidden_layer_sizes': (100,)}",55,0.0,0.0,0.0,0.0,0.0,0.0,0.0,0.0,0.0,0.0,0.004903197424790461,0.0004888309005836067,0.0,0.0
243,0.055451250076293944,0.0011967658996582032,0.0,0.0,1e-05,"(100,)",7,"{'gmm__n_components': 7, 'NN__alpha': 1e-05, 'NN__hidden_layer_sizes': (100,)}",55,0.0,0.0,0.0,0.0,0.0,0.0,0.0,0.0,0.0,0.0,0.009965798633723563,0.0003988030245165381,0.0,0.0
244,0.06861629486083984,0.0013961315155029297,0.0,0.0,1e-05,"(100,)",8,"{'gmm__n_components': 8, 'NN__alpha': 1e-05, 'NN__hidden_layer_sizes': (100,)}",55,0.0,0.0,0.0,0.0,0.0,0.0,0.0,0.0,0.0,0.0,0.019920853866623157,0.0004885583190187121,0.0,0.0
245,0.06550045013427734,0.0013022899627685546,0.0,0.0,1e-05,"(100,)",9,"{'gmm__n_components': 9, 'NN__alpha': 1e-05, 'NN__hidden_layer_sizes': (100,)}",55,0.0,0.0,0.0,0.0,0.0,0.0,0.0,0.0,0.0,0.0,0.01176282611982084,0.0004021563969021763,0.0,0.0
246,0.07911248207092285,0.00139617919921875,0.017975923779119735,0.017665666646258075,1e-05,"(100,)",10,"{'gmm__n_components': 10, 'NN__alpha': 1e-05, 'NN__hidden_layer_sizes': (100,)}",43,0.0,0.0,0.08965062623599206,0.08832833323129037,0.0,0.0,0.0,0.0,0.0,0.0,0.01592174405814046,0.0004885193311393172,0.035894553740864685,0.03533133329251615
247,0.06927804946899414,0.0017949581146240235,0.0,0.0,1e-05,"(100,)",11,"{'gmm__n_components': 11, 'NN__alpha': 1e-05, 'NN__hidden_layer_sizes': (100,)}",55,0.0,0.0,0.0,0.0,0.0,0.0,0.0,0.0,0.0,0.0,0.011274642006683716,0.00039918455094724916,0.0,0.0
248,0.07554759979248046,0.0015958309173583984,0.0,0.0,1e-05,"(100,)",12,"{'gmm__n_components': 12, 'NN__alpha': 1e-05, 'NN__hidden_layer_sizes': (100,)}",55,0.0,0.0,0.0,0.0,0.0,0.0,0.0,0.0,0.0,0.0,0.010643613573824592,0.0004885972060614241,0.0,0.0
249,0.09093613624572754,0.0015960693359375,0.0,0.0,1e-05,"(100,)",13,"{'gmm__n_components': 13, 'NN__alpha': 1e-05, 'NN__hidden_layer_sizes': (100,)}",55,0.0,0.0,0.0,0.0,0.0,0.0,0.0,0.0,0.0,0.0,0.013798744802046396,0.0004886945497105887,0.0,0.0
250,0.1018287181854248,0.0015936851501464843,0.07711955987818055,0.05638668130804588,1e-05,"(100,)",14,"{'gmm__n_components': 14, 'NN__alpha': 1e-05, 'NN__hidden_layer_sizes': (100,)}",37,0.0,0.0,0.3846153846153845,0.2819334065402294,0.0,0.0,0.0,0.0,0.0,0.0,0.022170537644732216,0.00048715051655702415,0.1539933202061418,0.11277336261609176
251,0.10019021034240723,0.0014051437377929688,0.0,0.0,1e-05,"(100,)",15,"{'gmm__n_components': 15, 'NN__alpha': 1e-05, 'NN__hidden_layer_sizes': (100,)}",55,0.0,0.0,0.0,0.0,0.0,0.0,0.0,0.0,0.0,0.0,0.03446882740911221,0.0004951472917945912,0.0,0.0
252,0.026983976364135742,0.000997781753540039,0.0,0.0,1e-05,"(20, 20)",2,"{'gmm__n_components': 2, 'NN__alpha': 1e-05, 'NN__hidden_layer_sizes': (20, 20)}",55,0.0,0.0,0.0,0.0,0.0,0.0,0.0,0.0,0.0,0.0,0.0030381101790479506,3.693564745147149e-07,0.0,0.0
253,0.03738512992858887,0.0014007568359375,0.0,0.0,1e-05,"(20, 20)",3,"{'gmm__n_components': 3, 'NN__alpha': 1e-05, 'NN__hidden_layer_sizes': (20, 20)}",55,0.0,0.0,0.0,0.0,0.0,0.0,0.0,0.0,0.0,0.0,0.005161426027990843,0.0004982337594823602,0.0,0.0
254,0.03890228271484375,0.0011997699737548828,0.0,0.0,1e-05,"(20, 20)",4,"{'gmm__n_components': 4, 'NN__alpha': 1e-05, 'NN__hidden_layer_sizes': (20, 20)}",55,0.0,0.0,0.0,0.0,0.0,0.0,0.0,0.0,0.0,0.0,0.004608463113093058,0.0005040670701930535,0.0,0.0
255,0.03868765830993652,0.001196908950805664,0.0,0.0,1e-05,"(20, 20)",5,"{'gmm__n_components': 5, 'NN__alpha': 1e-05, 'NN__hidden_layer_sizes': (20, 20)}",55,0.0,0.0,0.0,0.0,0.0,0.0,0.0,0.0,0.0,0.0,0.00285629507029748,0.00039908889872717533,0.0,0.0
256,0.043293428421020505,0.0009009361267089844,0.0,0.0,1e-05,"(20, 20)",6,"{'gmm__n_components': 6, 'NN__alpha': 1e-05, 'NN__hidden_layer_sizes': (20, 20)}",55,0.0,0.0,0.0,0.0,0.0,0.0,0.0,0.0,0.0,0.0,0.004216271945276255,0.00019237997363765605,0.0,0.0
257,0.055390024185180665,0.0012998104095458985,0.01669556283310859,0.06885929830805532,1e-05,"(20, 20)",7,"{'gmm__n_components': 7, 'NN__alpha': 1e-05, 'NN__hidden_layer_sizes': (20, 20)}",49,0.0,0.04642780519201888,0.0,0.0,0.0,0.0,0.08379888268156427,0.2978686863482577,0.0,0.0,0.009256605611457499,0.0004008104477371118,0.03347129655152418,0.11590796399246778
258,0.07310118675231933,0.0012092113494873047,0.0,0.0,1e-05,"(20, 20)",8,"{'gmm__n_components': 8, 'NN__alpha': 1e-05, 'NN__hidden_layer_sizes': (20, 20)}",55,0.0,0.0,0.0,0.0,0.0,0.0,0.0,0.0,0.0,0.0,0.015563883119869951,0.0005151843282317116,0.0,0.0
259,0.07799901962280273,0.0011935710906982421,0.0,0.0,1e-05,"(20, 20)",9,"{'gmm__n_components': 9, 'NN__alpha': 1e-05, 'NN__hidden_layer_sizes': (20, 20)}",55,0.0,0.0,0.0,0.0,0.0,0.0,0.0,0.0,0.0,0.0,0.014180446402707091,0.000396242107179362,0.0,0.0
260,0.07520675659179688,0.0013931751251220702,0.0,0.0,1e-05,"(20, 20)",10,"{'gmm__n_components': 10, 'NN__alpha': 1e-05, 'NN__hidden_layer_sizes': (20, 20)}",55,0.0,0.0,0.0,0.0,0.0,0.0,0.0,0.0,0.0,0.0,0.01738796886425746,0.00048464539467137443,0.0,0.0
261,0.06977458000183105,0.0018956184387207032,0.0,0.0,1e-05,"(20, 20)",11,"{'gmm__n_components': 11, 'NN__alpha': 1e-05, 'NN__hidden_layer_sizes': (20, 20)}",55,0.0,0.0,0.0,0.0,0.0,0.0,0.0,0.0,0.0,0.0,0.012372165386241411,0.000659381991459544,0.0,0.0
262,0.06879224777221679,0.000997447967529297,0.0,0.0,1e-05,"(20, 20)",12,"{'gmm__n_components': 12, 'NN__alpha': 1e-05, 'NN__hidden_layer_sizes': (20, 20)}",55,0.0,0.0,0.0,0.0,0.0,0.0,0.0,0.0,0.0,0.0,0.006710543293322753,1.1680077279964342e-07,0.0,0.0
263,0.09177875518798828,0.0017008781433105469,0.0,0.0,1e-05,"(20, 20)",13,"{'gmm__n_components': 13, 'NN__alpha': 1e-05, 'NN__hidden_layer_sizes': (20, 20)}",55,0.0,0.0,0.0,0.0,0.0,0.0,0.0,0.0,0.0,0.0,0.013483745271662823,0.0007450653152112542,0.0,0.0
264,0.08935465812683105,0.0011967658996582032,0.0,0.0,1e-05,"(20, 20)",14,"{'gmm__n_components': 14, 'NN__alpha': 1e-05, 'NN__hidden_layer_sizes': (20, 20)}",55,0.0,0.0,0.0,0.0,0.0,0.0,0.0,0.0,0.0,0.0,0.02464278611628403,0.0003989221660422917,0.0,0.0
265,0.10153350830078126,0.0012997627258300782,0.0,0.0,1e-05,"(20, 20)",15,"{'gmm__n_components': 15, 'NN__alpha': 1e-05, 'NN__hidden_layer_sizes': (20, 20)}",55,0.0,0.0,0.0,0.0,0.0,0.0,0.0,0.0,0.0,0.0,0.038040646414034575,0.0004006014395580706,0.0,0.0
266,0.02558584213256836,0.0008997917175292969,0.0,0.0,1e-05,"(20, 5)",2,"{'gmm__n_components': 2, 'NN__alpha': 1e-05, 'NN__hidden_layer_sizes': (20, 5)}",55,0.0,0.0,0.0,0.0,0.0,0.0,0.0,0.0,0.0,0.0,0.0027806314702621066,0.0001917113698580046,0.0,0.0
267,0.03157010078430176,0.0011967658996582032,0.0,0.0,1e-05,"(20, 5)",3,"{'gmm__n_components': 3, 'NN__alpha': 1e-05, 'NN__hidden_layer_sizes': (20, 5)}",55,0.0,0.0,0.0,0.0,0.0,0.0,0.0,0.0,0.0,0.0,0.003135397649830596,0.00039916062722445425,0.0,0.0
268,0.03587784767150879,0.000995492935180664,0.6666666666666662,0.6666666666666641,1e-05,"(20, 5)",4,"{'gmm__n_components': 4, 'NN__alpha': 1e-05, 'NN__hidden_layer_sizes': (20, 5)}",1,0.6666666666666664,0.6666666666666631,0.6666666666666669,0.6666666666666613,0.6666666666666657,0.666666666666666,0.666666666666666,0.666666666666666,0.6666666666666656,0.6666666666666644,0.004388059931257651,3.9855143917020535e-06,4.576363012879029e-16,1.785354613279572e-15
269,0.03677816390991211,0.0009973526000976562,0.6666666666666662,0.6666666666666641,1e-05,"(20, 5)",5,"{'gmm__n_components': 5, 'NN__alpha': 1e-05, 'NN__hidden_layer_sizes': (20, 5)}",1,0.6666666666666664,0.6666666666666631,0.6666666666666669,0.6666666666666613,0.6666666666666657,0.666666666666666,0.666666666666666,0.666666666666666,0.6666666666666656,0.6666666666666644,0.0017226641535801517,3.504023183989303e-07,4.576363012879029e-16,1.785354613279572e-15
270,0.04317312240600586,0.0010999679565429688,0.6666666666666662,0.6666666666666641,1e-05,"(20, 5)",6,"{'gmm__n_components': 6, 'NN__alpha': 1e-05, 'NN__hidden_layer_sizes': (20, 5)}",1,0.6666666666666664,0.6666666666666631,0.6666666666666669,0.6666666666666613,0.6666666666666657,0.666666666666666,0.666666666666666,0.666666666666666,0.6666666666666656,0.6666666666666644,0.00695901868057482,0.00048534716429141144,4.576363012879029e-16,1.785354613279572e-15
271,0.05256648063659668,0.0009974002838134765,0.0,0.0,1e-05,"(20, 5)",7,"{'gmm__n_components': 7, 'NN__alpha': 1e-05, 'NN__hidden_layer_sizes': (20, 5)}",55,0.0,0.0,0.0,0.0,0.0,0.0,0.0,0.0,0.0,0.0,0.00894603242401883,3.2340669551493016e-07,0.0,0.0
272,0.06172752380371094,0.001196575164794922,0.6666666666666662,0.6666666666666641,1e-05,"(20, 5)",8,"{'gmm__n_components': 8, 'NN__alpha': 1e-05, 'NN__hidden_layer_sizes': (20, 5)}",1,0.6666666666666664,0.6666666666666631,0.6666666666666669,0.6666666666666613,0.6666666666666657,0.666666666666666,0.666666666666666,0.666666666666666,0.6666666666666656,0.6666666666666644,0.019828323630133985,0.00039889824938326134,4.576363012879029e-16,1.785354613279572e-15
273,0.060861063003540036,0.0011966705322265625,0.0,0.0,1e-05,"(20, 5)",9,"{'gmm__n_components': 9, 'NN__alpha': 1e-05, 'NN__hidden_layer_sizes': (20, 5)}",55,0.0,0.0,0.0,0.0,0.0,0.0,0.0,0.0,0.0,0.0,0.012319640836386673,0.0003989697215063215,0.0,0.0
274,0.07311830520629883,0.0011935234069824219,0.6666666666666662,0.6666666666666641,1e-05,"(20, 5)",10,"{'gmm__n_components': 10, 'NN__alpha': 1e-05, 'NN__hidden_layer_sizes': (20, 5)}",1,0.6666666666666664,0.6666666666666631,0.6666666666666669,0.6666666666666613,0.6666666666666657,0.666666666666666,0.666666666666666,0.666666666666666,0.6666666666666656,0.6666666666666644,0.017439971345810552,0.0003967388603347287,4.576363012879029e-16,1.785354613279572e-15
275,0.06436390876770019,0.0013950824737548827,0.0,0.0,1e-05,"(20, 5)",11,"{'gmm__n_components': 11, 'NN__alpha': 1e-05, 'NN__hidden_layer_sizes': (20, 5)}",55,0.0,0.0,0.0,0.0,0.0,0.0,0.0,0.0,0.0,0.0,0.012084533682799999,0.0004899103167019035,0.0,0.0
276,0.07108349800109863,0.001196575164794922,0.0,0.0,1e-05,"(20, 5)",12,"{'gmm__n_components': 12, 'NN__alpha': 1e-05, 'NN__hidden_layer_sizes': (20, 5)}",55,0.0,0.0,0.0,0.0,0.0,0.0,0.0,0.0,0.0,0.0,0.008788489934499155,0.0003991365824383162,0.0,0.0
277,0.09459986686706542,0.001299428939819336,0.0,0.0,1e-05,"(20, 5)",13,"{'gmm__n_components': 13, 'NN__alpha': 1e-05, 'NN__hidden_layer_sizes': (20, 5)}",55,0.0,0.0,0.0,0.0,0.0,0.0,0.0,0.0,0.0,0.0,0.01468626478516064,0.0004001876240389425,0.0,0.0
278,0.09555401802062988,0.0015956401824951173,0.0,0.0,1e-05,"(20, 5)",14,"{'gmm__n_components': 14, 'NN__alpha': 1e-05, 'NN__hidden_layer_sizes': (20, 5)}",55,0.0,0.0,0.0,0.0,0.0,0.0,0.0,0.0,0.0,0.0,0.02652612599325,0.0007980585294141212,0.0,0.0
279,0.09201221466064453,0.0009974002838134765,0.6666666666666662,0.6666666666666641,1e-05,"(20, 5)",15,"{'gmm__n_components': 15, 'NN__alpha': 1e-05, 'NN__hidden_layer_sizes': (20, 5)}",1,0.6666666666666664,0.6666666666666631,0.6666666666666669,0.6666666666666613,0.6666666666666657,0.666666666666666,0.666666666666666,0.666666666666666,0.6666666666666656,0.6666666666666644,0.032039697119398816,4.422005889652111e-07,4.576363012879029e-16,1.785354613279572e-15
280,0.04358997344970703,0.000997447967529297,0.0,0.0,1e-06,"(200,)",2,"{'gmm__n_components': 2, 'NN__alpha': 1e-06, 'NN__hidden_layer_sizes': (200,)}",55,0.0,0.0,0.0,0.0,0.0,0.0,0.0,0.0,0.0,0.0,0.006010645433699543,3.568322550558034e-07,0.0,0.0
281,0.048669624328613284,0.0011967658996582032,0.0,0.0,1e-06,"(200,)",3,"{'gmm__n_components': 3, 'NN__alpha': 1e-06, 'NN__hidden_layer_sizes': (200,)}",55,0.0,0.0,0.0,0.0,0.0,0.0,0.0,0.0,0.0,0.0,0.0019341362832563725,0.0003989220520482711,0.0,0.0
282,0.052859258651733396,0.0009973526000976562,0.0,0.0,1e-06,"(200,)",4,"{'gmm__n_components': 4, 'NN__alpha': 1e-06, 'NN__hidden_layer_sizes': (200,)}",55,0.0,0.0,0.0,0.0,0.0,0.0,0.0,0.0,0.0,0.0,0.005239438724853704,2.78041453115716e-07,0.0,0.0
283,0.05445528030395508,0.0013957023620605469,0.0,0.0,1e-06,"(200,)",5,"{'gmm__n_components': 5, 'NN__alpha': 1e-06, 'NN__hidden_layer_sizes': (200,)}",55,0.0,0.0,0.0,0.0,0.0,0.0,0.0,0.0,0.0,0.0,0.005448405243148465,0.0004886166437687896,0.0,0.0
284,0.06482715606689453,0.0009967327117919923,0.0,0.0,1e-06,"(200,)",6,"{'gmm__n_components': 6, 'NN__alpha': 1e-06, 'NN__hidden_layer_sizes': (200,)}",55,0.0,0.0,0.0,0.0,0.0,0.0,0.0,0.0,0.0,0.0,0.00759601809195699,7.325311420315369e-07,0.0,0.0
285,0.06841707229614258,0.001396036148071289,0.0,0.0,1e-06,"(200,)",7,"{'gmm__n_components': 7, 'NN__alpha': 1e-06, 'NN__hidden_layer_sizes': (200,)}",55,0.0,0.0,0.0,0.0,0.0,0.0,0.0,0.0,0.0,0.0,0.009154696058902153,0.0004883440543553797,0.0,0.0
286,0.07719378471374512,0.0015957355499267578,0.0,0.0,1e-06,"(200,)",8,"{'gmm__n_components': 8, 'NN__alpha': 1e-06, 'NN__hidden_layer_sizes': (200,)}",55,0.0,0.0,0.0,0.0,0.0,0.0,0.0,0.0,0.0,0.0,0.01760153016387654,0.0004884220223977446,0.0,0.0
287,0.07659502029418945,0.0013963699340820313,0.0,0.0,1e-06,"(200,)",9,"{'gmm__n_components': 9, 'NN__alpha': 1e-06, 'NN__hidden_layer_sizes': (200,)}",55,0.0,0.0,0.0,0.0,0.0,0.0,0.0,0.0,0.0,0.0,0.011325838152468333,0.0004887531419829501,0.0,0.0
288,0.08699870109558105,0.0009945392608642577,0.0,0.0,1e-06,"(200,)",10,"{'gmm__n_components': 10, 'NN__alpha': 1e-06, 'NN__hidden_layer_sizes': (200,)}",55,0.0,0.0,0.0,0.0,0.0,0.0,0.0,0.0,0.0,0.0,0.015506249700112693,5.570225466799656e-06,0.0,0.0
289,0.07978601455688476,0.0015955448150634765,0.0,0.0,1e-06,"(200,)",11,"{'gmm__n_components': 11, 'NN__alpha': 1e-06, 'NN__hidden_layer_sizes': (200,)}",55,0.0,0.0,0.0,0.0,0.0,0.0,0.0,0.0,0.0,0.0,0.012802876962299292,0.00048816890560348893,0.0,0.0
290,0.08540010452270508,0.001595306396484375,0.0,0.0,1e-06,"(200,)",12,"{'gmm__n_components': 12, 'NN__alpha': 1e-06, 'NN__hidden_layer_sizes': (200,)}",55,0.0,0.0,0.0,0.0,0.0,0.0,0.0,0.0,0.0,0.0,0.005731550058297641,0.0004882662647898286,0.0,0.0
291,0.1153951644897461,0.0013959407806396484,0.0,0.0,1e-06,"(200,)",13,"{'gmm__n_components': 13, 'NN__alpha': 1e-06, 'NN__hidden_layer_sizes': (200,)}",55,0.0,0.0,0.0,0.0,0.0,0.0,0.0,0.0,0.0,0.0,0.01730518437570775,0.0004884219758450349,0.0,0.0
292,0.11432271003723145,0.001395845413208008,0.0,0.0,1e-06,"(200,)",14,"{'gmm__n_components': 14, 'NN__alpha': 1e-06, 'NN__hidden_layer_sizes': (200,)}",55,0.0,0.0,0.0,0.0,0.0,0.0,0.0,0.0,0.0,0.0,0.023357397211973725,0.0004886945031838398,0.0,0.0
293,0.11636896133422851,0.0017948150634765625,0.0,0.0,1e-06,"(200,)",15,"{'gmm__n_components': 15, 'NN__alpha': 1e-06, 'NN__hidden_layer_sizes': (200,)}",55,0.0,0.0,0.0,0.0,0.0,0.0,0.0,0.0,0.0,0.0,0.03697085941438296,0.0003992327187223279,0.0,0.0
294,0.034148788452148436,0.0011940479278564453,0.0,0.0,1e-06,"(100,)",2,"{'gmm__n_components': 2, 'NN__alpha': 1e-06, 'NN__hidden_layer_sizes': (100,)}",55,0.0,0.0,0.0,0.0,0.0,0.0,0.0,0.0,0.0,0.0,0.005414240357000635,0.00039539365911036266,0.0,0.0
295,0.04358630180358887,0.0009974956512451172,0.0,0.0,1e-06,"(100,)",3,"{'gmm__n_components': 3, 'NN__alpha': 1e-06, 'NN__hidden_layer_sizes': (100,)}",55,0.0,0.0,0.0,0.0,0.0,0.0,0.0,0.0,0.0,0.0,0.0033793639826678783,5.519789172549356e-07,0.0,0.0
296,0.04310383796691895,0.0009976863861083985,0.0,0.0,1e-06,"(100,)",4,"{'gmm__n_components': 4, 'NN__alpha': 1e-06, 'NN__hidden_layer_sizes': (100,)}",55,0.0,0.0,0.0,0.0,0.0,0.0,0.0,0.0,0.0,0.0,0.008229674200338422,5.352483825837052e-07,0.0,0.0
297,0.046435213088989256,0.000997304916381836,0.0,0.0,1e-06,"(100,)",5,"{'gmm__n_components': 5, 'NN__alpha': 1e-06, 'NN__hidden_layer_sizes': (100,)}",55,0.0,0.0,0.0,0.0,0.0,0.0,0.0,0.0,0.0,0.0,0.004637621708547997,3.015782985847835e-07,0.0,0.0
298,0.04694786071777344,0.001194906234741211,0.0,0.0,1e-06,"(100,)",6,"{'gmm__n_components': 6, 'NN__alpha': 1e-06, 'NN__hidden_layer_sizes': (100,)}",55,0.0,0.0,0.0,0.0,0.0,0.0,0.0,0.0,0.0,0.0,0.003862523596096875,0.0004001082431405471,0.0,0.0
299,0.0570559024810791,0.0013964653015136718,0.0,0.0,1e-06,"(100,)",7,"{'gmm__n_components': 7, 'NN__alpha': 1e-06, 'NN__hidden_layer_sizes': (100,)}",55,0.0,0.0,0.0,0.0,0.0,0.0,0.0,0.0,0.0,0.0,0.007808065138513296,0.0004890644555423029,0.0,0.0
300,0.07144484519958497,0.0011970996856689453,0.0,0.0,1e-06,"(100,)",8,"{'gmm__n_components': 8, 'NN__alpha': 1e-06, 'NN__hidden_layer_sizes': (100,)}",55,0.0,0.0,0.0,0.0,0.0,0.0,0.0,0.0,0.0,0.0,0.016704240606791824,0.0003989935313048969,0.0,0.0
301,0.06610779762268067,0.0015944480895996095,0.0,0.0,1e-06,"(100,)",9,"{'gmm__n_components': 9, 'NN__alpha': 1e-06, 'NN__hidden_layer_sizes': (100,)}",55,0.0,0.0,0.0,0.0,0.0,0.0,0.0,0.0,0.0,0.0,0.013219994345486985,0.0004878632471769447,0.0,0.0
302,0.08166437149047852,0.0009974956512451172,0.017975923779119735,0.017665666646258075,1e-06,"(100,)",10,"{'gmm__n_components': 10, 'NN__alpha': 1e-06, 'NN__hidden_layer_sizes': (100,)}",43,0.0,0.0,0.08965062623599206,0.08832833323129037,0.0,0.0,0.0,0.0,0.0,0.0,0.01822718119519155,3.1629798797182086e-07,0.035894553740864685,0.03533133329251615
303,0.07167520523071289,0.0009971141815185546,0.0,0.0,1e-06,"(100,)",11,"{'gmm__n_components': 11, 'NN__alpha': 1e-06, 'NN__hidden_layer_sizes': (100,)}",55,0.0,0.0,0.0,0.0,0.0,0.0,0.0,0.0,0.0,0.0,0.011046533936284422,2.78041453115716e-07,0.0,0.0
304,0.07561397552490234,0.0015956878662109375,0.0,0.0,1e-06,"(100,)",12,"{'gmm__n_components': 12, 'NN__alpha': 1e-06, 'NN__hidden_layer_sizes': (100,)}",55,0.0,0.0,0.0,0.0,0.0,0.0,0.0,0.0,0.0,0.0,0.008888292643771415,0.0004883829724256474,0.0,0.0
305,0.09124093055725098,0.001394367218017578,0.0,0.0,1e-06,"(100,)",13,"{'gmm__n_components': 13, 'NN__alpha': 1e-06, 'NN__hidden_layer_sizes': (100,)}",55,0.0,0.0,0.0,0.0,0.0,0.0,0.0,0.0,0.0,0.0,0.01564331960050513,0.0004902032235854575,0.0,0.0
306,0.10047426223754882,0.0011969566345214843,0.07711955987818055,0.05638668130804588,1e-06,"(100,)",14,"{'gmm__n_components': 14, 'NN__alpha': 1e-06, 'NN__hidden_layer_sizes': (100,)}",37,0.0,0.0,0.3846153846153845,0.2819334065402294,0.0,0.0,0.0,0.0,0.0,0.0,0.025152063875853194,0.000398826798658353,0.1539933202061418,0.11277336261609176
307,0.10085086822509766,0.001389932632446289,0.0,0.0,1e-06,"(100,)",15,"{'gmm__n_components': 15, 'NN__alpha': 1e-06, 'NN__hidden_layer_sizes': (100,)}",55,0.0,0.0,0.0,0.0,0.0,0.0,0.0,0.0,0.0,0.0,0.03404127224288449,0.0004903937719349418,0.0,0.0
308,0.02819366455078125,0.0011948585510253907,0.0,0.0,1e-06,"(20, 20)",2,"{'gmm__n_components': 2, 'NN__alpha': 1e-06, 'NN__hidden_layer_sizes': (20, 20)}",55,0.0,0.0,0.0,0.0,0.0,0.0,0.0,0.0,0.0,0.0,0.0035496393793255977,0.00039486915301378275,0.0,0.0
309,0.03552083969116211,0.0011967182159423827,0.0,0.0,1e-06,"(20, 20)",3,"{'gmm__n_components': 3, 'NN__alpha': 1e-06, 'NN__hidden_layer_sizes': (20, 20)}",55,0.0,0.0,0.0,0.0,0.0,0.0,0.0,0.0,0.0,0.0,0.0036628552368942304,0.00039906528833894944,0.0,0.0
310,0.037699413299560544,0.0011971473693847656,0.0,0.0,1e-06,"(20, 20)",4,"{'gmm__n_components': 4, 'NN__alpha': 1e-06, 'NN__hidden_layer_sizes': (20, 20)}",55,0.0,0.0,0.0,0.0,0.0,0.0,0.0,0.0,0.0,0.0,0.003534409202844341,0.0003988505656823478,0.0,0.0
311,0.03790273666381836,0.0011966228485107422,0.0,0.0,1e-06,"(20, 20)",5,"{'gmm__n_components': 5, 'NN__alpha': 1e-06, 'NN__hidden_layer_sizes': (20, 20)}",55,0.0,0.0,0.0,0.0,0.0,0.0,0.0,0.0,0.0,0.0,0.0014135638269533919,0.0003989936167850989,0.0,0.0
312,0.0449213981628418,0.001197052001953125,0.0,0.0,1e-06,"(20, 20)",6,"{'gmm__n_components': 6, 'NN__alpha': 1e-06, 'NN__hidden_layer_sizes': (20, 20)}",55,0.0,0.0,0.0,0.0,0.0,0.0,0.0,0.0,0.0,0.0,0.0031633992127335234,0.00039854075355822744,0.0,0.0
313,0.05513882637023926,0.0009975910186767578,0.01669556283310859,0.06885929830805532,1e-06,"(20, 20)",7,"{'gmm__n_components': 7, 'NN__alpha': 1e-06, 'NN__hidden_layer_sizes': (20, 20)}",49,0.0,0.04642780519201888,0.0,0.0,0.0,0.0,0.08379888268156427,0.2978686863482577,0.0,0.0,0.008515244098790148,1.784161275279017e-07,0.03347129655152418,0.11590796399246778
314,0.07470636367797852,0.0009973526000976562,0.0,0.0,1e-06,"(20, 20)",8,"{'gmm__n_components': 8, 'NN__alpha': 1e-06, 'NN__hidden_layer_sizes': (20, 20)}",55,0.0,0.0,0.0,0.0,0.0,0.0,0.0,0.0,0.0,0.0,0.016823398712413895,9.536743164062499e-08,0.0,0.0
315,0.07525472640991211,0.0015960216522216796,0.0,0.0,1e-06,"(20, 20)",9,"{'gmm__n_components': 9, 'NN__alpha': 1e-06, 'NN__hidden_layer_sizes': (20, 20)}",55,0.0,0.0,0.0,0.0,0.0,0.0,0.0,0.0,0.0,0.0,0.013718268818625064,0.0004886555308230838,0.0,0.0
316,0.07294840812683105,0.0009975433349609375,0.0,0.0,1e-06,"(20, 20)",10,"{'gmm__n_components': 10, 'NN__alpha': 1e-06, 'NN__hidden_layer_sizes': (20, 20)}",55,0.0,0.0,0.0,0.0,0.0,0.0,0.0,0.0,0.0,0.0,0.015527275829931141,1.5078914929239175e-07,0.0,0.0
317,0.07146000862121582,0.0011967182159423827,0.0,0.0,1e-06,"(20, 20)",11,"{'gmm__n_components': 11, 'NN__alpha': 1e-06, 'NN__hidden_layer_sizes': (20, 20)}",55,0.0,0.0,0.0,0.0,0.0,0.0,0.0,0.0,0.0,0.0,0.011981284671223823,0.000398826713142397,0.0,0.0
318,0.06905269622802734,0.0014987945556640624,0.0,0.0,1e-06,"(20, 20)",12,"{'gmm__n_components': 12, 'NN__alpha': 1e-06, 'NN__hidden_layer_sizes': (20, 20)}",55,0.0,0.0,0.0,0.0,0.0,0.0,0.0,0.0,0.0,0.0,0.00525598059961296,0.00044615109128477563,0.0,0.0
319,0.08984270095825195,0.0009974002838134765,0.0,0.0,1e-06,"(20, 20)",13,"{'gmm__n_components': 13, 'NN__alpha': 1e-06, 'NN__hidden_layer_sizes': (20, 20)}",55,0.0,0.0,0.0,0.0,0.0,0.0,0.0,0.0,0.0,0.0,0.013626616784226124,4.90933901833868e-07,0.0,0.0
320,0.08901863098144532,0.001595783233642578,0.0,0.0,1e-06,"(20, 20)",14,"{'gmm__n_components': 14, 'NN__alpha': 1e-06, 'NN__hidden_layer_sizes': (20, 20)}",55,0.0,0.0,0.0,0.0,0.0,0.0,0.0,0.0,0.0,0.0,0.023959959540409814,0.0004887532117646987,0.0,0.0
321,0.09696955680847168,0.0015961170196533204,0.0,0.0,1e-06,"(20, 20)",15,"{'gmm__n_components': 15, 'NN__alpha': 1e-06, 'NN__hidden_layer_sizes': (20, 20)}",55,0.0,0.0,0.0,0.0,0.0,0.0,0.0,0.0,0.0,0.0,0.034324953719558,0.0004883442638759648,0.0,0.0
322,0.026927852630615236,0.0009973526000976562,0.0,0.0,1e-06,"(20, 5)",2,"{'gmm__n_components': 2, 'NN__alpha': 1e-06, 'NN__hidden_layer_sizes': (20, 5)}",55,0.0,0.0,0.0,0.0,0.0,0.0,0.0,0.0,0.0,0.0,0.0028210403081531943,2.3360154559928684e-07,0.0,0.0
323,0.03151602745056152,0.0009975910186767578,0.0,0.0,1e-06,"(20, 5)",3,"{'gmm__n_components': 3, 'NN__alpha': 1e-06, 'NN__hidden_layer_sizes': (20, 5)}",55,0.0,0.0,0.0,0.0,0.0,0.0,0.0,0.0,0.0,0.0,0.002720180260066822,3.504023183989303e-07,0.0,0.0
324,0.03951878547668457,0.001396036148071289,0.6666666666666662,0.6666666666666641,1e-06,"(20, 5)",4,"{'gmm__n_components': 4, 'NN__alpha': 1e-06, 'NN__hidden_layer_sizes': (20, 5)}",1,0.6666666666666664,0.6666666666666631,0.6666666666666669,0.6666666666666613,0.6666666666666657,0.666666666666666,0.666666666666666,0.666666666666666,0.6666666666666656,0.6666666666666644,0.008126685283036554,0.0004884415182825454,4.576363012879029e-16,1.785354613279572e-15
325,0.03750500679016113,0.000997161865234375,0.6666666666666662,0.6666666666666641,1e-06,"(20, 5)",5,"{'gmm__n_components': 5, 'NN__alpha': 1e-06, 'NN__hidden_layer_sizes': (20, 5)}",1,0.6666666666666664,0.6666666666666631,0.6666666666666669,0.6666666666666613,0.6666666666666657,0.666666666666666,0.666666666666666,0.666666666666666,0.6666666666666656,0.6666666666666644,0.0031355160192006793,9.488939639154625e-07,4.576363012879029e-16,1.785354613279572e-15
326,0.0425107479095459,0.0009974002838134765,0.6666666666666662,0.6666666666666641,1e-06,"(20, 5)",6,"{'gmm__n_components': 6, 'NN__alpha': 1e-06, 'NN__hidden_layer_sizes': (20, 5)}",1,0.6666666666666664,0.6666666666666631,0.6666666666666669,0.6666666666666613,0.6666666666666657,0.666666666666666,0.666666666666666,0.666666666666666,0.6666666666666656,0.6666666666666644,0.0026548742517604317,2.431401974483864e-07,4.576363012879029e-16,1.785354613279572e-15
327,0.051885557174682614,0.0012997150421142577,0.0,0.0,1e-06,"(20, 5)",7,"{'gmm__n_components': 7, 'NN__alpha': 1e-06, 'NN__hidden_layer_sizes': (20, 5)}",55,0.0,0.0,0.0,0.0,0.0,0.0,0.0,0.0,0.0,0.0,0.010061389059492276,0.00040052636996687713,0.0,0.0
328,0.05805549621582031,0.0011953353881835938,0.6666666666666662,0.6666666666666641,1e-06,"(20, 5)",8,"{'gmm__n_components': 8, 'NN__alpha': 1e-06, 'NN__hidden_layer_sizes': (20, 5)}",1,0.6666666666666664,0.6666666666666631,0.6666666666666669,0.6666666666666613,0.6666666666666657,0.666666666666666,0.666666666666666,0.666666666666666,0.6666666666666656,0.6666666666666644,0.017312269670023778,0.0003997667086007083,4.576363012879029e-16,1.785354613279572e-15
329,0.05925631523132324,0.0011967658996582032,0.0,0.0,1e-06,"(20, 5)",9,"{'gmm__n_components': 9, 'NN__alpha': 1e-06, 'NN__hidden_layer_sizes': (20, 5)}",55,0.0,0.0,0.0,0.0,0.0,0.0,0.0,0.0,0.0,0.0,0.011494634405246841,0.00039904130048602304,0.0,0.0
330,0.06961331367492676,0.000997638702392578,0.6666666666666662,0.6666666666666641,1e-06,"(20, 5)",10,"{'gmm__n_components': 10, 'NN__alpha': 1e-06, 'NN__hidden_layer_sizes': (20, 5)}",1,0.6666666666666664,0.6666666666666631,0.6666666666666669,0.6666666666666613,0.6666666666666657,0.666666666666666,0.666666666666666,0.666666666666666,0.6666666666666656,0.6666666666666644,0.01571114755419557,2.431401974483864e-07,4.576363012879029e-16,1.785354613279572e-15
331,0.05989232063293457,0.0009975910186767578,0.0,0.0,1e-06,"(20, 5)",11,"{'gmm__n_components': 11, 'NN__alpha': 1e-06, 'NN__hidden_layer_sizes': (20, 5)}",55,0.0,0.0,0.0,0.0,0.0,0.0,0.0,0.0,0.0,0.0,0.012548274868419697,5.091227651611e-07,0.0,0.0
332,0.06741881370544434,0.001396512985229492,0.0,0.0,1e-06,"(20, 5)",12,"{'gmm__n_components': 12, 'NN__alpha': 1e-06, 'NN__hidden_layer_sizes': (20, 5)}",55,0.0,0.0,0.0,0.0,0.0,0.0,0.0,0.0,0.0,0.0,0.006603249984963142,0.0004888310866386469,0.0,0.0
333,0.08878231048583984,0.0011968135833740235,0.0,0.0,1e-06,"(20, 5)",13,"{'gmm__n_components': 13, 'NN__alpha': 1e-06, 'NN__hidden_layer_sizes': (20, 5)}",55,0.0,0.0,0.0,0.0,0.0,0.0,0.0,0.0,0.0,0.0,0.013190441299921982,0.00039937500099403747,0.0,0.0
334,0.0842017650604248,0.0013951301574707032,0.0,0.0,1e-06,"(20, 5)",14,"{'gmm__n_components': 14, 'NN__alpha': 1e-06, 'NN__hidden_layer_sizes': (20, 5)}",55,0.0,0.0,0.0,0.0,0.0,0.0,0.0,0.0,0.0,0.0,0.022926192926570502,0.00048714237183856475,0.0,0.0
335,0.09041638374328613,0.0011972904205322266,0.6666666666666662,0.6666666666666641,1e-06,"(20, 5)",15,"{'gmm__n_components': 15, 'NN__alpha': 1e-06, 'NN__hidden_layer_sizes': (20, 5)}",1,0.6666666666666664,0.6666666666666631,0.6666666666666669,0.6666666666666613,0.6666666666666657,0.666666666666666,0.666666666666666,0.666666666666666,0.6666666666666656,0.6666666666666644,0.03418917694261436,0.00039877941430788307,4.576363012879029e-16,1.785354613279572e-15
